entity_id,n_value,m_precision_qubits,hardware_profile,qdk_epsilon,scenario_id,output_contract,apples_to_apples_level,base_hhl_runtime_seconds,hhl_repetitions,adjusted_hhl_seconds,readout_note,classical_benchmark_id,classical_algorithm_family,classical_solver,classical_target_kappa,classical_achieved_kappa,classical_tolerance,classical_median_seconds,classical_median_relative_residual,classical_median_iterations,ratio_adjusted_hhl_over_classical,comparison_status
hhl_s1_fixed_m,20,4,maj_e6_floquet,0.0001,state_preparation_only,quantum_state_proportional_to_solution,not_comparable_to_classical_full_vector,0.0895935,1,0.0895935,Raw QDK estimate prepares a quantum state; it does not emit x as classical data.,dense_cholesky_n20_k100,dense_direct,scipy.linalg.solve_assume_pos,100,99.99999999999999,0.0001,0.00018780000391416252,1.3720599011668234e-15,,477.06868015269254,not_apples_to_apples_against_full_vector_classical_output
hhl_s1_fixed_m,20,4,maj_e6_floquet,0.0001,state_preparation_only,quantum_state_proportional_to_solution,not_comparable_to_classical_full_vector,0.0895935,1,0.0895935,Raw QDK estimate prepares a quantum state; it does not emit x as classical data.,sparse_cg_n20_k100_tol1e-04,sparse_iterative,scipy.sparse.linalg.cg,100,99.99999999999999,0.0001,0.0008537999965483323,2.0691753698318214e-15,20.0,104.93499691051856,not_apples_to_apples_against_full_vector_classical_output
hhl_s1_fixed_m,20,4,maj_e6_floquet,0.0001,state_preparation_only,quantum_state_proportional_to_solution,not_comparable_to_classical_full_vector,0.0895935,1,0.0895935,Raw QDK estimate prepares a quantum state; it does not emit x as classical data.,dense_cholesky_n20_k1000,dense_direct,scipy.linalg.solve_assume_pos,1000,178.06427461085983,0.0001,0.00016959999629762024,2.3972347012356682e-15,,528.2635728527852,not_apples_to_apples_against_full_vector_classical_output
hhl_s1_fixed_m,20,4,maj_e6_floquet,0.0001,state_preparation_only,quantum_state_proportional_to_solution,not_comparable_to_classical_full_vector,0.0895935,1,0.0895935,Raw QDK estimate prepares a quantum state; it does not emit x as classical data.,sparse_cg_n20_k1000_tol1e-04,sparse_iterative,scipy.sparse.linalg.cg,1000,178.06427461085983,0.0001,0.0011489000025903806,1.5782132456760722e-15,20.0,77.98198259030114,not_apples_to_apples_against_full_vector_classical_output
hhl_s1_fixed_m,20,4,maj_e6_floquet,0.0001,single_scalar_observable_sampling,one bounded scalar observable to additive error about 0.01,conditionally_comparable_only_if_classical_task_is_same_scalar_observable,0.0895935,10000,895.9350000000001,Uses plain 1/error^2 measurement sampling for a bounded observable; amplitude-estimation variants are not modeled.,dense_cholesky_n20_k100,dense_direct,scipy.linalg.solve_assume_pos,100,99.99999999999999,0.0001,0.00018780000391416252,1.3720599011668234e-15,,4770686.8015269255,apples_to_apples_only_for_same_scalar_observable_task
hhl_s1_fixed_m,20,4,maj_e6_floquet,0.0001,single_scalar_observable_sampling,one bounded scalar observable to additive error about 0.01,conditionally_comparable_only_if_classical_task_is_same_scalar_observable,0.0895935,10000,895.9350000000001,Uses plain 1/error^2 measurement sampling for a bounded observable; amplitude-estimation variants are not modeled.,sparse_cg_n20_k100_tol1e-04,sparse_iterative,scipy.sparse.linalg.cg,100,99.99999999999999,0.0001,0.0008537999965483323,2.0691753698318214e-15,20.0,1049349.9691051857,apples_to_apples_only_for_same_scalar_observable_task
hhl_s1_fixed_m,20,4,maj_e6_floquet,0.0001,single_scalar_observable_sampling,one bounded scalar observable to additive error about 0.01,conditionally_comparable_only_if_classical_task_is_same_scalar_observable,0.0895935,10000,895.9350000000001,Uses plain 1/error^2 measurement sampling for a bounded observable; amplitude-estimation variants are not modeled.,dense_cholesky_n20_k1000,dense_direct,scipy.linalg.solve_assume_pos,1000,178.06427461085983,0.0001,0.00016959999629762024,2.3972347012356682e-15,,5282635.728527851,apples_to_apples_only_for_same_scalar_observable_task
hhl_s1_fixed_m,20,4,maj_e6_floquet,0.0001,single_scalar_observable_sampling,one bounded scalar observable to additive error about 0.01,conditionally_comparable_only_if_classical_task_is_same_scalar_observable,0.0895935,10000,895.9350000000001,Uses plain 1/error^2 measurement sampling for a bounded observable; amplitude-estimation variants are not modeled.,sparse_cg_n20_k1000_tol1e-04,sparse_iterative,scipy.sparse.linalg.cg,1000,178.06427461085983,0.0001,0.0011489000025903806,1.5782132456760722e-15,20.0,779819.8259030115,apples_to_apples_only_for_same_scalar_observable_task
hhl_s1_fixed_m,20,4,maj_e6_floquet,0.0001,full_vector_readout_lower_bound,full classical solution vector lower-bound readout,lower_bound_not_sufficient_for_vector_accuracy,0.0895935,20,1.79187,At least O(N) state preparations are needed to emit N classical coordinates; signs/amplitudes require more.,dense_cholesky_n20_k100,dense_direct,scipy.linalg.solve_assume_pos,100,99.99999999999999,0.0001,0.00018780000391416252,1.3720599011668234e-15,,9541.373603053851,minimum_readout_charge_added_but_still_not_full_accuracy_tomography
hhl_s1_fixed_m,20,4,maj_e6_floquet,0.0001,full_vector_readout_lower_bound,full classical solution vector lower-bound readout,lower_bound_not_sufficient_for_vector_accuracy,0.0895935,20,1.79187,At least O(N) state preparations are needed to emit N classical coordinates; signs/amplitudes require more.,sparse_cg_n20_k100_tol1e-04,sparse_iterative,scipy.sparse.linalg.cg,100,99.99999999999999,0.0001,0.0008537999965483323,2.0691753698318214e-15,20.0,2098.6999382103713,minimum_readout_charge_added_but_still_not_full_accuracy_tomography
hhl_s1_fixed_m,20,4,maj_e6_floquet,0.0001,full_vector_readout_lower_bound,full classical solution vector lower-bound readout,lower_bound_not_sufficient_for_vector_accuracy,0.0895935,20,1.79187,At least O(N) state preparations are needed to emit N classical coordinates; signs/amplitudes require more.,dense_cholesky_n20_k1000,dense_direct,scipy.linalg.solve_assume_pos,1000,178.06427461085983,0.0001,0.00016959999629762024,2.3972347012356682e-15,,10565.271457055704,minimum_readout_charge_added_but_still_not_full_accuracy_tomography
hhl_s1_fixed_m,20,4,maj_e6_floquet,0.0001,full_vector_readout_lower_bound,full classical solution vector lower-bound readout,lower_bound_not_sufficient_for_vector_accuracy,0.0895935,20,1.79187,At least O(N) state preparations are needed to emit N classical coordinates; signs/amplitudes require more.,sparse_cg_n20_k1000_tol1e-04,sparse_iterative,scipy.sparse.linalg.cg,1000,178.06427461085983,0.0001,0.0011489000025903806,1.5782132456760722e-15,20.0,1559.639651806023,minimum_readout_charge_added_but_still_not_full_accuracy_tomography
hhl_s1_fixed_m,20,4,maj_e6_floquet,0.0001,full_vector_tomography_proxy,full classical solution vector tomography-style proxy at amplitude error about 0.01,rough_proxy_for_full_vector_output,0.0895935,200000,17918.7,Uses N/error^2 repetitions as a simple tomography-scale proxy; constants and algorithmic improvements are not modeled.,dense_cholesky_n20_k100,dense_direct,scipy.linalg.solve_assume_pos,100,99.99999999999999,0.0001,0.00018780000391416252,1.3720599011668234e-15,,95413736.03053851,rough_full_vector_output_proxy_not_a_theorem
hhl_s1_fixed_m,20,4,maj_e6_floquet,0.0001,full_vector_tomography_proxy,full classical solution vector tomography-style proxy at amplitude error about 0.01,rough_proxy_for_full_vector_output,0.0895935,200000,17918.7,Uses N/error^2 repetitions as a simple tomography-scale proxy; constants and algorithmic improvements are not modeled.,sparse_cg_n20_k100_tol1e-04,sparse_iterative,scipy.sparse.linalg.cg,100,99.99999999999999,0.0001,0.0008537999965483323,2.0691753698318214e-15,20.0,20986999.38210371,rough_full_vector_output_proxy_not_a_theorem
hhl_s1_fixed_m,20,4,maj_e6_floquet,0.0001,full_vector_tomography_proxy,full classical solution vector tomography-style proxy at amplitude error about 0.01,rough_proxy_for_full_vector_output,0.0895935,200000,17918.7,Uses N/error^2 repetitions as a simple tomography-scale proxy; constants and algorithmic improvements are not modeled.,dense_cholesky_n20_k1000,dense_direct,scipy.linalg.solve_assume_pos,1000,178.06427461085983,0.0001,0.00016959999629762024,2.3972347012356682e-15,,105652714.57055703,rough_full_vector_output_proxy_not_a_theorem
hhl_s1_fixed_m,20,4,maj_e6_floquet,0.0001,full_vector_tomography_proxy,full classical solution vector tomography-style proxy at amplitude error about 0.01,rough_proxy_for_full_vector_output,0.0895935,200000,17918.7,Uses N/error^2 repetitions as a simple tomography-scale proxy; constants and algorithmic improvements are not modeled.,sparse_cg_n20_k1000_tol1e-04,sparse_iterative,scipy.sparse.linalg.cg,1000,178.06427461085983,0.0001,0.0011489000025903806,1.5782132456760722e-15,20.0,15596396.51806023,rough_full_vector_output_proxy_not_a_theorem
hhl_s1_fixed_m,20,6,maj_e6_floquet,0.0001,state_preparation_only,quantum_state_proportional_to_solution,not_comparable_to_classical_full_vector,0.4284645,1,0.4284645,Raw QDK estimate prepares a quantum state; it does not emit x as classical data.,dense_cholesky_n20_k100,dense_direct,scipy.linalg.solve_assume_pos,100,99.99999999999999,0.0001,0.00018780000391416252,1.3720599011668234e-15,,2281.4935626723295,not_apples_to_apples_against_full_vector_classical_output
hhl_s1_fixed_m,20,6,maj_e6_floquet,0.0001,state_preparation_only,quantum_state_proportional_to_solution,not_comparable_to_classical_full_vector,0.4284645,1,0.4284645,Raw QDK estimate prepares a quantum state; it does not emit x as classical data.,sparse_cg_n20_k100_tol1e-04,sparse_iterative,scipy.sparse.linalg.cg,100,99.99999999999999,0.0001,0.0008537999965483323,2.0691753698318214e-15,20.0,501.8323983745124,not_apples_to_apples_against_full_vector_classical_output
hhl_s1_fixed_m,20,6,maj_e6_floquet,0.0001,state_preparation_only,quantum_state_proportional_to_solution,not_comparable_to_classical_full_vector,0.4284645,1,0.4284645,Raw QDK estimate prepares a quantum state; it does not emit x as classical data.,dense_cholesky_n20_k1000,dense_direct,scipy.linalg.solve_assume_pos,1000,178.06427461085983,0.0001,0.00016959999629762024,2.3972347012356682e-15,,2526.3237579800116,not_apples_to_apples_against_full_vector_classical_output
hhl_s1_fixed_m,20,6,maj_e6_floquet,0.0001,state_preparation_only,quantum_state_proportional_to_solution,not_comparable_to_classical_full_vector,0.4284645,1,0.4284645,Raw QDK estimate prepares a quantum state; it does not emit x as classical data.,sparse_cg_n20_k1000_tol1e-04,sparse_iterative,scipy.sparse.linalg.cg,1000,178.06427461085983,0.0001,0.0011489000025903806,1.5782132456760722e-15,20.0,372.93454524672086,not_apples_to_apples_against_full_vector_classical_output
hhl_s1_fixed_m,20,6,maj_e6_floquet,0.0001,single_scalar_observable_sampling,one bounded scalar observable to additive error about 0.01,conditionally_comparable_only_if_classical_task_is_same_scalar_observable,0.4284645,10000,4284.645,Uses plain 1/error^2 measurement sampling for a bounded observable; amplitude-estimation variants are not modeled.,dense_cholesky_n20_k100,dense_direct,scipy.linalg.solve_assume_pos,100,99.99999999999999,0.0001,0.00018780000391416252,1.3720599011668234e-15,,22814935.626723293,apples_to_apples_only_for_same_scalar_observable_task
hhl_s1_fixed_m,20,6,maj_e6_floquet,0.0001,single_scalar_observable_sampling,one bounded scalar observable to additive error about 0.01,conditionally_comparable_only_if_classical_task_is_same_scalar_observable,0.4284645,10000,4284.645,Uses plain 1/error^2 measurement sampling for a bounded observable; amplitude-estimation variants are not modeled.,sparse_cg_n20_k100_tol1e-04,sparse_iterative,scipy.sparse.linalg.cg,100,99.99999999999999,0.0001,0.0008537999965483323,2.0691753698318214e-15,20.0,5018323.983745124,apples_to_apples_only_for_same_scalar_observable_task
hhl_s1_fixed_m,20,6,maj_e6_floquet,0.0001,single_scalar_observable_sampling,one bounded scalar observable to additive error about 0.01,conditionally_comparable_only_if_classical_task_is_same_scalar_observable,0.4284645,10000,4284.645,Uses plain 1/error^2 measurement sampling for a bounded observable; amplitude-estimation variants are not modeled.,dense_cholesky_n20_k1000,dense_direct,scipy.linalg.solve_assume_pos,1000,178.06427461085983,0.0001,0.00016959999629762024,2.3972347012356682e-15,,25263237.579800118,apples_to_apples_only_for_same_scalar_observable_task
hhl_s1_fixed_m,20,6,maj_e6_floquet,0.0001,single_scalar_observable_sampling,one bounded scalar observable to additive error about 0.01,conditionally_comparable_only_if_classical_task_is_same_scalar_observable,0.4284645,10000,4284.645,Uses plain 1/error^2 measurement sampling for a bounded observable; amplitude-estimation variants are not modeled.,sparse_cg_n20_k1000_tol1e-04,sparse_iterative,scipy.sparse.linalg.cg,1000,178.06427461085983,0.0001,0.0011489000025903806,1.5782132456760722e-15,20.0,3729345.4524672087,apples_to_apples_only_for_same_scalar_observable_task
hhl_s1_fixed_m,20,6,maj_e6_floquet,0.0001,full_vector_readout_lower_bound,full classical solution vector lower-bound readout,lower_bound_not_sufficient_for_vector_accuracy,0.4284645,20,8.56929,At least O(N) state preparations are needed to emit N classical coordinates; signs/amplitudes require more.,dense_cholesky_n20_k100,dense_direct,scipy.linalg.solve_assume_pos,100,99.99999999999999,0.0001,0.00018780000391416252,1.3720599011668234e-15,,45629.87125344659,minimum_readout_charge_added_but_still_not_full_accuracy_tomography
hhl_s1_fixed_m,20,6,maj_e6_floquet,0.0001,full_vector_readout_lower_bound,full classical solution vector lower-bound readout,lower_bound_not_sufficient_for_vector_accuracy,0.4284645,20,8.56929,At least O(N) state preparations are needed to emit N classical coordinates; signs/amplitudes require more.,sparse_cg_n20_k100_tol1e-04,sparse_iterative,scipy.sparse.linalg.cg,100,99.99999999999999,0.0001,0.0008537999965483323,2.0691753698318214e-15,20.0,10036.64796749025,minimum_readout_charge_added_but_still_not_full_accuracy_tomography
hhl_s1_fixed_m,20,6,maj_e6_floquet,0.0001,full_vector_readout_lower_bound,full classical solution vector lower-bound readout,lower_bound_not_sufficient_for_vector_accuracy,0.4284645,20,8.56929,At least O(N) state preparations are needed to emit N classical coordinates; signs/amplitudes require more.,dense_cholesky_n20_k1000,dense_direct,scipy.linalg.solve_assume_pos,1000,178.06427461085983,0.0001,0.00016959999629762024,2.3972347012356682e-15,,50526.47515960023,minimum_readout_charge_added_but_still_not_full_accuracy_tomography
hhl_s1_fixed_m,20,6,maj_e6_floquet,0.0001,full_vector_readout_lower_bound,full classical solution vector lower-bound readout,lower_bound_not_sufficient_for_vector_accuracy,0.4284645,20,8.56929,At least O(N) state preparations are needed to emit N classical coordinates; signs/amplitudes require more.,sparse_cg_n20_k1000_tol1e-04,sparse_iterative,scipy.sparse.linalg.cg,1000,178.06427461085983,0.0001,0.0011489000025903806,1.5782132456760722e-15,20.0,7458.690904934418,minimum_readout_charge_added_but_still_not_full_accuracy_tomography
hhl_s1_fixed_m,20,6,maj_e6_floquet,0.0001,full_vector_tomography_proxy,full classical solution vector tomography-style proxy at amplitude error about 0.01,rough_proxy_for_full_vector_output,0.4284645,200000,85692.90000000001,Uses N/error^2 repetitions as a simple tomography-scale proxy; constants and algorithmic improvements are not modeled.,dense_cholesky_n20_k100,dense_direct,scipy.linalg.solve_assume_pos,100,99.99999999999999,0.0001,0.00018780000391416252,1.3720599011668234e-15,,456298712.53446585,rough_full_vector_output_proxy_not_a_theorem
hhl_s1_fixed_m,20,6,maj_e6_floquet,0.0001,full_vector_tomography_proxy,full classical solution vector tomography-style proxy at amplitude error about 0.01,rough_proxy_for_full_vector_output,0.4284645,200000,85692.90000000001,Uses N/error^2 repetitions as a simple tomography-scale proxy; constants and algorithmic improvements are not modeled.,sparse_cg_n20_k100_tol1e-04,sparse_iterative,scipy.sparse.linalg.cg,100,99.99999999999999,0.0001,0.0008537999965483323,2.0691753698318214e-15,20.0,100366479.6749025,rough_full_vector_output_proxy_not_a_theorem
hhl_s1_fixed_m,20,6,maj_e6_floquet,0.0001,full_vector_tomography_proxy,full classical solution vector tomography-style proxy at amplitude error about 0.01,rough_proxy_for_full_vector_output,0.4284645,200000,85692.90000000001,Uses N/error^2 repetitions as a simple tomography-scale proxy; constants and algorithmic improvements are not modeled.,dense_cholesky_n20_k1000,dense_direct,scipy.linalg.solve_assume_pos,1000,178.06427461085983,0.0001,0.00016959999629762024,2.3972347012356682e-15,,505264751.59600234,rough_full_vector_output_proxy_not_a_theorem
hhl_s1_fixed_m,20,6,maj_e6_floquet,0.0001,full_vector_tomography_proxy,full classical solution vector tomography-style proxy at amplitude error about 0.01,rough_proxy_for_full_vector_output,0.4284645,200000,85692.90000000001,Uses N/error^2 repetitions as a simple tomography-scale proxy; constants and algorithmic improvements are not modeled.,sparse_cg_n20_k1000_tol1e-04,sparse_iterative,scipy.sparse.linalg.cg,1000,178.06427461085983,0.0001,0.0011489000025903806,1.5782132456760722e-15,20.0,74586909.04934418,rough_full_vector_output_proxy_not_a_theorem
hhl_s1_fixed_m,20,8,maj_e6_floquet,0.0001,state_preparation_only,quantum_state_proportional_to_solution,not_comparable_to_classical_full_vector,1.9230315000000002,1,1.9230315000000002,Raw QDK estimate prepares a quantum state; it does not emit x as classical data.,dense_cholesky_n20_k100,dense_direct,scipy.linalg.solve_assume_pos,100,99.99999999999999,0.0001,0.00018780000391416252,1.3720599011668234e-15,,10239.78413162844,not_apples_to_apples_against_full_vector_classical_output
hhl_s1_fixed_m,20,8,maj_e6_floquet,0.0001,state_preparation_only,quantum_state_proportional_to_solution,not_comparable_to_classical_full_vector,1.9230315000000002,1,1.9230315000000002,Raw QDK estimate prepares a quantum state; it does not emit x as classical data.,sparse_cg_n20_k100_tol1e-04,sparse_iterative,scipy.sparse.linalg.cg,100,99.99999999999999,0.0001,0.0008537999965483323,2.0691753698318214e-15,20.0,2252.3208102298704,not_apples_to_apples_against_full_vector_classical_output
hhl_s1_fixed_m,20,8,maj_e6_floquet,0.0001,state_preparation_only,quantum_state_proportional_to_solution,not_comparable_to_classical_full_vector,1.9230315000000002,1,1.9230315000000002,Raw QDK estimate prepares a quantum state; it does not emit x as classical data.,dense_cholesky_n20_k1000,dense_direct,scipy.linalg.solve_assume_pos,1000,178.06427461085983,0.0001,0.00016959999629762024,2.3972347012356682e-15,,11338.629374881557,not_apples_to_apples_against_full_vector_classical_output
hhl_s1_fixed_m,20,8,maj_e6_floquet,0.0001,state_preparation_only,quantum_state_proportional_to_solution,not_comparable_to_classical_full_vector,1.9230315000000002,1,1.9230315000000002,Raw QDK estimate prepares a quantum state; it does not emit x as classical data.,sparse_cg_n20_k1000_tol1e-04,sparse_iterative,scipy.sparse.linalg.cg,1000,178.06427461085983,0.0001,0.0011489000025903806,1.5782132456760722e-15,20.0,1673.8023288921709,not_apples_to_apples_against_full_vector_classical_output
hhl_s1_fixed_m,20,8,maj_e6_floquet,0.0001,single_scalar_observable_sampling,one bounded scalar observable to additive error about 0.01,conditionally_comparable_only_if_classical_task_is_same_scalar_observable,1.9230315000000002,10000,19230.315000000002,Uses plain 1/error^2 measurement sampling for a bounded observable; amplitude-estimation variants are not modeled.,dense_cholesky_n20_k100,dense_direct,scipy.linalg.solve_assume_pos,100,99.99999999999999,0.0001,0.00018780000391416252,1.3720599011668234e-15,,102397841.3162844,apples_to_apples_only_for_same_scalar_observable_task
hhl_s1_fixed_m,20,8,maj_e6_floquet,0.0001,single_scalar_observable_sampling,one bounded scalar observable to additive error about 0.01,conditionally_comparable_only_if_classical_task_is_same_scalar_observable,1.9230315000000002,10000,19230.315000000002,Uses plain 1/error^2 measurement sampling for a bounded observable; amplitude-estimation variants are not modeled.,sparse_cg_n20_k100_tol1e-04,sparse_iterative,scipy.sparse.linalg.cg,100,99.99999999999999,0.0001,0.0008537999965483323,2.0691753698318214e-15,20.0,22523208.102298703,apples_to_apples_only_for_same_scalar_observable_task
hhl_s1_fixed_m,20,8,maj_e6_floquet,0.0001,single_scalar_observable_sampling,one bounded scalar observable to additive error about 0.01,conditionally_comparable_only_if_classical_task_is_same_scalar_observable,1.9230315000000002,10000,19230.315000000002,Uses plain 1/error^2 measurement sampling for a bounded observable; amplitude-estimation variants are not modeled.,dense_cholesky_n20_k1000,dense_direct,scipy.linalg.solve_assume_pos,1000,178.06427461085983,0.0001,0.00016959999629762024,2.3972347012356682e-15,,113386293.74881558,apples_to_apples_only_for_same_scalar_observable_task
hhl_s1_fixed_m,20,8,maj_e6_floquet,0.0001,single_scalar_observable_sampling,one bounded scalar observable to additive error about 0.01,conditionally_comparable_only_if_classical_task_is_same_scalar_observable,1.9230315000000002,10000,19230.315000000002,Uses plain 1/error^2 measurement sampling for a bounded observable; amplitude-estimation variants are not modeled.,sparse_cg_n20_k1000_tol1e-04,sparse_iterative,scipy.sparse.linalg.cg,1000,178.06427461085983,0.0001,0.0011489000025903806,1.5782132456760722e-15,20.0,16738023.288921708,apples_to_apples_only_for_same_scalar_observable_task
hhl_s1_fixed_m,20,8,maj_e6_floquet,0.0001,full_vector_readout_lower_bound,full classical solution vector lower-bound readout,lower_bound_not_sufficient_for_vector_accuracy,1.9230315000000002,20,38.46063,At least O(N) state preparations are needed to emit N classical coordinates; signs/amplitudes require more.,dense_cholesky_n20_k100,dense_direct,scipy.linalg.solve_assume_pos,100,99.99999999999999,0.0001,0.00018780000391416252,1.3720599011668234e-15,,204795.6826325688,minimum_readout_charge_added_but_still_not_full_accuracy_tomography
hhl_s1_fixed_m,20,8,maj_e6_floquet,0.0001,full_vector_readout_lower_bound,full classical solution vector lower-bound readout,lower_bound_not_sufficient_for_vector_accuracy,1.9230315000000002,20,38.46063,At least O(N) state preparations are needed to emit N classical coordinates; signs/amplitudes require more.,sparse_cg_n20_k100_tol1e-04,sparse_iterative,scipy.sparse.linalg.cg,100,99.99999999999999,0.0001,0.0008537999965483323,2.0691753698318214e-15,20.0,45046.4162045974,minimum_readout_charge_added_but_still_not_full_accuracy_tomography
hhl_s1_fixed_m,20,8,maj_e6_floquet,0.0001,full_vector_readout_lower_bound,full classical solution vector lower-bound readout,lower_bound_not_sufficient_for_vector_accuracy,1.9230315000000002,20,38.46063,At least O(N) state preparations are needed to emit N classical coordinates; signs/amplitudes require more.,dense_cholesky_n20_k1000,dense_direct,scipy.linalg.solve_assume_pos,1000,178.06427461085983,0.0001,0.00016959999629762024,2.3972347012356682e-15,,226772.58749763115,minimum_readout_charge_added_but_still_not_full_accuracy_tomography
hhl_s1_fixed_m,20,8,maj_e6_floquet,0.0001,full_vector_readout_lower_bound,full classical solution vector lower-bound readout,lower_bound_not_sufficient_for_vector_accuracy,1.9230315000000002,20,38.46063,At least O(N) state preparations are needed to emit N classical coordinates; signs/amplitudes require more.,sparse_cg_n20_k1000_tol1e-04,sparse_iterative,scipy.sparse.linalg.cg,1000,178.06427461085983,0.0001,0.0011489000025903806,1.5782132456760722e-15,20.0,33476.046577843415,minimum_readout_charge_added_but_still_not_full_accuracy_tomography
hhl_s1_fixed_m,20,8,maj_e6_floquet,0.0001,full_vector_tomography_proxy,full classical solution vector tomography-style proxy at amplitude error about 0.01,rough_proxy_for_full_vector_output,1.9230315000000002,200000,384606.30000000005,Uses N/error^2 repetitions as a simple tomography-scale proxy; constants and algorithmic improvements are not modeled.,dense_cholesky_n20_k100,dense_direct,scipy.linalg.solve_assume_pos,100,99.99999999999999,0.0001,0.00018780000391416252,1.3720599011668234e-15,,2047956826.325688,rough_full_vector_output_proxy_not_a_theorem
hhl_s1_fixed_m,20,8,maj_e6_floquet,0.0001,full_vector_tomography_proxy,full classical solution vector tomography-style proxy at amplitude error about 0.01,rough_proxy_for_full_vector_output,1.9230315000000002,200000,384606.30000000005,Uses N/error^2 repetitions as a simple tomography-scale proxy; constants and algorithmic improvements are not modeled.,sparse_cg_n20_k100_tol1e-04,sparse_iterative,scipy.sparse.linalg.cg,100,99.99999999999999,0.0001,0.0008537999965483323,2.0691753698318214e-15,20.0,450464162.0459741,rough_full_vector_output_proxy_not_a_theorem
hhl_s1_fixed_m,20,8,maj_e6_floquet,0.0001,full_vector_tomography_proxy,full classical solution vector tomography-style proxy at amplitude error about 0.01,rough_proxy_for_full_vector_output,1.9230315000000002,200000,384606.30000000005,Uses N/error^2 repetitions as a simple tomography-scale proxy; constants and algorithmic improvements are not modeled.,dense_cholesky_n20_k1000,dense_direct,scipy.linalg.solve_assume_pos,1000,178.06427461085983,0.0001,0.00016959999629762024,2.3972347012356682e-15,,2267725874.9763117,rough_full_vector_output_proxy_not_a_theorem
hhl_s1_fixed_m,20,8,maj_e6_floquet,0.0001,full_vector_tomography_proxy,full classical solution vector tomography-style proxy at amplitude error about 0.01,rough_proxy_for_full_vector_output,1.9230315000000002,200000,384606.30000000005,Uses N/error^2 repetitions as a simple tomography-scale proxy; constants and algorithmic improvements are not modeled.,sparse_cg_n20_k1000_tol1e-04,sparse_iterative,scipy.sparse.linalg.cg,1000,178.06427461085983,0.0001,0.0011489000025903806,1.5782132456760722e-15,20.0,334760465.77843416,rough_full_vector_output_proxy_not_a_theorem
hhl_s1_fixed_m,50,4,maj_e6_floquet,0.0001,state_preparation_only,quantum_state_proportional_to_solution,not_comparable_to_classical_full_vector,0.2180985,1,0.2180985,Raw QDK estimate prepares a quantum state; it does not emit x as classical data.,dense_cholesky_n50_k100,dense_direct,scipy.linalg.solve_assume_pos,100,100.0,0.0001,0.0003423000016482547,1.2739743135141674e-15,,637.1560004376413,not_apples_to_apples_against_full_vector_classical_output
hhl_s1_fixed_m,50,4,maj_e6_floquet,0.0001,state_preparation_only,quantum_state_proportional_to_solution,not_comparable_to_classical_full_vector,0.2180985,1,0.2180985,Raw QDK estimate prepares a quantum state; it does not emit x as classical data.,sparse_cg_n50_k100_tol1e-04,sparse_iterative,scipy.sparse.linalg.cg,100,100.0,0.0001,0.0010312999947927892,9.88100874430543e-05,40.0,211.47920207623076,not_apples_to_apples_against_full_vector_classical_output
hhl_s1_fixed_m,50,4,maj_e6_floquet,0.0001,state_preparation_only,quantum_state_proportional_to_solution,not_comparable_to_classical_full_vector,0.2180985,1,0.2180985,Raw QDK estimate prepares a quantum state; it does not emit x as classical data.,dense_cholesky_n50_k1000,dense_direct,scipy.linalg.solve_assume_pos,1000,1000.0,0.0001,0.00019350000366102904,5.012785907832881e-15,,1127.124009682513,not_apples_to_apples_against_full_vector_classical_output
hhl_s1_fixed_m,50,4,maj_e6_floquet,0.0001,state_preparation_only,quantum_state_proportional_to_solution,not_comparable_to_classical_full_vector,0.2180985,1,0.2180985,Raw QDK estimate prepares a quantum state; it does not emit x as classical data.,sparse_cg_n50_k1000_tol1e-04,sparse_iterative,scipy.sparse.linalg.cg,1000,1000.0,0.0001,0.002059599995845929,8.720493694851314e-15,50.0,105.89362033399186,not_apples_to_apples_against_full_vector_classical_output
hhl_s1_fixed_m,50,4,maj_e6_floquet,0.0001,single_scalar_observable_sampling,one bounded scalar observable to additive error about 0.01,conditionally_comparable_only_if_classical_task_is_same_scalar_observable,0.2180985,10000,2180.985,Uses plain 1/error^2 measurement sampling for a bounded observable; amplitude-estimation variants are not modeled.,dense_cholesky_n50_k100,dense_direct,scipy.linalg.solve_assume_pos,100,100.0,0.0001,0.0003423000016482547,1.2739743135141674e-15,,6371560.004376414,apples_to_apples_only_for_same_scalar_observable_task
hhl_s1_fixed_m,50,4,maj_e6_floquet,0.0001,single_scalar_observable_sampling,one bounded scalar observable to additive error about 0.01,conditionally_comparable_only_if_classical_task_is_same_scalar_observable,0.2180985,10000,2180.985,Uses plain 1/error^2 measurement sampling for a bounded observable; amplitude-estimation variants are not modeled.,sparse_cg_n50_k100_tol1e-04,sparse_iterative,scipy.sparse.linalg.cg,100,100.0,0.0001,0.0010312999947927892,9.88100874430543e-05,40.0,2114792.0207623076,apples_to_apples_only_for_same_scalar_observable_task
hhl_s1_fixed_m,50,4,maj_e6_floquet,0.0001,single_scalar_observable_sampling,one bounded scalar observable to additive error about 0.01,conditionally_comparable_only_if_classical_task_is_same_scalar_observable,0.2180985,10000,2180.985,Uses plain 1/error^2 measurement sampling for a bounded observable; amplitude-estimation variants are not modeled.,dense_cholesky_n50_k1000,dense_direct,scipy.linalg.solve_assume_pos,1000,1000.0,0.0001,0.00019350000366102904,5.012785907832881e-15,,11271240.09682513,apples_to_apples_only_for_same_scalar_observable_task
hhl_s1_fixed_m,50,4,maj_e6_floquet,0.0001,single_scalar_observable_sampling,one bounded scalar observable to additive error about 0.01,conditionally_comparable_only_if_classical_task_is_same_scalar_observable,0.2180985,10000,2180.985,Uses plain 1/error^2 measurement sampling for a bounded observable; amplitude-estimation variants are not modeled.,sparse_cg_n50_k1000_tol1e-04,sparse_iterative,scipy.sparse.linalg.cg,1000,1000.0,0.0001,0.002059599995845929,8.720493694851314e-15,50.0,1058936.2033399187,apples_to_apples_only_for_same_scalar_observable_task
hhl_s1_fixed_m,50,4,maj_e6_floquet,0.0001,full_vector_readout_lower_bound,full classical solution vector lower-bound readout,lower_bound_not_sufficient_for_vector_accuracy,0.2180985,50,10.904925,At least O(N) state preparations are needed to emit N classical coordinates; signs/amplitudes require more.,dense_cholesky_n50_k100,dense_direct,scipy.linalg.solve_assume_pos,100,100.0,0.0001,0.0003423000016482547,1.2739743135141674e-15,,31857.800021882067,minimum_readout_charge_added_but_still_not_full_accuracy_tomography
hhl_s1_fixed_m,50,4,maj_e6_floquet,0.0001,full_vector_readout_lower_bound,full classical solution vector lower-bound readout,lower_bound_not_sufficient_for_vector_accuracy,0.2180985,50,10.904925,At least O(N) state preparations are needed to emit N classical coordinates; signs/amplitudes require more.,sparse_cg_n50_k100_tol1e-04,sparse_iterative,scipy.sparse.linalg.cg,100,100.0,0.0001,0.0010312999947927892,9.88100874430543e-05,40.0,10573.960103811538,minimum_readout_charge_added_but_still_not_full_accuracy_tomography
hhl_s1_fixed_m,50,4,maj_e6_floquet,0.0001,full_vector_readout_lower_bound,full classical solution vector lower-bound readout,lower_bound_not_sufficient_for_vector_accuracy,0.2180985,50,10.904925,At least O(N) state preparations are needed to emit N classical coordinates; signs/amplitudes require more.,dense_cholesky_n50_k1000,dense_direct,scipy.linalg.solve_assume_pos,1000,1000.0,0.0001,0.00019350000366102904,5.012785907832881e-15,,56356.20048412565,minimum_readout_charge_added_but_still_not_full_accuracy_tomography
hhl_s1_fixed_m,50,4,maj_e6_floquet,0.0001,full_vector_readout_lower_bound,full classical solution vector lower-bound readout,lower_bound_not_sufficient_for_vector_accuracy,0.2180985,50,10.904925,At least O(N) state preparations are needed to emit N classical coordinates; signs/amplitudes require more.,sparse_cg_n50_k1000_tol1e-04,sparse_iterative,scipy.sparse.linalg.cg,1000,1000.0,0.0001,0.002059599995845929,8.720493694851314e-15,50.0,5294.681016699593,minimum_readout_charge_added_but_still_not_full_accuracy_tomography
hhl_s1_fixed_m,50,4,maj_e6_floquet,0.0001,full_vector_tomography_proxy,full classical solution vector tomography-style proxy at amplitude error about 0.01,rough_proxy_for_full_vector_output,0.2180985,500000,109049.25,Uses N/error^2 repetitions as a simple tomography-scale proxy; constants and algorithmic improvements are not modeled.,dense_cholesky_n50_k100,dense_direct,scipy.linalg.solve_assume_pos,100,100.0,0.0001,0.0003423000016482547,1.2739743135141674e-15,,318578000.2188207,rough_full_vector_output_proxy_not_a_theorem
hhl_s1_fixed_m,50,4,maj_e6_floquet,0.0001,full_vector_tomography_proxy,full classical solution vector tomography-style proxy at amplitude error about 0.01,rough_proxy_for_full_vector_output,0.2180985,500000,109049.25,Uses N/error^2 repetitions as a simple tomography-scale proxy; constants and algorithmic improvements are not modeled.,sparse_cg_n50_k100_tol1e-04,sparse_iterative,scipy.sparse.linalg.cg,100,100.0,0.0001,0.0010312999947927892,9.88100874430543e-05,40.0,105739601.03811538,rough_full_vector_output_proxy_not_a_theorem
hhl_s1_fixed_m,50,4,maj_e6_floquet,0.0001,full_vector_tomography_proxy,full classical solution vector tomography-style proxy at amplitude error about 0.01,rough_proxy_for_full_vector_output,0.2180985,500000,109049.25,Uses N/error^2 repetitions as a simple tomography-scale proxy; constants and algorithmic improvements are not modeled.,dense_cholesky_n50_k1000,dense_direct,scipy.linalg.solve_assume_pos,1000,1000.0,0.0001,0.00019350000366102904,5.012785907832881e-15,,563562004.8412565,rough_full_vector_output_proxy_not_a_theorem
hhl_s1_fixed_m,50,4,maj_e6_floquet,0.0001,full_vector_tomography_proxy,full classical solution vector tomography-style proxy at amplitude error about 0.01,rough_proxy_for_full_vector_output,0.2180985,500000,109049.25,Uses N/error^2 repetitions as a simple tomography-scale proxy; constants and algorithmic improvements are not modeled.,sparse_cg_n50_k1000_tol1e-04,sparse_iterative,scipy.sparse.linalg.cg,1000,1000.0,0.0001,0.002059599995845929,8.720493694851314e-15,50.0,52946810.16699593,rough_full_vector_output_proxy_not_a_theorem
hhl_s1_fixed_m,50,6,maj_e6_floquet,0.0001,state_preparation_only,quantum_state_proportional_to_solution,not_comparable_to_classical_full_vector,1.0067190000000001,1,1.0067190000000001,Raw QDK estimate prepares a quantum state; it does not emit x as classical data.,dense_cholesky_n50_k100,dense_direct,scipy.linalg.solve_assume_pos,100,100.0,0.0001,0.0003423000016482547,1.2739743135141674e-15,,2941.042930623466,not_apples_to_apples_against_full_vector_classical_output
hhl_s1_fixed_m,50,6,maj_e6_floquet,0.0001,state_preparation_only,quantum_state_proportional_to_solution,not_comparable_to_classical_full_vector,1.0067190000000001,1,1.0067190000000001,Raw QDK estimate prepares a quantum state; it does not emit x as classical data.,sparse_cg_n50_k100_tol1e-04,sparse_iterative,scipy.sparse.linalg.cg,100,100.0,0.0001,0.0010312999947927892,9.88100874430543e-05,40.0,976.1650393513985,not_apples_to_apples_against_full_vector_classical_output
hhl_s1_fixed_m,50,6,maj_e6_floquet,0.0001,state_preparation_only,quantum_state_proportional_to_solution,not_comparable_to_classical_full_vector,1.0067190000000001,1,1.0067190000000001,Raw QDK estimate prepares a quantum state; it does not emit x as classical data.,dense_cholesky_n50_k1000,dense_direct,scipy.linalg.solve_assume_pos,1000,1000.0,0.0001,0.00019350000366102904,5.012785907832881e-15,,5202.682072107648,not_apples_to_apples_against_full_vector_classical_output
hhl_s1_fixed_m,50,6,maj_e6_floquet,0.0001,state_preparation_only,quantum_state_proportional_to_solution,not_comparable_to_classical_full_vector,1.0067190000000001,1,1.0067190000000001,Raw QDK estimate prepares a quantum state; it does not emit x as classical data.,sparse_cg_n50_k1000_tol1e-04,sparse_iterative,scipy.sparse.linalg.cg,1000,1000.0,0.0001,0.002059599995845929,8.720493694851314e-15,50.0,488.79345602567633,not_apples_to_apples_against_full_vector_classical_output
hhl_s1_fixed_m,50,6,maj_e6_floquet,0.0001,single_scalar_observable_sampling,one bounded scalar observable to additive error about 0.01,conditionally_comparable_only_if_classical_task_is_same_scalar_observable,1.0067190000000001,10000,10067.19,Uses plain 1/error^2 measurement sampling for a bounded observable; amplitude-estimation variants are not modeled.,dense_cholesky_n50_k100,dense_direct,scipy.linalg.solve_assume_pos,100,100.0,0.0001,0.0003423000016482547,1.2739743135141674e-15,,29410429.306234654,apples_to_apples_only_for_same_scalar_observable_task
hhl_s1_fixed_m,50,6,maj_e6_floquet,0.0001,single_scalar_observable_sampling,one bounded scalar observable to additive error about 0.01,conditionally_comparable_only_if_classical_task_is_same_scalar_observable,1.0067190000000001,10000,10067.19,Uses plain 1/error^2 measurement sampling for a bounded observable; amplitude-estimation variants are not modeled.,sparse_cg_n50_k100_tol1e-04,sparse_iterative,scipy.sparse.linalg.cg,100,100.0,0.0001,0.0010312999947927892,9.88100874430543e-05,40.0,9761650.393513983,apples_to_apples_only_for_same_scalar_observable_task
hhl_s1_fixed_m,50,6,maj_e6_floquet,0.0001,single_scalar_observable_sampling,one bounded scalar observable to additive error about 0.01,conditionally_comparable_only_if_classical_task_is_same_scalar_observable,1.0067190000000001,10000,10067.19,Uses plain 1/error^2 measurement sampling for a bounded observable; amplitude-estimation variants are not modeled.,dense_cholesky_n50_k1000,dense_direct,scipy.linalg.solve_assume_pos,1000,1000.0,0.0001,0.00019350000366102904,5.012785907832881e-15,,52026820.72107648,apples_to_apples_only_for_same_scalar_observable_task
hhl_s1_fixed_m,50,6,maj_e6_floquet,0.0001,single_scalar_observable_sampling,one bounded scalar observable to additive error about 0.01,conditionally_comparable_only_if_classical_task_is_same_scalar_observable,1.0067190000000001,10000,10067.19,Uses plain 1/error^2 measurement sampling for a bounded observable; amplitude-estimation variants are not modeled.,sparse_cg_n50_k1000_tol1e-04,sparse_iterative,scipy.sparse.linalg.cg,1000,1000.0,0.0001,0.002059599995845929,8.720493694851314e-15,50.0,4887934.560256762,apples_to_apples_only_for_same_scalar_observable_task
hhl_s1_fixed_m,50,6,maj_e6_floquet,0.0001,full_vector_readout_lower_bound,full classical solution vector lower-bound readout,lower_bound_not_sufficient_for_vector_accuracy,1.0067190000000001,50,50.335950000000004,At least O(N) state preparations are needed to emit N classical coordinates; signs/amplitudes require more.,dense_cholesky_n50_k100,dense_direct,scipy.linalg.solve_assume_pos,100,100.0,0.0001,0.0003423000016482547,1.2739743135141674e-15,,147052.1465311733,minimum_readout_charge_added_but_still_not_full_accuracy_tomography
hhl_s1_fixed_m,50,6,maj_e6_floquet,0.0001,full_vector_readout_lower_bound,full classical solution vector lower-bound readout,lower_bound_not_sufficient_for_vector_accuracy,1.0067190000000001,50,50.335950000000004,At least O(N) state preparations are needed to emit N classical coordinates; signs/amplitudes require more.,sparse_cg_n50_k100_tol1e-04,sparse_iterative,scipy.sparse.linalg.cg,100,100.0,0.0001,0.0010312999947927892,9.88100874430543e-05,40.0,48808.25196756992,minimum_readout_charge_added_but_still_not_full_accuracy_tomography
hhl_s1_fixed_m,50,6,maj_e6_floquet,0.0001,full_vector_readout_lower_bound,full classical solution vector lower-bound readout,lower_bound_not_sufficient_for_vector_accuracy,1.0067190000000001,50,50.335950000000004,At least O(N) state preparations are needed to emit N classical coordinates; signs/amplitudes require more.,dense_cholesky_n50_k1000,dense_direct,scipy.linalg.solve_assume_pos,1000,1000.0,0.0001,0.00019350000366102904,5.012785907832881e-15,,260134.1036053824,minimum_readout_charge_added_but_still_not_full_accuracy_tomography
hhl_s1_fixed_m,50,6,maj_e6_floquet,0.0001,full_vector_readout_lower_bound,full classical solution vector lower-bound readout,lower_bound_not_sufficient_for_vector_accuracy,1.0067190000000001,50,50.335950000000004,At least O(N) state preparations are needed to emit N classical coordinates; signs/amplitudes require more.,sparse_cg_n50_k1000_tol1e-04,sparse_iterative,scipy.sparse.linalg.cg,1000,1000.0,0.0001,0.002059599995845929,8.720493694851314e-15,50.0,24439.672801283814,minimum_readout_charge_added_but_still_not_full_accuracy_tomography
hhl_s1_fixed_m,50,6,maj_e6_floquet,0.0001,full_vector_tomography_proxy,full classical solution vector tomography-style proxy at amplitude error about 0.01,rough_proxy_for_full_vector_output,1.0067190000000001,500000,503359.50000000006,Uses N/error^2 repetitions as a simple tomography-scale proxy; constants and algorithmic improvements are not modeled.,dense_cholesky_n50_k100,dense_direct,scipy.linalg.solve_assume_pos,100,100.0,0.0001,0.0003423000016482547,1.2739743135141674e-15,,1470521465.3117328,rough_full_vector_output_proxy_not_a_theorem
hhl_s1_fixed_m,50,6,maj_e6_floquet,0.0001,full_vector_tomography_proxy,full classical solution vector tomography-style proxy at amplitude error about 0.01,rough_proxy_for_full_vector_output,1.0067190000000001,500000,503359.50000000006,Uses N/error^2 repetitions as a simple tomography-scale proxy; constants and algorithmic improvements are not modeled.,sparse_cg_n50_k100_tol1e-04,sparse_iterative,scipy.sparse.linalg.cg,100,100.0,0.0001,0.0010312999947927892,9.88100874430543e-05,40.0,488082519.67569923,rough_full_vector_output_proxy_not_a_theorem
hhl_s1_fixed_m,50,6,maj_e6_floquet,0.0001,full_vector_tomography_proxy,full classical solution vector tomography-style proxy at amplitude error about 0.01,rough_proxy_for_full_vector_output,1.0067190000000001,500000,503359.50000000006,Uses N/error^2 repetitions as a simple tomography-scale proxy; constants and algorithmic improvements are not modeled.,dense_cholesky_n50_k1000,dense_direct,scipy.linalg.solve_assume_pos,1000,1000.0,0.0001,0.00019350000366102904,5.012785907832881e-15,,2601341036.0538244,rough_full_vector_output_proxy_not_a_theorem
hhl_s1_fixed_m,50,6,maj_e6_floquet,0.0001,full_vector_tomography_proxy,full classical solution vector tomography-style proxy at amplitude error about 0.01,rough_proxy_for_full_vector_output,1.0067190000000001,500000,503359.50000000006,Uses N/error^2 repetitions as a simple tomography-scale proxy; constants and algorithmic improvements are not modeled.,sparse_cg_n50_k1000_tol1e-04,sparse_iterative,scipy.sparse.linalg.cg,1000,1000.0,0.0001,0.002059599995845929,8.720493694851314e-15,50.0,244396728.01283816,rough_full_vector_output_proxy_not_a_theorem
hhl_s1_fixed_m,50,8,maj_e6_floquet,0.0001,state_preparation_only,quantum_state_proportional_to_solution,not_comparable_to_classical_full_vector,4.6810245,1,4.6810245,Raw QDK estimate prepares a quantum state; it does not emit x as classical data.,dense_cholesky_n50_k100,dense_direct,scipy.linalg.solve_assume_pos,100,100.0,0.0001,0.0003423000016482547,1.2739743135141674e-15,,13675.210275956093,not_apples_to_apples_against_full_vector_classical_output
hhl_s1_fixed_m,50,8,maj_e6_floquet,0.0001,state_preparation_only,quantum_state_proportional_to_solution,not_comparable_to_classical_full_vector,4.6810245,1,4.6810245,Raw QDK estimate prepares a quantum state; it does not emit x as classical data.,sparse_cg_n50_k100_tol1e-04,sparse_iterative,scipy.sparse.linalg.cg,100,100.0,0.0001,0.0010312999947927892,9.88100874430543e-05,40.0,4538.955225089981,not_apples_to_apples_against_full_vector_classical_output
hhl_s1_fixed_m,50,8,maj_e6_floquet,0.0001,state_preparation_only,quantum_state_proportional_to_solution,not_comparable_to_classical_full_vector,4.6810245,1,4.6810245,Raw QDK estimate prepares a quantum state; it does not emit x as classical data.,dense_cholesky_n50_k1000,dense_direct,scipy.linalg.solve_assume_pos,1000,1000.0,0.0001,0.00019350000366102904,5.012785907832881e-15,,24191.340627570025,not_apples_to_apples_against_full_vector_classical_output
hhl_s1_fixed_m,50,8,maj_e6_floquet,0.0001,state_preparation_only,quantum_state_proportional_to_solution,not_comparable_to_classical_full_vector,4.6810245,1,4.6810245,Raw QDK estimate prepares a quantum state; it does not emit x as classical data.,sparse_cg_n50_k1000_tol1e-04,sparse_iterative,scipy.sparse.linalg.cg,1000,1000.0,0.0001,0.002059599995845929,8.720493694851314e-15,50.0,2272.783312022385,not_apples_to_apples_against_full_vector_classical_output
hhl_s1_fixed_m,50,8,maj_e6_floquet,0.0001,single_scalar_observable_sampling,one bounded scalar observable to additive error about 0.01,conditionally_comparable_only_if_classical_task_is_same_scalar_observable,4.6810245,10000,46810.245,Uses plain 1/error^2 measurement sampling for a bounded observable; amplitude-estimation variants are not modeled.,dense_cholesky_n50_k100,dense_direct,scipy.linalg.solve_assume_pos,100,100.0,0.0001,0.0003423000016482547,1.2739743135141674e-15,,136752102.75956094,apples_to_apples_only_for_same_scalar_observable_task
hhl_s1_fixed_m,50,8,maj_e6_floquet,0.0001,single_scalar_observable_sampling,one bounded scalar observable to additive error about 0.01,conditionally_comparable_only_if_classical_task_is_same_scalar_observable,4.6810245,10000,46810.245,Uses plain 1/error^2 measurement sampling for a bounded observable; amplitude-estimation variants are not modeled.,sparse_cg_n50_k100_tol1e-04,sparse_iterative,scipy.sparse.linalg.cg,100,100.0,0.0001,0.0010312999947927892,9.88100874430543e-05,40.0,45389552.25089981,apples_to_apples_only_for_same_scalar_observable_task
hhl_s1_fixed_m,50,8,maj_e6_floquet,0.0001,single_scalar_observable_sampling,one bounded scalar observable to additive error about 0.01,conditionally_comparable_only_if_classical_task_is_same_scalar_observable,4.6810245,10000,46810.245,Uses plain 1/error^2 measurement sampling for a bounded observable; amplitude-estimation variants are not modeled.,dense_cholesky_n50_k1000,dense_direct,scipy.linalg.solve_assume_pos,1000,1000.0,0.0001,0.00019350000366102904,5.012785907832881e-15,,241913406.27570024,apples_to_apples_only_for_same_scalar_observable_task
hhl_s1_fixed_m,50,8,maj_e6_floquet,0.0001,single_scalar_observable_sampling,one bounded scalar observable to additive error about 0.01,conditionally_comparable_only_if_classical_task_is_same_scalar_observable,4.6810245,10000,46810.245,Uses plain 1/error^2 measurement sampling for a bounded observable; amplitude-estimation variants are not modeled.,sparse_cg_n50_k1000_tol1e-04,sparse_iterative,scipy.sparse.linalg.cg,1000,1000.0,0.0001,0.002059599995845929,8.720493694851314e-15,50.0,22727833.12022385,apples_to_apples_only_for_same_scalar_observable_task
hhl_s1_fixed_m,50,8,maj_e6_floquet,0.0001,full_vector_readout_lower_bound,full classical solution vector lower-bound readout,lower_bound_not_sufficient_for_vector_accuracy,4.6810245,50,234.05122500000002,At least O(N) state preparations are needed to emit N classical coordinates; signs/amplitudes require more.,dense_cholesky_n50_k100,dense_direct,scipy.linalg.solve_assume_pos,100,100.0,0.0001,0.0003423000016482547,1.2739743135141674e-15,,683760.5137978047,minimum_readout_charge_added_but_still_not_full_accuracy_tomography
hhl_s1_fixed_m,50,8,maj_e6_floquet,0.0001,full_vector_readout_lower_bound,full classical solution vector lower-bound readout,lower_bound_not_sufficient_for_vector_accuracy,4.6810245,50,234.05122500000002,At least O(N) state preparations are needed to emit N classical coordinates; signs/amplitudes require more.,sparse_cg_n50_k100_tol1e-04,sparse_iterative,scipy.sparse.linalg.cg,100,100.0,0.0001,0.0010312999947927892,9.88100874430543e-05,40.0,226947.76125449903,minimum_readout_charge_added_but_still_not_full_accuracy_tomography
hhl_s1_fixed_m,50,8,maj_e6_floquet,0.0001,full_vector_readout_lower_bound,full classical solution vector lower-bound readout,lower_bound_not_sufficient_for_vector_accuracy,4.6810245,50,234.05122500000002,At least O(N) state preparations are needed to emit N classical coordinates; signs/amplitudes require more.,dense_cholesky_n50_k1000,dense_direct,scipy.linalg.solve_assume_pos,1000,1000.0,0.0001,0.00019350000366102904,5.012785907832881e-15,,1209567.0313785013,minimum_readout_charge_added_but_still_not_full_accuracy_tomography
hhl_s1_fixed_m,50,8,maj_e6_floquet,0.0001,full_vector_readout_lower_bound,full classical solution vector lower-bound readout,lower_bound_not_sufficient_for_vector_accuracy,4.6810245,50,234.05122500000002,At least O(N) state preparations are needed to emit N classical coordinates; signs/amplitudes require more.,sparse_cg_n50_k1000_tol1e-04,sparse_iterative,scipy.sparse.linalg.cg,1000,1000.0,0.0001,0.002059599995845929,8.720493694851314e-15,50.0,113639.16560111925,minimum_readout_charge_added_but_still_not_full_accuracy_tomography
hhl_s1_fixed_m,50,8,maj_e6_floquet,0.0001,full_vector_tomography_proxy,full classical solution vector tomography-style proxy at amplitude error about 0.01,rough_proxy_for_full_vector_output,4.6810245,500000,2340512.25,Uses N/error^2 repetitions as a simple tomography-scale proxy; constants and algorithmic improvements are not modeled.,dense_cholesky_n50_k100,dense_direct,scipy.linalg.solve_assume_pos,100,100.0,0.0001,0.0003423000016482547,1.2739743135141674e-15,,6837605137.978046,rough_full_vector_output_proxy_not_a_theorem
hhl_s1_fixed_m,50,8,maj_e6_floquet,0.0001,full_vector_tomography_proxy,full classical solution vector tomography-style proxy at amplitude error about 0.01,rough_proxy_for_full_vector_output,4.6810245,500000,2340512.25,Uses N/error^2 repetitions as a simple tomography-scale proxy; constants and algorithmic improvements are not modeled.,sparse_cg_n50_k100_tol1e-04,sparse_iterative,scipy.sparse.linalg.cg,100,100.0,0.0001,0.0010312999947927892,9.88100874430543e-05,40.0,2269477612.54499,rough_full_vector_output_proxy_not_a_theorem
hhl_s1_fixed_m,50,8,maj_e6_floquet,0.0001,full_vector_tomography_proxy,full classical solution vector tomography-style proxy at amplitude error about 0.01,rough_proxy_for_full_vector_output,4.6810245,500000,2340512.25,Uses N/error^2 repetitions as a simple tomography-scale proxy; constants and algorithmic improvements are not modeled.,dense_cholesky_n50_k1000,dense_direct,scipy.linalg.solve_assume_pos,1000,1000.0,0.0001,0.00019350000366102904,5.012785907832881e-15,,12095670313.785011,rough_full_vector_output_proxy_not_a_theorem
hhl_s1_fixed_m,50,8,maj_e6_floquet,0.0001,full_vector_tomography_proxy,full classical solution vector tomography-style proxy at amplitude error about 0.01,rough_proxy_for_full_vector_output,4.6810245,500000,2340512.25,Uses N/error^2 repetitions as a simple tomography-scale proxy; constants and algorithmic improvements are not modeled.,sparse_cg_n50_k1000_tol1e-04,sparse_iterative,scipy.sparse.linalg.cg,1000,1000.0,0.0001,0.002059599995845929,8.720493694851314e-15,50.0,1136391656.0111923,rough_full_vector_output_proxy_not_a_theorem
hhl_s1_fixed_m,100,4,maj_e6_floquet,0.0001,state_preparation_only,quantum_state_proportional_to_solution,not_comparable_to_classical_full_vector,0.45103200000000004,1,0.45103200000000004,Raw QDK estimate prepares a quantum state; it does not emit x as classical data.,dense_cholesky_n100_k100,dense_direct,scipy.linalg.solve_assume_pos,100,100.00000000000001,0.0001,0.00033409999741706997,1.4796381571676944e-15,,1349.991031089292,not_apples_to_apples_against_full_vector_classical_output
hhl_s1_fixed_m,100,4,maj_e6_floquet,0.0001,state_preparation_only,quantum_state_proportional_to_solution,not_comparable_to_classical_full_vector,0.45103200000000004,1,0.45103200000000004,Raw QDK estimate prepares a quantum state; it does not emit x as classical data.,sparse_cg_n100_k100_tol1e-04,sparse_iterative,scipy.sparse.linalg.cg,100,100.00000000000001,0.0001,0.001188399997772649,9.436462535809814e-05,46.0,379.5287789004913,not_apples_to_apples_against_full_vector_classical_output
hhl_s1_fixed_m,100,4,maj_e6_floquet,0.0001,state_preparation_only,quantum_state_proportional_to_solution,not_comparable_to_classical_full_vector,0.45103200000000004,1,0.45103200000000004,Raw QDK estimate prepares a quantum state; it does not emit x as classical data.,dense_cholesky_n100_k1000,dense_direct,scipy.linalg.solve_assume_pos,1000,1000.0,0.0001,0.00034980000054929405,9.563969208769848e-15,,1289.399654922071,not_apples_to_apples_against_full_vector_classical_output
hhl_s1_fixed_m,100,4,maj_e6_floquet,0.0001,state_preparation_only,quantum_state_proportional_to_solution,not_comparable_to_classical_full_vector,0.45103200000000004,1,0.45103200000000004,Raw QDK estimate prepares a quantum state; it does not emit x as classical data.,sparse_cg_n100_k1000_tol1e-04,sparse_iterative,scipy.sparse.linalg.cg,1000,1000.0,0.0001,0.00219719999586232,3.058832445155209e-05,99.0,205.27580595729367,not_apples_to_apples_against_full_vector_classical_output
hhl_s1_fixed_m,100,4,maj_e6_floquet,0.0001,single_scalar_observable_sampling,one bounded scalar observable to additive error about 0.01,conditionally_comparable_only_if_classical_task_is_same_scalar_observable,0.45103200000000004,10000,4510.320000000001,Uses plain 1/error^2 measurement sampling for a bounded observable; amplitude-estimation variants are not modeled.,dense_cholesky_n100_k100,dense_direct,scipy.linalg.solve_assume_pos,100,100.00000000000001,0.0001,0.00033409999741706997,1.4796381571676944e-15,,13499910.31089292,apples_to_apples_only_for_same_scalar_observable_task
hhl_s1_fixed_m,100,4,maj_e6_floquet,0.0001,single_scalar_observable_sampling,one bounded scalar observable to additive error about 0.01,conditionally_comparable_only_if_classical_task_is_same_scalar_observable,0.45103200000000004,10000,4510.320000000001,Uses plain 1/error^2 measurement sampling for a bounded observable; amplitude-estimation variants are not modeled.,sparse_cg_n100_k100_tol1e-04,sparse_iterative,scipy.sparse.linalg.cg,100,100.00000000000001,0.0001,0.001188399997772649,9.436462535809814e-05,46.0,3795287.789004913,apples_to_apples_only_for_same_scalar_observable_task
hhl_s1_fixed_m,100,4,maj_e6_floquet,0.0001,single_scalar_observable_sampling,one bounded scalar observable to additive error about 0.01,conditionally_comparable_only_if_classical_task_is_same_scalar_observable,0.45103200000000004,10000,4510.320000000001,Uses plain 1/error^2 measurement sampling for a bounded observable; amplitude-estimation variants are not modeled.,dense_cholesky_n100_k1000,dense_direct,scipy.linalg.solve_assume_pos,1000,1000.0,0.0001,0.00034980000054929405,9.563969208769848e-15,,12893996.549220711,apples_to_apples_only_for_same_scalar_observable_task
hhl_s1_fixed_m,100,4,maj_e6_floquet,0.0001,single_scalar_observable_sampling,one bounded scalar observable to additive error about 0.01,conditionally_comparable_only_if_classical_task_is_same_scalar_observable,0.45103200000000004,10000,4510.320000000001,Uses plain 1/error^2 measurement sampling for a bounded observable; amplitude-estimation variants are not modeled.,sparse_cg_n100_k1000_tol1e-04,sparse_iterative,scipy.sparse.linalg.cg,1000,1000.0,0.0001,0.00219719999586232,3.058832445155209e-05,99.0,2052758.0595729367,apples_to_apples_only_for_same_scalar_observable_task
hhl_s1_fixed_m,100,4,maj_e6_floquet,0.0001,full_vector_readout_lower_bound,full classical solution vector lower-bound readout,lower_bound_not_sufficient_for_vector_accuracy,0.45103200000000004,100,45.1032,At least O(N) state preparations are needed to emit N classical coordinates; signs/amplitudes require more.,dense_cholesky_n100_k100,dense_direct,scipy.linalg.solve_assume_pos,100,100.00000000000001,0.0001,0.00033409999741706997,1.4796381571676944e-15,,134999.10310892918,minimum_readout_charge_added_but_still_not_full_accuracy_tomography
hhl_s1_fixed_m,100,4,maj_e6_floquet,0.0001,full_vector_readout_lower_bound,full classical solution vector lower-bound readout,lower_bound_not_sufficient_for_vector_accuracy,0.45103200000000004,100,45.1032,At least O(N) state preparations are needed to emit N classical coordinates; signs/amplitudes require more.,sparse_cg_n100_k100_tol1e-04,sparse_iterative,scipy.sparse.linalg.cg,100,100.00000000000001,0.0001,0.001188399997772649,9.436462535809814e-05,46.0,37952.87789004913,minimum_readout_charge_added_but_still_not_full_accuracy_tomography
hhl_s1_fixed_m,100,4,maj_e6_floquet,0.0001,full_vector_readout_lower_bound,full classical solution vector lower-bound readout,lower_bound_not_sufficient_for_vector_accuracy,0.45103200000000004,100,45.1032,At least O(N) state preparations are needed to emit N classical coordinates; signs/amplitudes require more.,dense_cholesky_n100_k1000,dense_direct,scipy.linalg.solve_assume_pos,1000,1000.0,0.0001,0.00034980000054929405,9.563969208769848e-15,,128939.9654922071,minimum_readout_charge_added_but_still_not_full_accuracy_tomography
hhl_s1_fixed_m,100,4,maj_e6_floquet,0.0001,full_vector_readout_lower_bound,full classical solution vector lower-bound readout,lower_bound_not_sufficient_for_vector_accuracy,0.45103200000000004,100,45.1032,At least O(N) state preparations are needed to emit N classical coordinates; signs/amplitudes require more.,sparse_cg_n100_k1000_tol1e-04,sparse_iterative,scipy.sparse.linalg.cg,1000,1000.0,0.0001,0.00219719999586232,3.058832445155209e-05,99.0,20527.580595729363,minimum_readout_charge_added_but_still_not_full_accuracy_tomography
hhl_s1_fixed_m,100,4,maj_e6_floquet,0.0001,full_vector_tomography_proxy,full classical solution vector tomography-style proxy at amplitude error about 0.01,rough_proxy_for_full_vector_output,0.45103200000000004,1000000,451032.00000000006,Uses N/error^2 repetitions as a simple tomography-scale proxy; constants and algorithmic improvements are not modeled.,dense_cholesky_n100_k100,dense_direct,scipy.linalg.solve_assume_pos,100,100.00000000000001,0.0001,0.00033409999741706997,1.4796381571676944e-15,,1349991031.0892918,rough_full_vector_output_proxy_not_a_theorem
hhl_s1_fixed_m,100,4,maj_e6_floquet,0.0001,full_vector_tomography_proxy,full classical solution vector tomography-style proxy at amplitude error about 0.01,rough_proxy_for_full_vector_output,0.45103200000000004,1000000,451032.00000000006,Uses N/error^2 repetitions as a simple tomography-scale proxy; constants and algorithmic improvements are not modeled.,sparse_cg_n100_k100_tol1e-04,sparse_iterative,scipy.sparse.linalg.cg,100,100.00000000000001,0.0001,0.001188399997772649,9.436462535809814e-05,46.0,379528778.9004913,rough_full_vector_output_proxy_not_a_theorem
hhl_s1_fixed_m,100,4,maj_e6_floquet,0.0001,full_vector_tomography_proxy,full classical solution vector tomography-style proxy at amplitude error about 0.01,rough_proxy_for_full_vector_output,0.45103200000000004,1000000,451032.00000000006,Uses N/error^2 repetitions as a simple tomography-scale proxy; constants and algorithmic improvements are not modeled.,dense_cholesky_n100_k1000,dense_direct,scipy.linalg.solve_assume_pos,1000,1000.0,0.0001,0.00034980000054929405,9.563969208769848e-15,,1289399654.9220712,rough_full_vector_output_proxy_not_a_theorem
hhl_s1_fixed_m,100,4,maj_e6_floquet,0.0001,full_vector_tomography_proxy,full classical solution vector tomography-style proxy at amplitude error about 0.01,rough_proxy_for_full_vector_output,0.45103200000000004,1000000,451032.00000000006,Uses N/error^2 repetitions as a simple tomography-scale proxy; constants and algorithmic improvements are not modeled.,sparse_cg_n100_k1000_tol1e-04,sparse_iterative,scipy.sparse.linalg.cg,1000,1000.0,0.0001,0.00219719999586232,3.058832445155209e-05,99.0,205275805.95729366,rough_full_vector_output_proxy_not_a_theorem
hhl_s1_fixed_m,100,6,maj_e6_floquet,0.0001,state_preparation_only,quantum_state_proportional_to_solution,not_comparable_to_classical_full_vector,2.0361165000000003,1,2.0361165000000003,Raw QDK estimate prepares a quantum state; it does not emit x as classical data.,dense_cholesky_n100_k100,dense_direct,scipy.linalg.solve_assume_pos,100,100.00000000000001,0.0001,0.00033409999741706997,1.4796381571676944e-15,,6094.332582284451,not_apples_to_apples_against_full_vector_classical_output
hhl_s1_fixed_m,100,6,maj_e6_floquet,0.0001,state_preparation_only,quantum_state_proportional_to_solution,not_comparable_to_classical_full_vector,2.0361165000000003,1,2.0361165000000003,Raw QDK estimate prepares a quantum state; it does not emit x as classical data.,sparse_cg_n100_k100_tol1e-04,sparse_iterative,scipy.sparse.linalg.cg,100,100.00000000000001,0.0001,0.001188399997772649,9.436462535809814e-05,46.0,1713.325903581436,not_apples_to_apples_against_full_vector_classical_output
hhl_s1_fixed_m,100,6,maj_e6_floquet,0.0001,state_preparation_only,quantum_state_proportional_to_solution,not_comparable_to_classical_full_vector,2.0361165000000003,1,2.0361165000000003,Raw QDK estimate prepares a quantum state; it does not emit x as classical data.,dense_cholesky_n100_k1000,dense_direct,scipy.linalg.solve_assume_pos,1000,1000.0,0.0001,0.00034980000054929405,9.563969208769848e-15,,5820.801877651997,not_apples_to_apples_against_full_vector_classical_output
hhl_s1_fixed_m,100,6,maj_e6_floquet,0.0001,state_preparation_only,quantum_state_proportional_to_solution,not_comparable_to_classical_full_vector,2.0361165000000003,1,2.0361165000000003,Raw QDK estimate prepares a quantum state; it does not emit x as classical data.,sparse_cg_n100_k1000_tol1e-04,sparse_iterative,scipy.sparse.linalg.cg,1000,1000.0,0.0001,0.00219719999586232,3.058832445155209e-05,99.0,926.6869214611024,not_apples_to_apples_against_full_vector_classical_output
hhl_s1_fixed_m,100,6,maj_e6_floquet,0.0001,single_scalar_observable_sampling,one bounded scalar observable to additive error about 0.01,conditionally_comparable_only_if_classical_task_is_same_scalar_observable,2.0361165000000003,10000,20361.165000000005,Uses plain 1/error^2 measurement sampling for a bounded observable; amplitude-estimation variants are not modeled.,dense_cholesky_n100_k100,dense_direct,scipy.linalg.solve_assume_pos,100,100.00000000000001,0.0001,0.00033409999741706997,1.4796381571676944e-15,,60943325.82284451,apples_to_apples_only_for_same_scalar_observable_task
hhl_s1_fixed_m,100,6,maj_e6_floquet,0.0001,single_scalar_observable_sampling,one bounded scalar observable to additive error about 0.01,conditionally_comparable_only_if_classical_task_is_same_scalar_observable,2.0361165000000003,10000,20361.165000000005,Uses plain 1/error^2 measurement sampling for a bounded observable; amplitude-estimation variants are not modeled.,sparse_cg_n100_k100_tol1e-04,sparse_iterative,scipy.sparse.linalg.cg,100,100.00000000000001,0.0001,0.001188399997772649,9.436462535809814e-05,46.0,17133259.03581436,apples_to_apples_only_for_same_scalar_observable_task
hhl_s1_fixed_m,100,6,maj_e6_floquet,0.0001,single_scalar_observable_sampling,one bounded scalar observable to additive error about 0.01,conditionally_comparable_only_if_classical_task_is_same_scalar_observable,2.0361165000000003,10000,20361.165000000005,Uses plain 1/error^2 measurement sampling for a bounded observable; amplitude-estimation variants are not modeled.,dense_cholesky_n100_k1000,dense_direct,scipy.linalg.solve_assume_pos,1000,1000.0,0.0001,0.00034980000054929405,9.563969208769848e-15,,58208018.77651997,apples_to_apples_only_for_same_scalar_observable_task
hhl_s1_fixed_m,100,6,maj_e6_floquet,0.0001,single_scalar_observable_sampling,one bounded scalar observable to additive error about 0.01,conditionally_comparable_only_if_classical_task_is_same_scalar_observable,2.0361165000000003,10000,20361.165000000005,Uses plain 1/error^2 measurement sampling for a bounded observable; amplitude-estimation variants are not modeled.,sparse_cg_n100_k1000_tol1e-04,sparse_iterative,scipy.sparse.linalg.cg,1000,1000.0,0.0001,0.00219719999586232,3.058832445155209e-05,99.0,9266869.214611026,apples_to_apples_only_for_same_scalar_observable_task
hhl_s1_fixed_m,100,6,maj_e6_floquet,0.0001,full_vector_readout_lower_bound,full classical solution vector lower-bound readout,lower_bound_not_sufficient_for_vector_accuracy,2.0361165000000003,100,203.61165000000003,At least O(N) state preparations are needed to emit N classical coordinates; signs/amplitudes require more.,dense_cholesky_n100_k100,dense_direct,scipy.linalg.solve_assume_pos,100,100.00000000000001,0.0001,0.00033409999741706997,1.4796381571676944e-15,,609433.2582284451,minimum_readout_charge_added_but_still_not_full_accuracy_tomography
hhl_s1_fixed_m,100,6,maj_e6_floquet,0.0001,full_vector_readout_lower_bound,full classical solution vector lower-bound readout,lower_bound_not_sufficient_for_vector_accuracy,2.0361165000000003,100,203.61165000000003,At least O(N) state preparations are needed to emit N classical coordinates; signs/amplitudes require more.,sparse_cg_n100_k100_tol1e-04,sparse_iterative,scipy.sparse.linalg.cg,100,100.00000000000001,0.0001,0.001188399997772649,9.436462535809814e-05,46.0,171332.5903581436,minimum_readout_charge_added_but_still_not_full_accuracy_tomography
hhl_s1_fixed_m,100,6,maj_e6_floquet,0.0001,full_vector_readout_lower_bound,full classical solution vector lower-bound readout,lower_bound_not_sufficient_for_vector_accuracy,2.0361165000000003,100,203.61165000000003,At least O(N) state preparations are needed to emit N classical coordinates; signs/amplitudes require more.,dense_cholesky_n100_k1000,dense_direct,scipy.linalg.solve_assume_pos,1000,1000.0,0.0001,0.00034980000054929405,9.563969208769848e-15,,582080.1877651997,minimum_readout_charge_added_but_still_not_full_accuracy_tomography
hhl_s1_fixed_m,100,6,maj_e6_floquet,0.0001,full_vector_readout_lower_bound,full classical solution vector lower-bound readout,lower_bound_not_sufficient_for_vector_accuracy,2.0361165000000003,100,203.61165000000003,At least O(N) state preparations are needed to emit N classical coordinates; signs/amplitudes require more.,sparse_cg_n100_k1000_tol1e-04,sparse_iterative,scipy.sparse.linalg.cg,1000,1000.0,0.0001,0.00219719999586232,3.058832445155209e-05,99.0,92668.69214611023,minimum_readout_charge_added_but_still_not_full_accuracy_tomography
hhl_s1_fixed_m,100,6,maj_e6_floquet,0.0001,full_vector_tomography_proxy,full classical solution vector tomography-style proxy at amplitude error about 0.01,rough_proxy_for_full_vector_output,2.0361165000000003,1000000,2036116.5000000002,Uses N/error^2 repetitions as a simple tomography-scale proxy; constants and algorithmic improvements are not modeled.,dense_cholesky_n100_k100,dense_direct,scipy.linalg.solve_assume_pos,100,100.00000000000001,0.0001,0.00033409999741706997,1.4796381571676944e-15,,6094332582.284451,rough_full_vector_output_proxy_not_a_theorem
hhl_s1_fixed_m,100,6,maj_e6_floquet,0.0001,full_vector_tomography_proxy,full classical solution vector tomography-style proxy at amplitude error about 0.01,rough_proxy_for_full_vector_output,2.0361165000000003,1000000,2036116.5000000002,Uses N/error^2 repetitions as a simple tomography-scale proxy; constants and algorithmic improvements are not modeled.,sparse_cg_n100_k100_tol1e-04,sparse_iterative,scipy.sparse.linalg.cg,100,100.00000000000001,0.0001,0.001188399997772649,9.436462535809814e-05,46.0,1713325903.581436,rough_full_vector_output_proxy_not_a_theorem
hhl_s1_fixed_m,100,6,maj_e6_floquet,0.0001,full_vector_tomography_proxy,full classical solution vector tomography-style proxy at amplitude error about 0.01,rough_proxy_for_full_vector_output,2.0361165000000003,1000000,2036116.5000000002,Uses N/error^2 repetitions as a simple tomography-scale proxy; constants and algorithmic improvements are not modeled.,dense_cholesky_n100_k1000,dense_direct,scipy.linalg.solve_assume_pos,1000,1000.0,0.0001,0.00034980000054929405,9.563969208769848e-15,,5820801877.651997,rough_full_vector_output_proxy_not_a_theorem
hhl_s1_fixed_m,100,6,maj_e6_floquet,0.0001,full_vector_tomography_proxy,full classical solution vector tomography-style proxy at amplitude error about 0.01,rough_proxy_for_full_vector_output,2.0361165000000003,1000000,2036116.5000000002,Uses N/error^2 repetitions as a simple tomography-scale proxy; constants and algorithmic improvements are not modeled.,sparse_cg_n100_k1000_tol1e-04,sparse_iterative,scipy.sparse.linalg.cg,1000,1000.0,0.0001,0.00219719999586232,3.058832445155209e-05,99.0,926686921.4611024,rough_full_vector_output_proxy_not_a_theorem
hhl_s1_fixed_m,100,8,maj_e6_floquet,0.0001,state_preparation_only,quantum_state_proportional_to_solution,not_comparable_to_classical_full_vector,13.1227593,1,13.1227593,Raw QDK estimate prepares a quantum state; it does not emit x as classical data.,dense_cholesky_n100_k100,dense_direct,scipy.linalg.solve_assume_pos,100,100.00000000000001,0.0001,0.00033409999741706997,1.4796381571676944e-15,,39277.938944783506,not_apples_to_apples_against_full_vector_classical_output
hhl_s1_fixed_m,100,8,maj_e6_floquet,0.0001,state_preparation_only,quantum_state_proportional_to_solution,not_comparable_to_classical_full_vector,13.1227593,1,13.1227593,Raw QDK estimate prepares a quantum state; it does not emit x as classical data.,sparse_cg_n100_k100_tol1e-04,sparse_iterative,scipy.sparse.linalg.cg,100,100.00000000000001,0.0001,0.001188399997772649,9.436462535809814e-05,46.0,11042.375735943493,not_apples_to_apples_against_full_vector_classical_output
hhl_s1_fixed_m,100,8,maj_e6_floquet,0.0001,state_preparation_only,quantum_state_proportional_to_solution,not_comparable_to_classical_full_vector,13.1227593,1,13.1227593,Raw QDK estimate prepares a quantum state; it does not emit x as classical data.,dense_cholesky_n100_k1000,dense_direct,scipy.linalg.solve_assume_pos,1000,1000.0,0.0001,0.00034980000054929405,9.563969208769848e-15,,37515.035104040064,not_apples_to_apples_against_full_vector_classical_output
hhl_s1_fixed_m,100,8,maj_e6_floquet,0.0001,state_preparation_only,quantum_state_proportional_to_solution,not_comparable_to_classical_full_vector,13.1227593,1,13.1227593,Raw QDK estimate prepares a quantum state; it does not emit x as classical data.,sparse_cg_n100_k1000_tol1e-04,sparse_iterative,scipy.sparse.linalg.cg,1000,1000.0,0.0001,0.00219719999586232,3.058832445155209e-05,99.0,5972.4919555398965,not_apples_to_apples_against_full_vector_classical_output
hhl_s1_fixed_m,100,8,maj_e6_floquet,0.0001,single_scalar_observable_sampling,one bounded scalar observable to additive error about 0.01,conditionally_comparable_only_if_classical_task_is_same_scalar_observable,13.1227593,10000,131227.593,Uses plain 1/error^2 measurement sampling for a bounded observable; amplitude-estimation variants are not modeled.,dense_cholesky_n100_k100,dense_direct,scipy.linalg.solve_assume_pos,100,100.00000000000001,0.0001,0.00033409999741706997,1.4796381571676944e-15,,392779389.447835,apples_to_apples_only_for_same_scalar_observable_task
hhl_s1_fixed_m,100,8,maj_e6_floquet,0.0001,single_scalar_observable_sampling,one bounded scalar observable to additive error about 0.01,conditionally_comparable_only_if_classical_task_is_same_scalar_observable,13.1227593,10000,131227.593,Uses plain 1/error^2 measurement sampling for a bounded observable; amplitude-estimation variants are not modeled.,sparse_cg_n100_k100_tol1e-04,sparse_iterative,scipy.sparse.linalg.cg,100,100.00000000000001,0.0001,0.001188399997772649,9.436462535809814e-05,46.0,110423757.35943493,apples_to_apples_only_for_same_scalar_observable_task
hhl_s1_fixed_m,100,8,maj_e6_floquet,0.0001,single_scalar_observable_sampling,one bounded scalar observable to additive error about 0.01,conditionally_comparable_only_if_classical_task_is_same_scalar_observable,13.1227593,10000,131227.593,Uses plain 1/error^2 measurement sampling for a bounded observable; amplitude-estimation variants are not modeled.,dense_cholesky_n100_k1000,dense_direct,scipy.linalg.solve_assume_pos,1000,1000.0,0.0001,0.00034980000054929405,9.563969208769848e-15,,375150351.0404006,apples_to_apples_only_for_same_scalar_observable_task
hhl_s1_fixed_m,100,8,maj_e6_floquet,0.0001,single_scalar_observable_sampling,one bounded scalar observable to additive error about 0.01,conditionally_comparable_only_if_classical_task_is_same_scalar_observable,13.1227593,10000,131227.593,Uses plain 1/error^2 measurement sampling for a bounded observable; amplitude-estimation variants are not modeled.,sparse_cg_n100_k1000_tol1e-04,sparse_iterative,scipy.sparse.linalg.cg,1000,1000.0,0.0001,0.00219719999586232,3.058832445155209e-05,99.0,59724919.55539896,apples_to_apples_only_for_same_scalar_observable_task
hhl_s1_fixed_m,100,8,maj_e6_floquet,0.0001,full_vector_readout_lower_bound,full classical solution vector lower-bound readout,lower_bound_not_sufficient_for_vector_accuracy,13.1227593,100,1312.27593,At least O(N) state preparations are needed to emit N classical coordinates; signs/amplitudes require more.,dense_cholesky_n100_k100,dense_direct,scipy.linalg.solve_assume_pos,100,100.00000000000001,0.0001,0.00033409999741706997,1.4796381571676944e-15,,3927793.8944783504,minimum_readout_charge_added_but_still_not_full_accuracy_tomography
hhl_s1_fixed_m,100,8,maj_e6_floquet,0.0001,full_vector_readout_lower_bound,full classical solution vector lower-bound readout,lower_bound_not_sufficient_for_vector_accuracy,13.1227593,100,1312.27593,At least O(N) state preparations are needed to emit N classical coordinates; signs/amplitudes require more.,sparse_cg_n100_k100_tol1e-04,sparse_iterative,scipy.sparse.linalg.cg,100,100.00000000000001,0.0001,0.001188399997772649,9.436462535809814e-05,46.0,1104237.5735943494,minimum_readout_charge_added_but_still_not_full_accuracy_tomography
hhl_s1_fixed_m,100,8,maj_e6_floquet,0.0001,full_vector_readout_lower_bound,full classical solution vector lower-bound readout,lower_bound_not_sufficient_for_vector_accuracy,13.1227593,100,1312.27593,At least O(N) state preparations are needed to emit N classical coordinates; signs/amplitudes require more.,dense_cholesky_n100_k1000,dense_direct,scipy.linalg.solve_assume_pos,1000,1000.0,0.0001,0.00034980000054929405,9.563969208769848e-15,,3751503.5104040066,minimum_readout_charge_added_but_still_not_full_accuracy_tomography
hhl_s1_fixed_m,100,8,maj_e6_floquet,0.0001,full_vector_readout_lower_bound,full classical solution vector lower-bound readout,lower_bound_not_sufficient_for_vector_accuracy,13.1227593,100,1312.27593,At least O(N) state preparations are needed to emit N classical coordinates; signs/amplitudes require more.,sparse_cg_n100_k1000_tol1e-04,sparse_iterative,scipy.sparse.linalg.cg,1000,1000.0,0.0001,0.00219719999586232,3.058832445155209e-05,99.0,597249.1955539896,minimum_readout_charge_added_but_still_not_full_accuracy_tomography
hhl_s1_fixed_m,100,8,maj_e6_floquet,0.0001,full_vector_tomography_proxy,full classical solution vector tomography-style proxy at amplitude error about 0.01,rough_proxy_for_full_vector_output,13.1227593,1000000,13122759.3,Uses N/error^2 repetitions as a simple tomography-scale proxy; constants and algorithmic improvements are not modeled.,dense_cholesky_n100_k100,dense_direct,scipy.linalg.solve_assume_pos,100,100.00000000000001,0.0001,0.00033409999741706997,1.4796381571676944e-15,,39277938944.7835,rough_full_vector_output_proxy_not_a_theorem
hhl_s1_fixed_m,100,8,maj_e6_floquet,0.0001,full_vector_tomography_proxy,full classical solution vector tomography-style proxy at amplitude error about 0.01,rough_proxy_for_full_vector_output,13.1227593,1000000,13122759.3,Uses N/error^2 repetitions as a simple tomography-scale proxy; constants and algorithmic improvements are not modeled.,sparse_cg_n100_k100_tol1e-04,sparse_iterative,scipy.sparse.linalg.cg,100,100.00000000000001,0.0001,0.001188399997772649,9.436462535809814e-05,46.0,11042375735.943495,rough_full_vector_output_proxy_not_a_theorem
hhl_s1_fixed_m,100,8,maj_e6_floquet,0.0001,full_vector_tomography_proxy,full classical solution vector tomography-style proxy at amplitude error about 0.01,rough_proxy_for_full_vector_output,13.1227593,1000000,13122759.3,Uses N/error^2 repetitions as a simple tomography-scale proxy; constants and algorithmic improvements are not modeled.,dense_cholesky_n100_k1000,dense_direct,scipy.linalg.solve_assume_pos,1000,1000.0,0.0001,0.00034980000054929405,9.563969208769848e-15,,37515035104.04007,rough_full_vector_output_proxy_not_a_theorem
hhl_s1_fixed_m,100,8,maj_e6_floquet,0.0001,full_vector_tomography_proxy,full classical solution vector tomography-style proxy at amplitude error about 0.01,rough_proxy_for_full_vector_output,13.1227593,1000000,13122759.3,Uses N/error^2 repetitions as a simple tomography-scale proxy; constants and algorithmic improvements are not modeled.,sparse_cg_n100_k1000_tol1e-04,sparse_iterative,scipy.sparse.linalg.cg,1000,1000.0,0.0001,0.00219719999586232,3.058832445155209e-05,99.0,5972491955.539897,rough_full_vector_output_proxy_not_a_theorem
hhl_s1_fixed_m,250,4,maj_e6_floquet,0.0001,state_preparation_only,quantum_state_proportional_to_solution,not_comparable_to_classical_full_vector,1.1217255000000002,1,1.1217255000000002,Raw QDK estimate prepares a quantum state; it does not emit x as classical data.,dense_cholesky_n250_k100,dense_direct,scipy.linalg.solve_assume_pos,100,100.00000000000001,0.0001,0.001694499995210208,1.4563383851253265e-15,,661.9802320275879,not_apples_to_apples_against_full_vector_classical_output
hhl_s1_fixed_m,250,4,maj_e6_floquet,0.0001,state_preparation_only,quantum_state_proportional_to_solution,not_comparable_to_classical_full_vector,1.1217255000000002,1,1.1217255000000002,Raw QDK estimate prepares a quantum state; it does not emit x as classical data.,sparse_cg_n250_k100_tol1e-04,sparse_iterative,scipy.sparse.linalg.cg,100,100.00000000000001,0.0001,0.0013195999927120283,9.02355866989301e-05,47.0,850.0496409481191,not_apples_to_apples_against_full_vector_classical_output
hhl_s1_fixed_m,250,4,maj_e6_floquet,0.0001,state_preparation_only,quantum_state_proportional_to_solution,not_comparable_to_classical_full_vector,1.1217255000000002,1,1.1217255000000002,Raw QDK estimate prepares a quantum state; it does not emit x as classical data.,dense_cholesky_n250_k1000,dense_direct,scipy.linalg.solve_assume_pos,1000,1000.0000000000001,0.0001,0.0015483000024687499,5.451127007276857e-15,,724.4884700713164,not_apples_to_apples_against_full_vector_classical_output
hhl_s1_fixed_m,250,4,maj_e6_floquet,0.0001,state_preparation_only,quantum_state_proportional_to_solution,not_comparable_to_classical_full_vector,1.1217255000000002,1,1.1217255000000002,Raw QDK estimate prepares a quantum state; it does not emit x as classical data.,sparse_cg_n250_k1000_tol1e-04,sparse_iterative,scipy.sparse.linalg.cg,1000,1000.0000000000001,0.0001,0.0029181999998399988,9.572988987327465e-05,135.0,384.3895209586399,not_apples_to_apples_against_full_vector_classical_output
hhl_s1_fixed_m,250,4,maj_e6_floquet,0.0001,single_scalar_observable_sampling,one bounded scalar observable to additive error about 0.01,conditionally_comparable_only_if_classical_task_is_same_scalar_observable,1.1217255000000002,10000,11217.255000000001,Uses plain 1/error^2 measurement sampling for a bounded observable; amplitude-estimation variants are not modeled.,dense_cholesky_n250_k100,dense_direct,scipy.linalg.solve_assume_pos,100,100.00000000000001,0.0001,0.001694499995210208,1.4563383851253265e-15,,6619802.320275879,apples_to_apples_only_for_same_scalar_observable_task
hhl_s1_fixed_m,250,4,maj_e6_floquet,0.0001,single_scalar_observable_sampling,one bounded scalar observable to additive error about 0.01,conditionally_comparable_only_if_classical_task_is_same_scalar_observable,1.1217255000000002,10000,11217.255000000001,Uses plain 1/error^2 measurement sampling for a bounded observable; amplitude-estimation variants are not modeled.,sparse_cg_n250_k100_tol1e-04,sparse_iterative,scipy.sparse.linalg.cg,100,100.00000000000001,0.0001,0.0013195999927120283,9.02355866989301e-05,47.0,8500496.40948119,apples_to_apples_only_for_same_scalar_observable_task
hhl_s1_fixed_m,250,4,maj_e6_floquet,0.0001,single_scalar_observable_sampling,one bounded scalar observable to additive error about 0.01,conditionally_comparable_only_if_classical_task_is_same_scalar_observable,1.1217255000000002,10000,11217.255000000001,Uses plain 1/error^2 measurement sampling for a bounded observable; amplitude-estimation variants are not modeled.,dense_cholesky_n250_k1000,dense_direct,scipy.linalg.solve_assume_pos,1000,1000.0000000000001,0.0001,0.0015483000024687499,5.451127007276857e-15,,7244884.700713164,apples_to_apples_only_for_same_scalar_observable_task
hhl_s1_fixed_m,250,4,maj_e6_floquet,0.0001,single_scalar_observable_sampling,one bounded scalar observable to additive error about 0.01,conditionally_comparable_only_if_classical_task_is_same_scalar_observable,1.1217255000000002,10000,11217.255000000001,Uses plain 1/error^2 measurement sampling for a bounded observable; amplitude-estimation variants are not modeled.,sparse_cg_n250_k1000_tol1e-04,sparse_iterative,scipy.sparse.linalg.cg,1000,1000.0000000000001,0.0001,0.0029181999998399988,9.572988987327465e-05,135.0,3843895.2095863987,apples_to_apples_only_for_same_scalar_observable_task
hhl_s1_fixed_m,250,4,maj_e6_floquet,0.0001,full_vector_readout_lower_bound,full classical solution vector lower-bound readout,lower_bound_not_sufficient_for_vector_accuracy,1.1217255000000002,250,280.43137500000006,At least O(N) state preparations are needed to emit N classical coordinates; signs/amplitudes require more.,dense_cholesky_n250_k100,dense_direct,scipy.linalg.solve_assume_pos,100,100.00000000000001,0.0001,0.001694499995210208,1.4563383851253265e-15,,165495.058006897,minimum_readout_charge_added_but_still_not_full_accuracy_tomography
hhl_s1_fixed_m,250,4,maj_e6_floquet,0.0001,full_vector_readout_lower_bound,full classical solution vector lower-bound readout,lower_bound_not_sufficient_for_vector_accuracy,1.1217255000000002,250,280.43137500000006,At least O(N) state preparations are needed to emit N classical coordinates; signs/amplitudes require more.,sparse_cg_n250_k100_tol1e-04,sparse_iterative,scipy.sparse.linalg.cg,100,100.00000000000001,0.0001,0.0013195999927120283,9.02355866989301e-05,47.0,212512.41023702978,minimum_readout_charge_added_but_still_not_full_accuracy_tomography
hhl_s1_fixed_m,250,4,maj_e6_floquet,0.0001,full_vector_readout_lower_bound,full classical solution vector lower-bound readout,lower_bound_not_sufficient_for_vector_accuracy,1.1217255000000002,250,280.43137500000006,At least O(N) state preparations are needed to emit N classical coordinates; signs/amplitudes require more.,dense_cholesky_n250_k1000,dense_direct,scipy.linalg.solve_assume_pos,1000,1000.0000000000001,0.0001,0.0015483000024687499,5.451127007276857e-15,,181122.11751782915,minimum_readout_charge_added_but_still_not_full_accuracy_tomography
hhl_s1_fixed_m,250,4,maj_e6_floquet,0.0001,full_vector_readout_lower_bound,full classical solution vector lower-bound readout,lower_bound_not_sufficient_for_vector_accuracy,1.1217255000000002,250,280.43137500000006,At least O(N) state preparations are needed to emit N classical coordinates; signs/amplitudes require more.,sparse_cg_n250_k1000_tol1e-04,sparse_iterative,scipy.sparse.linalg.cg,1000,1000.0000000000001,0.0001,0.0029181999998399988,9.572988987327465e-05,135.0,96097.38023965998,minimum_readout_charge_added_but_still_not_full_accuracy_tomography
hhl_s1_fixed_m,250,4,maj_e6_floquet,0.0001,full_vector_tomography_proxy,full classical solution vector tomography-style proxy at amplitude error about 0.01,rough_proxy_for_full_vector_output,1.1217255000000002,2500000,2804313.7500000005,Uses N/error^2 repetitions as a simple tomography-scale proxy; constants and algorithmic improvements are not modeled.,dense_cholesky_n250_k100,dense_direct,scipy.linalg.solve_assume_pos,100,100.00000000000001,0.0001,0.001694499995210208,1.4563383851253265e-15,,1654950580.06897,rough_full_vector_output_proxy_not_a_theorem
hhl_s1_fixed_m,250,4,maj_e6_floquet,0.0001,full_vector_tomography_proxy,full classical solution vector tomography-style proxy at amplitude error about 0.01,rough_proxy_for_full_vector_output,1.1217255000000002,2500000,2804313.7500000005,Uses N/error^2 repetitions as a simple tomography-scale proxy; constants and algorithmic improvements are not modeled.,sparse_cg_n250_k100_tol1e-04,sparse_iterative,scipy.sparse.linalg.cg,100,100.00000000000001,0.0001,0.0013195999927120283,9.02355866989301e-05,47.0,2125124102.3702977,rough_full_vector_output_proxy_not_a_theorem
hhl_s1_fixed_m,250,4,maj_e6_floquet,0.0001,full_vector_tomography_proxy,full classical solution vector tomography-style proxy at amplitude error about 0.01,rough_proxy_for_full_vector_output,1.1217255000000002,2500000,2804313.7500000005,Uses N/error^2 repetitions as a simple tomography-scale proxy; constants and algorithmic improvements are not modeled.,dense_cholesky_n250_k1000,dense_direct,scipy.linalg.solve_assume_pos,1000,1000.0000000000001,0.0001,0.0015483000024687499,5.451127007276857e-15,,1811221175.1782913,rough_full_vector_output_proxy_not_a_theorem
hhl_s1_fixed_m,250,4,maj_e6_floquet,0.0001,full_vector_tomography_proxy,full classical solution vector tomography-style proxy at amplitude error about 0.01,rough_proxy_for_full_vector_output,1.1217255000000002,2500000,2804313.7500000005,Uses N/error^2 repetitions as a simple tomography-scale proxy; constants and algorithmic improvements are not modeled.,sparse_cg_n250_k1000_tol1e-04,sparse_iterative,scipy.sparse.linalg.cg,1000,1000.0000000000001,0.0001,0.0029181999998399988,9.572988987327465e-05,135.0,960973802.3965998,rough_full_vector_output_proxy_not_a_theorem
hhl_s1_fixed_m,250,6,maj_e6_floquet,0.0001,state_preparation_only,quantum_state_proportional_to_solution,not_comparable_to_classical_full_vector,7.2642864000000005,1,7.2642864000000005,Raw QDK estimate prepares a quantum state; it does not emit x as classical data.,dense_cholesky_n250_k100,dense_direct,scipy.linalg.solve_assume_pos,100,100.00000000000001,0.0001,0.001694499995210208,1.4563383851253265e-15,,4286.9792980429265,not_apples_to_apples_against_full_vector_classical_output
hhl_s1_fixed_m,250,6,maj_e6_floquet,0.0001,state_preparation_only,quantum_state_proportional_to_solution,not_comparable_to_classical_full_vector,7.2642864000000005,1,7.2642864000000005,Raw QDK estimate prepares a quantum state; it does not emit x as classical data.,sparse_cg_n250_k100_tol1e-04,sparse_iterative,scipy.sparse.linalg.cg,100,100.00000000000001,0.0001,0.0013195999927120283,9.02355866989301e-05,47.0,5504.915459320755,not_apples_to_apples_against_full_vector_classical_output
hhl_s1_fixed_m,250,6,maj_e6_floquet,0.0001,state_preparation_only,quantum_state_proportional_to_solution,not_comparable_to_classical_full_vector,7.2642864000000005,1,7.2642864000000005,Raw QDK estimate prepares a quantum state; it does not emit x as classical data.,dense_cholesky_n250_k1000,dense_direct,scipy.linalg.solve_assume_pos,1000,1000.0000000000001,0.0001,0.0015483000024687499,5.451127007276857e-15,,4691.782205268464,not_apples_to_apples_against_full_vector_classical_output
hhl_s1_fixed_m,250,6,maj_e6_floquet,0.0001,state_preparation_only,quantum_state_proportional_to_solution,not_comparable_to_classical_full_vector,7.2642864000000005,1,7.2642864000000005,Raw QDK estimate prepares a quantum state; it does not emit x as classical data.,sparse_cg_n250_k1000_tol1e-04,sparse_iterative,scipy.sparse.linalg.cg,1000,1000.0000000000001,0.0001,0.0029181999998399988,9.572988987327465e-05,135.0,2489.3038175581837,not_apples_to_apples_against_full_vector_classical_output
hhl_s1_fixed_m,250,6,maj_e6_floquet,0.0001,single_scalar_observable_sampling,one bounded scalar observable to additive error about 0.01,conditionally_comparable_only_if_classical_task_is_same_scalar_observable,7.2642864000000005,10000,72642.864,Uses plain 1/error^2 measurement sampling for a bounded observable; amplitude-estimation variants are not modeled.,dense_cholesky_n250_k100,dense_direct,scipy.linalg.solve_assume_pos,100,100.00000000000001,0.0001,0.001694499995210208,1.4563383851253265e-15,,42869792.98042927,apples_to_apples_only_for_same_scalar_observable_task
hhl_s1_fixed_m,250,6,maj_e6_floquet,0.0001,single_scalar_observable_sampling,one bounded scalar observable to additive error about 0.01,conditionally_comparable_only_if_classical_task_is_same_scalar_observable,7.2642864000000005,10000,72642.864,Uses plain 1/error^2 measurement sampling for a bounded observable; amplitude-estimation variants are not modeled.,sparse_cg_n250_k100_tol1e-04,sparse_iterative,scipy.sparse.linalg.cg,100,100.00000000000001,0.0001,0.0013195999927120283,9.02355866989301e-05,47.0,55049154.593207546,apples_to_apples_only_for_same_scalar_observable_task
hhl_s1_fixed_m,250,6,maj_e6_floquet,0.0001,single_scalar_observable_sampling,one bounded scalar observable to additive error about 0.01,conditionally_comparable_only_if_classical_task_is_same_scalar_observable,7.2642864000000005,10000,72642.864,Uses plain 1/error^2 measurement sampling for a bounded observable; amplitude-estimation variants are not modeled.,dense_cholesky_n250_k1000,dense_direct,scipy.linalg.solve_assume_pos,1000,1000.0000000000001,0.0001,0.0015483000024687499,5.451127007276857e-15,,46917822.05268464,apples_to_apples_only_for_same_scalar_observable_task
hhl_s1_fixed_m,250,6,maj_e6_floquet,0.0001,single_scalar_observable_sampling,one bounded scalar observable to additive error about 0.01,conditionally_comparable_only_if_classical_task_is_same_scalar_observable,7.2642864000000005,10000,72642.864,Uses plain 1/error^2 measurement sampling for a bounded observable; amplitude-estimation variants are not modeled.,sparse_cg_n250_k1000_tol1e-04,sparse_iterative,scipy.sparse.linalg.cg,1000,1000.0000000000001,0.0001,0.0029181999998399988,9.572988987327465e-05,135.0,24893038.17558184,apples_to_apples_only_for_same_scalar_observable_task
hhl_s1_fixed_m,250,6,maj_e6_floquet,0.0001,full_vector_readout_lower_bound,full classical solution vector lower-bound readout,lower_bound_not_sufficient_for_vector_accuracy,7.2642864000000005,250,1816.0716000000002,At least O(N) state preparations are needed to emit N classical coordinates; signs/amplitudes require more.,dense_cholesky_n250_k100,dense_direct,scipy.linalg.solve_assume_pos,100,100.00000000000001,0.0001,0.001694499995210208,1.4563383851253265e-15,,1071744.8245107317,minimum_readout_charge_added_but_still_not_full_accuracy_tomography
hhl_s1_fixed_m,250,6,maj_e6_floquet,0.0001,full_vector_readout_lower_bound,full classical solution vector lower-bound readout,lower_bound_not_sufficient_for_vector_accuracy,7.2642864000000005,250,1816.0716000000002,At least O(N) state preparations are needed to emit N classical coordinates; signs/amplitudes require more.,sparse_cg_n250_k100_tol1e-04,sparse_iterative,scipy.sparse.linalg.cg,100,100.00000000000001,0.0001,0.0013195999927120283,9.02355866989301e-05,47.0,1376228.864830189,minimum_readout_charge_added_but_still_not_full_accuracy_tomography
hhl_s1_fixed_m,250,6,maj_e6_floquet,0.0001,full_vector_readout_lower_bound,full classical solution vector lower-bound readout,lower_bound_not_sufficient_for_vector_accuracy,7.2642864000000005,250,1816.0716000000002,At least O(N) state preparations are needed to emit N classical coordinates; signs/amplitudes require more.,dense_cholesky_n250_k1000,dense_direct,scipy.linalg.solve_assume_pos,1000,1000.0000000000001,0.0001,0.0015483000024687499,5.451127007276857e-15,,1172945.5513171162,minimum_readout_charge_added_but_still_not_full_accuracy_tomography
hhl_s1_fixed_m,250,6,maj_e6_floquet,0.0001,full_vector_readout_lower_bound,full classical solution vector lower-bound readout,lower_bound_not_sufficient_for_vector_accuracy,7.2642864000000005,250,1816.0716000000002,At least O(N) state preparations are needed to emit N classical coordinates; signs/amplitudes require more.,sparse_cg_n250_k1000_tol1e-04,sparse_iterative,scipy.sparse.linalg.cg,1000,1000.0000000000001,0.0001,0.0029181999998399988,9.572988987327465e-05,135.0,622325.954389546,minimum_readout_charge_added_but_still_not_full_accuracy_tomography
hhl_s1_fixed_m,250,6,maj_e6_floquet,0.0001,full_vector_tomography_proxy,full classical solution vector tomography-style proxy at amplitude error about 0.01,rough_proxy_for_full_vector_output,7.2642864000000005,2500000,18160716.0,Uses N/error^2 repetitions as a simple tomography-scale proxy; constants and algorithmic improvements are not modeled.,dense_cholesky_n250_k100,dense_direct,scipy.linalg.solve_assume_pos,100,100.00000000000001,0.0001,0.001694499995210208,1.4563383851253265e-15,,10717448245.107317,rough_full_vector_output_proxy_not_a_theorem
hhl_s1_fixed_m,250,6,maj_e6_floquet,0.0001,full_vector_tomography_proxy,full classical solution vector tomography-style proxy at amplitude error about 0.01,rough_proxy_for_full_vector_output,7.2642864000000005,2500000,18160716.0,Uses N/error^2 repetitions as a simple tomography-scale proxy; constants and algorithmic improvements are not modeled.,sparse_cg_n250_k100_tol1e-04,sparse_iterative,scipy.sparse.linalg.cg,100,100.00000000000001,0.0001,0.0013195999927120283,9.02355866989301e-05,47.0,13762288648.301888,rough_full_vector_output_proxy_not_a_theorem
hhl_s1_fixed_m,250,6,maj_e6_floquet,0.0001,full_vector_tomography_proxy,full classical solution vector tomography-style proxy at amplitude error about 0.01,rough_proxy_for_full_vector_output,7.2642864000000005,2500000,18160716.0,Uses N/error^2 repetitions as a simple tomography-scale proxy; constants and algorithmic improvements are not modeled.,dense_cholesky_n250_k1000,dense_direct,scipy.linalg.solve_assume_pos,1000,1000.0000000000001,0.0001,0.0015483000024687499,5.451127007276857e-15,,11729455513.17116,rough_full_vector_output_proxy_not_a_theorem
hhl_s1_fixed_m,250,6,maj_e6_floquet,0.0001,full_vector_tomography_proxy,full classical solution vector tomography-style proxy at amplitude error about 0.01,rough_proxy_for_full_vector_output,7.2642864000000005,2500000,18160716.0,Uses N/error^2 repetitions as a simple tomography-scale proxy; constants and algorithmic improvements are not modeled.,sparse_cg_n250_k1000_tol1e-04,sparse_iterative,scipy.sparse.linalg.cg,1000,1000.0000000000001,0.0001,0.0029181999998399988,9.572988987327465e-05,135.0,6223259543.895459,rough_full_vector_output_proxy_not_a_theorem
hhl_s1_fixed_m,250,8,maj_e6_floquet,0.0001,state_preparation_only,quantum_state_proportional_to_solution,not_comparable_to_classical_full_vector,31.976647500000002,1,31.976647500000002,Raw QDK estimate prepares a quantum state; it does not emit x as classical data.,dense_cholesky_n250_k100,dense_direct,scipy.linalg.solve_assume_pos,100,100.00000000000001,0.0001,0.001694499995210208,1.4563383851253265e-15,,18870.84543546027,not_apples_to_apples_against_full_vector_classical_output
hhl_s1_fixed_m,250,8,maj_e6_floquet,0.0001,state_preparation_only,quantum_state_proportional_to_solution,not_comparable_to_classical_full_vector,31.976647500000002,1,31.976647500000002,Raw QDK estimate prepares a quantum state; it does not emit x as classical data.,sparse_cg_n250_k100_tol1e-04,sparse_iterative,scipy.sparse.linalg.cg,100,100.00000000000001,0.0001,0.0013195999927120283,9.02355866989301e-05,47.0,24232.076141711645,not_apples_to_apples_against_full_vector_classical_output
hhl_s1_fixed_m,250,8,maj_e6_floquet,0.0001,state_preparation_only,quantum_state_proportional_to_solution,not_comparable_to_classical_full_vector,31.976647500000002,1,31.976647500000002,Raw QDK estimate prepares a quantum state; it does not emit x as classical data.,dense_cholesky_n250_k1000,dense_direct,scipy.linalg.solve_assume_pos,1000,1000.0000000000001,0.0001,0.0015483000024687499,5.451127007276857e-15,,20652.746527813433,not_apples_to_apples_against_full_vector_classical_output
hhl_s1_fixed_m,250,8,maj_e6_floquet,0.0001,state_preparation_only,quantum_state_proportional_to_solution,not_comparable_to_classical_full_vector,31.976647500000002,1,31.976647500000002,Raw QDK estimate prepares a quantum state; it does not emit x as classical data.,sparse_cg_n250_k1000_tol1e-04,sparse_iterative,scipy.sparse.linalg.cg,1000,1000.0000000000001,0.0001,0.0029181999998399988,9.572988987327465e-05,135.0,10957.661401464342,not_apples_to_apples_against_full_vector_classical_output
hhl_s1_fixed_m,250,8,maj_e6_floquet,0.0001,single_scalar_observable_sampling,one bounded scalar observable to additive error about 0.01,conditionally_comparable_only_if_classical_task_is_same_scalar_observable,31.976647500000002,10000,319766.47500000003,Uses plain 1/error^2 measurement sampling for a bounded observable; amplitude-estimation variants are not modeled.,dense_cholesky_n250_k100,dense_direct,scipy.linalg.solve_assume_pos,100,100.00000000000001,0.0001,0.001694499995210208,1.4563383851253265e-15,,188708454.3546027,apples_to_apples_only_for_same_scalar_observable_task
hhl_s1_fixed_m,250,8,maj_e6_floquet,0.0001,single_scalar_observable_sampling,one bounded scalar observable to additive error about 0.01,conditionally_comparable_only_if_classical_task_is_same_scalar_observable,31.976647500000002,10000,319766.47500000003,Uses plain 1/error^2 measurement sampling for a bounded observable; amplitude-estimation variants are not modeled.,sparse_cg_n250_k100_tol1e-04,sparse_iterative,scipy.sparse.linalg.cg,100,100.00000000000001,0.0001,0.0013195999927120283,9.02355866989301e-05,47.0,242320761.41711646,apples_to_apples_only_for_same_scalar_observable_task
hhl_s1_fixed_m,250,8,maj_e6_floquet,0.0001,single_scalar_observable_sampling,one bounded scalar observable to additive error about 0.01,conditionally_comparable_only_if_classical_task_is_same_scalar_observable,31.976647500000002,10000,319766.47500000003,Uses plain 1/error^2 measurement sampling for a bounded observable; amplitude-estimation variants are not modeled.,dense_cholesky_n250_k1000,dense_direct,scipy.linalg.solve_assume_pos,1000,1000.0000000000001,0.0001,0.0015483000024687499,5.451127007276857e-15,,206527465.27813432,apples_to_apples_only_for_same_scalar_observable_task
hhl_s1_fixed_m,250,8,maj_e6_floquet,0.0001,single_scalar_observable_sampling,one bounded scalar observable to additive error about 0.01,conditionally_comparable_only_if_classical_task_is_same_scalar_observable,31.976647500000002,10000,319766.47500000003,Uses plain 1/error^2 measurement sampling for a bounded observable; amplitude-estimation variants are not modeled.,sparse_cg_n250_k1000_tol1e-04,sparse_iterative,scipy.sparse.linalg.cg,1000,1000.0000000000001,0.0001,0.0029181999998399988,9.572988987327465e-05,135.0,109576614.01464342,apples_to_apples_only_for_same_scalar_observable_task
hhl_s1_fixed_m,250,8,maj_e6_floquet,0.0001,full_vector_readout_lower_bound,full classical solution vector lower-bound readout,lower_bound_not_sufficient_for_vector_accuracy,31.976647500000002,250,7994.161875000001,At least O(N) state preparations are needed to emit N classical coordinates; signs/amplitudes require more.,dense_cholesky_n250_k100,dense_direct,scipy.linalg.solve_assume_pos,100,100.00000000000001,0.0001,0.001694499995210208,1.4563383851253265e-15,,4717711.358865067,minimum_readout_charge_added_but_still_not_full_accuracy_tomography
hhl_s1_fixed_m,250,8,maj_e6_floquet,0.0001,full_vector_readout_lower_bound,full classical solution vector lower-bound readout,lower_bound_not_sufficient_for_vector_accuracy,31.976647500000002,250,7994.161875000001,At least O(N) state preparations are needed to emit N classical coordinates; signs/amplitudes require more.,sparse_cg_n250_k100_tol1e-04,sparse_iterative,scipy.sparse.linalg.cg,100,100.00000000000001,0.0001,0.0013195999927120283,9.02355866989301e-05,47.0,6058019.035427911,minimum_readout_charge_added_but_still_not_full_accuracy_tomography
hhl_s1_fixed_m,250,8,maj_e6_floquet,0.0001,full_vector_readout_lower_bound,full classical solution vector lower-bound readout,lower_bound_not_sufficient_for_vector_accuracy,31.976647500000002,250,7994.161875000001,At least O(N) state preparations are needed to emit N classical coordinates; signs/amplitudes require more.,dense_cholesky_n250_k1000,dense_direct,scipy.linalg.solve_assume_pos,1000,1000.0000000000001,0.0001,0.0015483000024687499,5.451127007276857e-15,,5163186.631953358,minimum_readout_charge_added_but_still_not_full_accuracy_tomography
hhl_s1_fixed_m,250,8,maj_e6_floquet,0.0001,full_vector_readout_lower_bound,full classical solution vector lower-bound readout,lower_bound_not_sufficient_for_vector_accuracy,31.976647500000002,250,7994.161875000001,At least O(N) state preparations are needed to emit N classical coordinates; signs/amplitudes require more.,sparse_cg_n250_k1000_tol1e-04,sparse_iterative,scipy.sparse.linalg.cg,1000,1000.0000000000001,0.0001,0.0029181999998399988,9.572988987327465e-05,135.0,2739415.3503660853,minimum_readout_charge_added_but_still_not_full_accuracy_tomography
hhl_s1_fixed_m,250,8,maj_e6_floquet,0.0001,full_vector_tomography_proxy,full classical solution vector tomography-style proxy at amplitude error about 0.01,rough_proxy_for_full_vector_output,31.976647500000002,2500000,79941618.75,Uses N/error^2 repetitions as a simple tomography-scale proxy; constants and algorithmic improvements are not modeled.,dense_cholesky_n250_k100,dense_direct,scipy.linalg.solve_assume_pos,100,100.00000000000001,0.0001,0.001694499995210208,1.4563383851253265e-15,,47177113588.65067,rough_full_vector_output_proxy_not_a_theorem
hhl_s1_fixed_m,250,8,maj_e6_floquet,0.0001,full_vector_tomography_proxy,full classical solution vector tomography-style proxy at amplitude error about 0.01,rough_proxy_for_full_vector_output,31.976647500000002,2500000,79941618.75,Uses N/error^2 repetitions as a simple tomography-scale proxy; constants and algorithmic improvements are not modeled.,sparse_cg_n250_k100_tol1e-04,sparse_iterative,scipy.sparse.linalg.cg,100,100.00000000000001,0.0001,0.0013195999927120283,9.02355866989301e-05,47.0,60580190354.279106,rough_full_vector_output_proxy_not_a_theorem
hhl_s1_fixed_m,250,8,maj_e6_floquet,0.0001,full_vector_tomography_proxy,full classical solution vector tomography-style proxy at amplitude error about 0.01,rough_proxy_for_full_vector_output,31.976647500000002,2500000,79941618.75,Uses N/error^2 repetitions as a simple tomography-scale proxy; constants and algorithmic improvements are not modeled.,dense_cholesky_n250_k1000,dense_direct,scipy.linalg.solve_assume_pos,1000,1000.0000000000001,0.0001,0.0015483000024687499,5.451127007276857e-15,,51631866319.53358,rough_full_vector_output_proxy_not_a_theorem
hhl_s1_fixed_m,250,8,maj_e6_floquet,0.0001,full_vector_tomography_proxy,full classical solution vector tomography-style proxy at amplitude error about 0.01,rough_proxy_for_full_vector_output,31.976647500000002,2500000,79941618.75,Uses N/error^2 repetitions as a simple tomography-scale proxy; constants and algorithmic improvements are not modeled.,sparse_cg_n250_k1000_tol1e-04,sparse_iterative,scipy.sparse.linalg.cg,1000,1000.0000000000001,0.0001,0.0029181999998399988,9.572988987327465e-05,135.0,27394153503.66085,rough_full_vector_output_proxy_not_a_theorem
hhl_s1_fixed_m,500,4,maj_e6_floquet,0.0001,state_preparation_only,quantum_state_proportional_to_solution,not_comparable_to_classical_full_vector,3.2668629,1,3.2668629,Raw QDK estimate prepares a quantum state; it does not emit x as classical data.,dense_cholesky_n500_k100,dense_direct,scipy.linalg.solve_assume_pos,100,100.0,0.0001,0.005280700002913363,1.74329138133541e-15,,618.6420168155114,not_apples_to_apples_against_full_vector_classical_output
hhl_s1_fixed_m,500,4,maj_e6_floquet,0.0001,state_preparation_only,quantum_state_proportional_to_solution,not_comparable_to_classical_full_vector,3.2668629,1,3.2668629,Raw QDK estimate prepares a quantum state; it does not emit x as classical data.,sparse_cg_n500_k100_tol1e-04,sparse_iterative,scipy.sparse.linalg.cg,100,100.0,0.0001,0.001370500001939945,9.80262795669902e-05,48.0,2383.7014924303176,not_apples_to_apples_against_full_vector_classical_output
hhl_s1_fixed_m,500,4,maj_e6_floquet,0.0001,state_preparation_only,quantum_state_proportional_to_solution,not_comparable_to_classical_full_vector,3.2668629,1,3.2668629,Raw QDK estimate prepares a quantum state; it does not emit x as classical data.,dense_cholesky_n500_k1000,dense_direct,scipy.linalg.solve_assume_pos,1000,999.9999999999999,0.0001,0.005406800002674572,8.235076622459655e-15,,604.2137490537817,not_apples_to_apples_against_full_vector_classical_output
hhl_s1_fixed_m,500,4,maj_e6_floquet,0.0001,state_preparation_only,quantum_state_proportional_to_solution,not_comparable_to_classical_full_vector,3.2668629,1,3.2668629,Raw QDK estimate prepares a quantum state; it does not emit x as classical data.,sparse_cg_n500_k1000_tol1e-04,sparse_iterative,scipy.sparse.linalg.cg,1000,999.9999999999999,0.0001,0.003407700001844205,8.883880566033076e-05,143.0,958.6709212172475,not_apples_to_apples_against_full_vector_classical_output
hhl_s1_fixed_m,500,4,maj_e6_floquet,0.0001,single_scalar_observable_sampling,one bounded scalar observable to additive error about 0.01,conditionally_comparable_only_if_classical_task_is_same_scalar_observable,3.2668629,10000,32668.629,Uses plain 1/error^2 measurement sampling for a bounded observable; amplitude-estimation variants are not modeled.,dense_cholesky_n500_k100,dense_direct,scipy.linalg.solve_assume_pos,100,100.0,0.0001,0.005280700002913363,1.74329138133541e-15,,6186420.168155114,apples_to_apples_only_for_same_scalar_observable_task
hhl_s1_fixed_m,500,4,maj_e6_floquet,0.0001,single_scalar_observable_sampling,one bounded scalar observable to additive error about 0.01,conditionally_comparable_only_if_classical_task_is_same_scalar_observable,3.2668629,10000,32668.629,Uses plain 1/error^2 measurement sampling for a bounded observable; amplitude-estimation variants are not modeled.,sparse_cg_n500_k100_tol1e-04,sparse_iterative,scipy.sparse.linalg.cg,100,100.0,0.0001,0.001370500001939945,9.80262795669902e-05,48.0,23837014.924303178,apples_to_apples_only_for_same_scalar_observable_task
hhl_s1_fixed_m,500,4,maj_e6_floquet,0.0001,single_scalar_observable_sampling,one bounded scalar observable to additive error about 0.01,conditionally_comparable_only_if_classical_task_is_same_scalar_observable,3.2668629,10000,32668.629,Uses plain 1/error^2 measurement sampling for a bounded observable; amplitude-estimation variants are not modeled.,dense_cholesky_n500_k1000,dense_direct,scipy.linalg.solve_assume_pos,1000,999.9999999999999,0.0001,0.005406800002674572,8.235076622459655e-15,,6042137.490537817,apples_to_apples_only_for_same_scalar_observable_task
hhl_s1_fixed_m,500,4,maj_e6_floquet,0.0001,single_scalar_observable_sampling,one bounded scalar observable to additive error about 0.01,conditionally_comparable_only_if_classical_task_is_same_scalar_observable,3.2668629,10000,32668.629,Uses plain 1/error^2 measurement sampling for a bounded observable; amplitude-estimation variants are not modeled.,sparse_cg_n500_k1000_tol1e-04,sparse_iterative,scipy.sparse.linalg.cg,1000,999.9999999999999,0.0001,0.003407700001844205,8.883880566033076e-05,143.0,9586709.212172475,apples_to_apples_only_for_same_scalar_observable_task
hhl_s1_fixed_m,500,4,maj_e6_floquet,0.0001,full_vector_readout_lower_bound,full classical solution vector lower-bound readout,lower_bound_not_sufficient_for_vector_accuracy,3.2668629,500,1633.43145,At least O(N) state preparations are needed to emit N classical coordinates; signs/amplitudes require more.,dense_cholesky_n500_k100,dense_direct,scipy.linalg.solve_assume_pos,100,100.0,0.0001,0.005280700002913363,1.74329138133541e-15,,309321.0084077557,minimum_readout_charge_added_but_still_not_full_accuracy_tomography
hhl_s1_fixed_m,500,4,maj_e6_floquet,0.0001,full_vector_readout_lower_bound,full classical solution vector lower-bound readout,lower_bound_not_sufficient_for_vector_accuracy,3.2668629,500,1633.43145,At least O(N) state preparations are needed to emit N classical coordinates; signs/amplitudes require more.,sparse_cg_n500_k100_tol1e-04,sparse_iterative,scipy.sparse.linalg.cg,100,100.0,0.0001,0.001370500001939945,9.80262795669902e-05,48.0,1191850.7462151588,minimum_readout_charge_added_but_still_not_full_accuracy_tomography
hhl_s1_fixed_m,500,4,maj_e6_floquet,0.0001,full_vector_readout_lower_bound,full classical solution vector lower-bound readout,lower_bound_not_sufficient_for_vector_accuracy,3.2668629,500,1633.43145,At least O(N) state preparations are needed to emit N classical coordinates; signs/amplitudes require more.,dense_cholesky_n500_k1000,dense_direct,scipy.linalg.solve_assume_pos,1000,999.9999999999999,0.0001,0.005406800002674572,8.235076622459655e-15,,302106.87452689087,minimum_readout_charge_added_but_still_not_full_accuracy_tomography
hhl_s1_fixed_m,500,4,maj_e6_floquet,0.0001,full_vector_readout_lower_bound,full classical solution vector lower-bound readout,lower_bound_not_sufficient_for_vector_accuracy,3.2668629,500,1633.43145,At least O(N) state preparations are needed to emit N classical coordinates; signs/amplitudes require more.,sparse_cg_n500_k1000_tol1e-04,sparse_iterative,scipy.sparse.linalg.cg,1000,999.9999999999999,0.0001,0.003407700001844205,8.883880566033076e-05,143.0,479335.46060862375,minimum_readout_charge_added_but_still_not_full_accuracy_tomography
hhl_s1_fixed_m,500,4,maj_e6_floquet,0.0001,full_vector_tomography_proxy,full classical solution vector tomography-style proxy at amplitude error about 0.01,rough_proxy_for_full_vector_output,3.2668629,5000000,16334314.5,Uses N/error^2 repetitions as a simple tomography-scale proxy; constants and algorithmic improvements are not modeled.,dense_cholesky_n500_k100,dense_direct,scipy.linalg.solve_assume_pos,100,100.0,0.0001,0.005280700002913363,1.74329138133541e-15,,3093210084.077557,rough_full_vector_output_proxy_not_a_theorem
hhl_s1_fixed_m,500,4,maj_e6_floquet,0.0001,full_vector_tomography_proxy,full classical solution vector tomography-style proxy at amplitude error about 0.01,rough_proxy_for_full_vector_output,3.2668629,5000000,16334314.5,Uses N/error^2 repetitions as a simple tomography-scale proxy; constants and algorithmic improvements are not modeled.,sparse_cg_n500_k100_tol1e-04,sparse_iterative,scipy.sparse.linalg.cg,100,100.0,0.0001,0.001370500001939945,9.80262795669902e-05,48.0,11918507462.151588,rough_full_vector_output_proxy_not_a_theorem
hhl_s1_fixed_m,500,4,maj_e6_floquet,0.0001,full_vector_tomography_proxy,full classical solution vector tomography-style proxy at amplitude error about 0.01,rough_proxy_for_full_vector_output,3.2668629,5000000,16334314.5,Uses N/error^2 repetitions as a simple tomography-scale proxy; constants and algorithmic improvements are not modeled.,dense_cholesky_n500_k1000,dense_direct,scipy.linalg.solve_assume_pos,1000,999.9999999999999,0.0001,0.005406800002674572,8.235076622459655e-15,,3021068745.2689085,rough_full_vector_output_proxy_not_a_theorem
hhl_s1_fixed_m,500,4,maj_e6_floquet,0.0001,full_vector_tomography_proxy,full classical solution vector tomography-style proxy at amplitude error about 0.01,rough_proxy_for_full_vector_output,3.2668629,5000000,16334314.5,Uses N/error^2 repetitions as a simple tomography-scale proxy; constants and algorithmic improvements are not modeled.,sparse_cg_n500_k1000_tol1e-04,sparse_iterative,scipy.sparse.linalg.cg,1000,999.9999999999999,0.0001,0.003407700001844205,8.883880566033076e-05,143.0,4793354606.086238,rough_full_vector_output_proxy_not_a_theorem
hhl_s1_fixed_m,500,6,maj_e6_floquet,0.0001,state_preparation_only,quantum_state_proportional_to_solution,not_comparable_to_classical_full_vector,14.424297300000001,1,14.424297300000001,Raw QDK estimate prepares a quantum state; it does not emit x as classical data.,dense_cholesky_n500_k100,dense_direct,scipy.linalg.solve_assume_pos,100,100.0,0.0001,0.005280700002913363,1.74329138133541e-15,,2731.5123548094216,not_apples_to_apples_against_full_vector_classical_output
hhl_s1_fixed_m,500,6,maj_e6_floquet,0.0001,state_preparation_only,quantum_state_proportional_to_solution,not_comparable_to_classical_full_vector,14.424297300000001,1,14.424297300000001,Raw QDK estimate prepares a quantum state; it does not emit x as classical data.,sparse_cg_n500_k100_tol1e-04,sparse_iterative,scipy.sparse.linalg.cg,100,100.0,0.0001,0.001370500001939945,9.80262795669902e-05,48.0,10524.842962117757,not_apples_to_apples_against_full_vector_classical_output
hhl_s1_fixed_m,500,6,maj_e6_floquet,0.0001,state_preparation_only,quantum_state_proportional_to_solution,not_comparable_to_classical_full_vector,14.424297300000001,1,14.424297300000001,Raw QDK estimate prepares a quantum state; it does not emit x as classical data.,dense_cholesky_n500_k1000,dense_direct,scipy.linalg.solve_assume_pos,1000,999.9999999999999,0.0001,0.005406800002674572,8.235076622459655e-15,,2667.8067050500777,not_apples_to_apples_against_full_vector_classical_output
hhl_s1_fixed_m,500,6,maj_e6_floquet,0.0001,state_preparation_only,quantum_state_proportional_to_solution,not_comparable_to_classical_full_vector,14.424297300000001,1,14.424297300000001,Raw QDK estimate prepares a quantum state; it does not emit x as classical data.,sparse_cg_n500_k1000_tol1e-04,sparse_iterative,scipy.sparse.linalg.cg,1000,999.9999999999999,0.0001,0.003407700001844205,8.883880566033076e-05,143.0,4232.85421022794,not_apples_to_apples_against_full_vector_classical_output
hhl_s1_fixed_m,500,6,maj_e6_floquet,0.0001,single_scalar_observable_sampling,one bounded scalar observable to additive error about 0.01,conditionally_comparable_only_if_classical_task_is_same_scalar_observable,14.424297300000001,10000,144242.973,Uses plain 1/error^2 measurement sampling for a bounded observable; amplitude-estimation variants are not modeled.,dense_cholesky_n500_k100,dense_direct,scipy.linalg.solve_assume_pos,100,100.0,0.0001,0.005280700002913363,1.74329138133541e-15,,27315123.548094213,apples_to_apples_only_for_same_scalar_observable_task
hhl_s1_fixed_m,500,6,maj_e6_floquet,0.0001,single_scalar_observable_sampling,one bounded scalar observable to additive error about 0.01,conditionally_comparable_only_if_classical_task_is_same_scalar_observable,14.424297300000001,10000,144242.973,Uses plain 1/error^2 measurement sampling for a bounded observable; amplitude-estimation variants are not modeled.,sparse_cg_n500_k100_tol1e-04,sparse_iterative,scipy.sparse.linalg.cg,100,100.0,0.0001,0.001370500001939945,9.80262795669902e-05,48.0,105248429.62117755,apples_to_apples_only_for_same_scalar_observable_task
hhl_s1_fixed_m,500,6,maj_e6_floquet,0.0001,single_scalar_observable_sampling,one bounded scalar observable to additive error about 0.01,conditionally_comparable_only_if_classical_task_is_same_scalar_observable,14.424297300000001,10000,144242.973,Uses plain 1/error^2 measurement sampling for a bounded observable; amplitude-estimation variants are not modeled.,dense_cholesky_n500_k1000,dense_direct,scipy.linalg.solve_assume_pos,1000,999.9999999999999,0.0001,0.005406800002674572,8.235076622459655e-15,,26678067.050500773,apples_to_apples_only_for_same_scalar_observable_task
hhl_s1_fixed_m,500,6,maj_e6_floquet,0.0001,single_scalar_observable_sampling,one bounded scalar observable to additive error about 0.01,conditionally_comparable_only_if_classical_task_is_same_scalar_observable,14.424297300000001,10000,144242.973,Uses plain 1/error^2 measurement sampling for a bounded observable; amplitude-estimation variants are not modeled.,sparse_cg_n500_k1000_tol1e-04,sparse_iterative,scipy.sparse.linalg.cg,1000,999.9999999999999,0.0001,0.003407700001844205,8.883880566033076e-05,143.0,42328542.102279395,apples_to_apples_only_for_same_scalar_observable_task
hhl_s1_fixed_m,500,6,maj_e6_floquet,0.0001,full_vector_readout_lower_bound,full classical solution vector lower-bound readout,lower_bound_not_sufficient_for_vector_accuracy,14.424297300000001,500,7212.14865,At least O(N) state preparations are needed to emit N classical coordinates; signs/amplitudes require more.,dense_cholesky_n500_k100,dense_direct,scipy.linalg.solve_assume_pos,100,100.0,0.0001,0.005280700002913363,1.74329138133541e-15,,1365756.1774047108,minimum_readout_charge_added_but_still_not_full_accuracy_tomography
hhl_s1_fixed_m,500,6,maj_e6_floquet,0.0001,full_vector_readout_lower_bound,full classical solution vector lower-bound readout,lower_bound_not_sufficient_for_vector_accuracy,14.424297300000001,500,7212.14865,At least O(N) state preparations are needed to emit N classical coordinates; signs/amplitudes require more.,sparse_cg_n500_k100_tol1e-04,sparse_iterative,scipy.sparse.linalg.cg,100,100.0,0.0001,0.001370500001939945,9.80262795669902e-05,48.0,5262421.481058878,minimum_readout_charge_added_but_still_not_full_accuracy_tomography
hhl_s1_fixed_m,500,6,maj_e6_floquet,0.0001,full_vector_readout_lower_bound,full classical solution vector lower-bound readout,lower_bound_not_sufficient_for_vector_accuracy,14.424297300000001,500,7212.14865,At least O(N) state preparations are needed to emit N classical coordinates; signs/amplitudes require more.,dense_cholesky_n500_k1000,dense_direct,scipy.linalg.solve_assume_pos,1000,999.9999999999999,0.0001,0.005406800002674572,8.235076622459655e-15,,1333903.3525250386,minimum_readout_charge_added_but_still_not_full_accuracy_tomography
hhl_s1_fixed_m,500,6,maj_e6_floquet,0.0001,full_vector_readout_lower_bound,full classical solution vector lower-bound readout,lower_bound_not_sufficient_for_vector_accuracy,14.424297300000001,500,7212.14865,At least O(N) state preparations are needed to emit N classical coordinates; signs/amplitudes require more.,sparse_cg_n500_k1000_tol1e-04,sparse_iterative,scipy.sparse.linalg.cg,1000,999.9999999999999,0.0001,0.003407700001844205,8.883880566033076e-05,143.0,2116427.1051139697,minimum_readout_charge_added_but_still_not_full_accuracy_tomography
hhl_s1_fixed_m,500,6,maj_e6_floquet,0.0001,full_vector_tomography_proxy,full classical solution vector tomography-style proxy at amplitude error about 0.01,rough_proxy_for_full_vector_output,14.424297300000001,5000000,72121486.5,Uses N/error^2 repetitions as a simple tomography-scale proxy; constants and algorithmic improvements are not modeled.,dense_cholesky_n500_k100,dense_direct,scipy.linalg.solve_assume_pos,100,100.0,0.0001,0.005280700002913363,1.74329138133541e-15,,13657561774.047108,rough_full_vector_output_proxy_not_a_theorem
hhl_s1_fixed_m,500,6,maj_e6_floquet,0.0001,full_vector_tomography_proxy,full classical solution vector tomography-style proxy at amplitude error about 0.01,rough_proxy_for_full_vector_output,14.424297300000001,5000000,72121486.5,Uses N/error^2 repetitions as a simple tomography-scale proxy; constants and algorithmic improvements are not modeled.,sparse_cg_n500_k100_tol1e-04,sparse_iterative,scipy.sparse.linalg.cg,100,100.0,0.0001,0.001370500001939945,9.80262795669902e-05,48.0,52624214810.588776,rough_full_vector_output_proxy_not_a_theorem
hhl_s1_fixed_m,500,6,maj_e6_floquet,0.0001,full_vector_tomography_proxy,full classical solution vector tomography-style proxy at amplitude error about 0.01,rough_proxy_for_full_vector_output,14.424297300000001,5000000,72121486.5,Uses N/error^2 repetitions as a simple tomography-scale proxy; constants and algorithmic improvements are not modeled.,dense_cholesky_n500_k1000,dense_direct,scipy.linalg.solve_assume_pos,1000,999.9999999999999,0.0001,0.005406800002674572,8.235076622459655e-15,,13339033525.250387,rough_full_vector_output_proxy_not_a_theorem
hhl_s1_fixed_m,500,6,maj_e6_floquet,0.0001,full_vector_tomography_proxy,full classical solution vector tomography-style proxy at amplitude error about 0.01,rough_proxy_for_full_vector_output,14.424297300000001,5000000,72121486.5,Uses N/error^2 repetitions as a simple tomography-scale proxy; constants and algorithmic improvements are not modeled.,sparse_cg_n500_k1000_tol1e-04,sparse_iterative,scipy.sparse.linalg.cg,1000,999.9999999999999,0.0001,0.003407700001844205,8.883880566033076e-05,143.0,21164271051.139698,rough_full_vector_output_proxy_not_a_theorem
hhl_s1_fixed_m,500,8,maj_e6_floquet,0.0001,state_preparation_only,quantum_state_proportional_to_solution,not_comparable_to_classical_full_vector,62.2164081,1,62.2164081,Raw QDK estimate prepares a quantum state; it does not emit x as classical data.,dense_cholesky_n500_k100,dense_direct,scipy.linalg.solve_assume_pos,100,100.0,0.0001,0.005280700002913363,1.74329138133541e-15,,11781.848630991193,not_apples_to_apples_against_full_vector_classical_output
hhl_s1_fixed_m,500,8,maj_e6_floquet,0.0001,state_preparation_only,quantum_state_proportional_to_solution,not_comparable_to_classical_full_vector,62.2164081,1,62.2164081,Raw QDK estimate prepares a quantum state; it does not emit x as classical data.,sparse_cg_n500_k100_tol1e-04,sparse_iterative,scipy.sparse.linalg.cg,100,100.0,0.0001,0.001370500001939945,9.80262795669902e-05,48.0,45396.86830494898,not_apples_to_apples_against_full_vector_classical_output
hhl_s1_fixed_m,500,8,maj_e6_floquet,0.0001,state_preparation_only,quantum_state_proportional_to_solution,not_comparable_to_classical_full_vector,62.2164081,1,62.2164081,Raw QDK estimate prepares a quantum state; it does not emit x as classical data.,dense_cholesky_n500_k1000,dense_direct,scipy.linalg.solve_assume_pos,1000,999.9999999999999,0.0001,0.005406800002674572,8.235076622459655e-15,,11507.066669605594,not_apples_to_apples_against_full_vector_classical_output
hhl_s1_fixed_m,500,8,maj_e6_floquet,0.0001,state_preparation_only,quantum_state_proportional_to_solution,not_comparable_to_classical_full_vector,62.2164081,1,62.2164081,Raw QDK estimate prepares a quantum state; it does not emit x as classical data.,sparse_cg_n500_k1000_tol1e-04,sparse_iterative,scipy.sparse.linalg.cg,1000,999.9999999999999,0.0001,0.003407700001844205,8.883880566033076e-05,143.0,18257.595465073,not_apples_to_apples_against_full_vector_classical_output
hhl_s1_fixed_m,500,8,maj_e6_floquet,0.0001,single_scalar_observable_sampling,one bounded scalar observable to additive error about 0.01,conditionally_comparable_only_if_classical_task_is_same_scalar_observable,62.2164081,10000,622164.081,Uses plain 1/error^2 measurement sampling for a bounded observable; amplitude-estimation variants are not modeled.,dense_cholesky_n500_k100,dense_direct,scipy.linalg.solve_assume_pos,100,100.0,0.0001,0.005280700002913363,1.74329138133541e-15,,117818486.30991194,apples_to_apples_only_for_same_scalar_observable_task
hhl_s1_fixed_m,500,8,maj_e6_floquet,0.0001,single_scalar_observable_sampling,one bounded scalar observable to additive error about 0.01,conditionally_comparable_only_if_classical_task_is_same_scalar_observable,62.2164081,10000,622164.081,Uses plain 1/error^2 measurement sampling for a bounded observable; amplitude-estimation variants are not modeled.,sparse_cg_n500_k100_tol1e-04,sparse_iterative,scipy.sparse.linalg.cg,100,100.0,0.0001,0.001370500001939945,9.80262795669902e-05,48.0,453968683.0494898,apples_to_apples_only_for_same_scalar_observable_task
hhl_s1_fixed_m,500,8,maj_e6_floquet,0.0001,single_scalar_observable_sampling,one bounded scalar observable to additive error about 0.01,conditionally_comparable_only_if_classical_task_is_same_scalar_observable,62.2164081,10000,622164.081,Uses plain 1/error^2 measurement sampling for a bounded observable; amplitude-estimation variants are not modeled.,dense_cholesky_n500_k1000,dense_direct,scipy.linalg.solve_assume_pos,1000,999.9999999999999,0.0001,0.005406800002674572,8.235076622459655e-15,,115070666.69605593,apples_to_apples_only_for_same_scalar_observable_task
hhl_s1_fixed_m,500,8,maj_e6_floquet,0.0001,single_scalar_observable_sampling,one bounded scalar observable to additive error about 0.01,conditionally_comparable_only_if_classical_task_is_same_scalar_observable,62.2164081,10000,622164.081,Uses plain 1/error^2 measurement sampling for a bounded observable; amplitude-estimation variants are not modeled.,sparse_cg_n500_k1000_tol1e-04,sparse_iterative,scipy.sparse.linalg.cg,1000,999.9999999999999,0.0001,0.003407700001844205,8.883880566033076e-05,143.0,182575954.65072998,apples_to_apples_only_for_same_scalar_observable_task
hhl_s1_fixed_m,500,8,maj_e6_floquet,0.0001,full_vector_readout_lower_bound,full classical solution vector lower-bound readout,lower_bound_not_sufficient_for_vector_accuracy,62.2164081,500,31108.20405,At least O(N) state preparations are needed to emit N classical coordinates; signs/amplitudes require more.,dense_cholesky_n500_k100,dense_direct,scipy.linalg.solve_assume_pos,100,100.0,0.0001,0.005280700002913363,1.74329138133541e-15,,5890924.315495597,minimum_readout_charge_added_but_still_not_full_accuracy_tomography
hhl_s1_fixed_m,500,8,maj_e6_floquet,0.0001,full_vector_readout_lower_bound,full classical solution vector lower-bound readout,lower_bound_not_sufficient_for_vector_accuracy,62.2164081,500,31108.20405,At least O(N) state preparations are needed to emit N classical coordinates; signs/amplitudes require more.,sparse_cg_n500_k100_tol1e-04,sparse_iterative,scipy.sparse.linalg.cg,100,100.0,0.0001,0.001370500001939945,9.80262795669902e-05,48.0,22698434.15247449,minimum_readout_charge_added_but_still_not_full_accuracy_tomography
hhl_s1_fixed_m,500,8,maj_e6_floquet,0.0001,full_vector_readout_lower_bound,full classical solution vector lower-bound readout,lower_bound_not_sufficient_for_vector_accuracy,62.2164081,500,31108.20405,At least O(N) state preparations are needed to emit N classical coordinates; signs/amplitudes require more.,dense_cholesky_n500_k1000,dense_direct,scipy.linalg.solve_assume_pos,1000,999.9999999999999,0.0001,0.005406800002674572,8.235076622459655e-15,,5753533.334802796,minimum_readout_charge_added_but_still_not_full_accuracy_tomography
hhl_s1_fixed_m,500,8,maj_e6_floquet,0.0001,full_vector_readout_lower_bound,full classical solution vector lower-bound readout,lower_bound_not_sufficient_for_vector_accuracy,62.2164081,500,31108.20405,At least O(N) state preparations are needed to emit N classical coordinates; signs/amplitudes require more.,sparse_cg_n500_k1000_tol1e-04,sparse_iterative,scipy.sparse.linalg.cg,1000,999.9999999999999,0.0001,0.003407700001844205,8.883880566033076e-05,143.0,9128797.732536498,minimum_readout_charge_added_but_still_not_full_accuracy_tomography
hhl_s1_fixed_m,500,8,maj_e6_floquet,0.0001,full_vector_tomography_proxy,full classical solution vector tomography-style proxy at amplitude error about 0.01,rough_proxy_for_full_vector_output,62.2164081,5000000,311082040.5,Uses N/error^2 repetitions as a simple tomography-scale proxy; constants and algorithmic improvements are not modeled.,dense_cholesky_n500_k100,dense_direct,scipy.linalg.solve_assume_pos,100,100.0,0.0001,0.005280700002913363,1.74329138133541e-15,,58909243154.95596,rough_full_vector_output_proxy_not_a_theorem
hhl_s1_fixed_m,500,8,maj_e6_floquet,0.0001,full_vector_tomography_proxy,full classical solution vector tomography-style proxy at amplitude error about 0.01,rough_proxy_for_full_vector_output,62.2164081,5000000,311082040.5,Uses N/error^2 repetitions as a simple tomography-scale proxy; constants and algorithmic improvements are not modeled.,sparse_cg_n500_k100_tol1e-04,sparse_iterative,scipy.sparse.linalg.cg,100,100.0,0.0001,0.001370500001939945,9.80262795669902e-05,48.0,226984341524.7449,rough_full_vector_output_proxy_not_a_theorem
hhl_s1_fixed_m,500,8,maj_e6_floquet,0.0001,full_vector_tomography_proxy,full classical solution vector tomography-style proxy at amplitude error about 0.01,rough_proxy_for_full_vector_output,62.2164081,5000000,311082040.5,Uses N/error^2 repetitions as a simple tomography-scale proxy; constants and algorithmic improvements are not modeled.,dense_cholesky_n500_k1000,dense_direct,scipy.linalg.solve_assume_pos,1000,999.9999999999999,0.0001,0.005406800002674572,8.235076622459655e-15,,57535333348.02796,rough_full_vector_output_proxy_not_a_theorem
hhl_s1_fixed_m,500,8,maj_e6_floquet,0.0001,full_vector_tomography_proxy,full classical solution vector tomography-style proxy at amplitude error about 0.01,rough_proxy_for_full_vector_output,62.2164081,5000000,311082040.5,Uses N/error^2 repetitions as a simple tomography-scale proxy; constants and algorithmic improvements are not modeled.,sparse_cg_n500_k1000_tol1e-04,sparse_iterative,scipy.sparse.linalg.cg,1000,999.9999999999999,0.0001,0.003407700001844205,8.883880566033076e-05,143.0,91287977325.36499,rough_full_vector_output_proxy_not_a_theorem
hhl_s1_fixed_m,1000,4,maj_e6_floquet,0.0001,state_preparation_only,quantum_state_proportional_to_solution,not_comparable_to_classical_full_vector,6.7896906,1,6.7896906,Raw QDK estimate prepares a quantum state; it does not emit x as classical data.,dense_cholesky_n1000_k100,dense_direct,scipy.linalg.solve_assume_pos,100,100.00000000000001,0.0001,0.03139119999832474,1.2468314366660235e-15,,216.2928018158703,not_apples_to_apples_against_full_vector_classical_output
hhl_s1_fixed_m,1000,4,maj_e6_floquet,0.0001,state_preparation_only,quantum_state_proportional_to_solution,not_comparable_to_classical_full_vector,6.7896906,1,6.7896906,Raw QDK estimate prepares a quantum state; it does not emit x as classical data.,sparse_cg_n1000_k100_tol1e-04,sparse_iterative,scipy.sparse.linalg.cg,100,100.00000000000001,0.0001,0.0014973999932408333,9.475992710869933e-05,48.0,4534.319908273156,not_apples_to_apples_against_full_vector_classical_output
hhl_s1_fixed_m,1000,4,maj_e6_floquet,0.0001,state_preparation_only,quantum_state_proportional_to_solution,not_comparable_to_classical_full_vector,6.7896906,1,6.7896906,Raw QDK estimate prepares a quantum state; it does not emit x as classical data.,dense_cholesky_n1000_k1000,dense_direct,scipy.linalg.solve_assume_pos,1000,1000.0000000000001,0.0001,0.03194390000135172,6.91331474527373e-15,,212.5504587640423,not_apples_to_apples_against_full_vector_classical_output
hhl_s1_fixed_m,1000,4,maj_e6_floquet,0.0001,state_preparation_only,quantum_state_proportional_to_solution,not_comparable_to_classical_full_vector,6.7896906,1,6.7896906,Raw QDK estimate prepares a quantum state; it does not emit x as classical data.,sparse_cg_n1000_k1000_tol1e-04,sparse_iterative,scipy.sparse.linalg.cg,1000,1000.0000000000001,0.0001,0.003986099996836856,8.959242319640546e-05,147.0,1703.3417639767981,not_apples_to_apples_against_full_vector_classical_output
hhl_s1_fixed_m,1000,4,maj_e6_floquet,0.0001,single_scalar_observable_sampling,one bounded scalar observable to additive error about 0.01,conditionally_comparable_only_if_classical_task_is_same_scalar_observable,6.7896906,10000,67896.906,Uses plain 1/error^2 measurement sampling for a bounded observable; amplitude-estimation variants are not modeled.,dense_cholesky_n1000_k100,dense_direct,scipy.linalg.solve_assume_pos,100,100.00000000000001,0.0001,0.03139119999832474,1.2468314366660235e-15,,2162928.018158703,apples_to_apples_only_for_same_scalar_observable_task
hhl_s1_fixed_m,1000,4,maj_e6_floquet,0.0001,single_scalar_observable_sampling,one bounded scalar observable to additive error about 0.01,conditionally_comparable_only_if_classical_task_is_same_scalar_observable,6.7896906,10000,67896.906,Uses plain 1/error^2 measurement sampling for a bounded observable; amplitude-estimation variants are not modeled.,sparse_cg_n1000_k100_tol1e-04,sparse_iterative,scipy.sparse.linalg.cg,100,100.00000000000001,0.0001,0.0014973999932408333,9.475992710869933e-05,48.0,45343199.08273157,apples_to_apples_only_for_same_scalar_observable_task
hhl_s1_fixed_m,1000,4,maj_e6_floquet,0.0001,single_scalar_observable_sampling,one bounded scalar observable to additive error about 0.01,conditionally_comparable_only_if_classical_task_is_same_scalar_observable,6.7896906,10000,67896.906,Uses plain 1/error^2 measurement sampling for a bounded observable; amplitude-estimation variants are not modeled.,dense_cholesky_n1000_k1000,dense_direct,scipy.linalg.solve_assume_pos,1000,1000.0000000000001,0.0001,0.03194390000135172,6.91331474527373e-15,,2125504.5876404233,apples_to_apples_only_for_same_scalar_observable_task
hhl_s1_fixed_m,1000,4,maj_e6_floquet,0.0001,single_scalar_observable_sampling,one bounded scalar observable to additive error about 0.01,conditionally_comparable_only_if_classical_task_is_same_scalar_observable,6.7896906,10000,67896.906,Uses plain 1/error^2 measurement sampling for a bounded observable; amplitude-estimation variants are not modeled.,sparse_cg_n1000_k1000_tol1e-04,sparse_iterative,scipy.sparse.linalg.cg,1000,1000.0000000000001,0.0001,0.003986099996836856,8.959242319640546e-05,147.0,17033417.639767982,apples_to_apples_only_for_same_scalar_observable_task
hhl_s1_fixed_m,1000,4,maj_e6_floquet,0.0001,full_vector_readout_lower_bound,full classical solution vector lower-bound readout,lower_bound_not_sufficient_for_vector_accuracy,6.7896906,1000,6789.6906,At least O(N) state preparations are needed to emit N classical coordinates; signs/amplitudes require more.,dense_cholesky_n1000_k100,dense_direct,scipy.linalg.solve_assume_pos,100,100.00000000000001,0.0001,0.03139119999832474,1.2468314366660235e-15,,216292.80181587028,minimum_readout_charge_added_but_still_not_full_accuracy_tomography
hhl_s1_fixed_m,1000,4,maj_e6_floquet,0.0001,full_vector_readout_lower_bound,full classical solution vector lower-bound readout,lower_bound_not_sufficient_for_vector_accuracy,6.7896906,1000,6789.6906,At least O(N) state preparations are needed to emit N classical coordinates; signs/amplitudes require more.,sparse_cg_n1000_k100_tol1e-04,sparse_iterative,scipy.sparse.linalg.cg,100,100.00000000000001,0.0001,0.0014973999932408333,9.475992710869933e-05,48.0,4534319.908273156,minimum_readout_charge_added_but_still_not_full_accuracy_tomography
hhl_s1_fixed_m,1000,4,maj_e6_floquet,0.0001,full_vector_readout_lower_bound,full classical solution vector lower-bound readout,lower_bound_not_sufficient_for_vector_accuracy,6.7896906,1000,6789.6906,At least O(N) state preparations are needed to emit N classical coordinates; signs/amplitudes require more.,dense_cholesky_n1000_k1000,dense_direct,scipy.linalg.solve_assume_pos,1000,1000.0000000000001,0.0001,0.03194390000135172,6.91331474527373e-15,,212550.4587640423,minimum_readout_charge_added_but_still_not_full_accuracy_tomography
hhl_s1_fixed_m,1000,4,maj_e6_floquet,0.0001,full_vector_readout_lower_bound,full classical solution vector lower-bound readout,lower_bound_not_sufficient_for_vector_accuracy,6.7896906,1000,6789.6906,At least O(N) state preparations are needed to emit N classical coordinates; signs/amplitudes require more.,sparse_cg_n1000_k1000_tol1e-04,sparse_iterative,scipy.sparse.linalg.cg,1000,1000.0000000000001,0.0001,0.003986099996836856,8.959242319640546e-05,147.0,1703341.7639767982,minimum_readout_charge_added_but_still_not_full_accuracy_tomography
hhl_s1_fixed_m,1000,4,maj_e6_floquet,0.0001,full_vector_tomography_proxy,full classical solution vector tomography-style proxy at amplitude error about 0.01,rough_proxy_for_full_vector_output,6.7896906,10000000,67896906.0,Uses N/error^2 repetitions as a simple tomography-scale proxy; constants and algorithmic improvements are not modeled.,dense_cholesky_n1000_k100,dense_direct,scipy.linalg.solve_assume_pos,100,100.00000000000001,0.0001,0.03139119999832474,1.2468314366660235e-15,,2162928018.158703,rough_full_vector_output_proxy_not_a_theorem
hhl_s1_fixed_m,1000,4,maj_e6_floquet,0.0001,full_vector_tomography_proxy,full classical solution vector tomography-style proxy at amplitude error about 0.01,rough_proxy_for_full_vector_output,6.7896906,10000000,67896906.0,Uses N/error^2 repetitions as a simple tomography-scale proxy; constants and algorithmic improvements are not modeled.,sparse_cg_n1000_k100_tol1e-04,sparse_iterative,scipy.sparse.linalg.cg,100,100.00000000000001,0.0001,0.0014973999932408333,9.475992710869933e-05,48.0,45343199082.73156,rough_full_vector_output_proxy_not_a_theorem
hhl_s1_fixed_m,1000,4,maj_e6_floquet,0.0001,full_vector_tomography_proxy,full classical solution vector tomography-style proxy at amplitude error about 0.01,rough_proxy_for_full_vector_output,6.7896906,10000000,67896906.0,Uses N/error^2 repetitions as a simple tomography-scale proxy; constants and algorithmic improvements are not modeled.,dense_cholesky_n1000_k1000,dense_direct,scipy.linalg.solve_assume_pos,1000,1000.0000000000001,0.0001,0.03194390000135172,6.91331474527373e-15,,2125504587.640423,rough_full_vector_output_proxy_not_a_theorem
hhl_s1_fixed_m,1000,4,maj_e6_floquet,0.0001,full_vector_tomography_proxy,full classical solution vector tomography-style proxy at amplitude error about 0.01,rough_proxy_for_full_vector_output,6.7896906,10000000,67896906.0,Uses N/error^2 repetitions as a simple tomography-scale proxy; constants and algorithmic improvements are not modeled.,sparse_cg_n1000_k1000_tol1e-04,sparse_iterative,scipy.sparse.linalg.cg,1000,1000.0000000000001,0.0001,0.003986099996836856,8.959242319640546e-05,147.0,17033417639.767982,rough_full_vector_output_proxy_not_a_theorem
hhl_s1_fixed_m,1000,6,maj_e6_floquet,0.0001,state_preparation_only,quantum_state_proportional_to_solution,not_comparable_to_classical_full_vector,29.859608100000003,1,29.859608100000003,Raw QDK estimate prepares a quantum state; it does not emit x as classical data.,dense_cholesky_n1000_k100,dense_direct,scipy.linalg.solve_assume_pos,100,100.00000000000001,0.0001,0.03139119999832474,1.2468314366660235e-15,,951.2095141821125,not_apples_to_apples_against_full_vector_classical_output
hhl_s1_fixed_m,1000,6,maj_e6_floquet,0.0001,state_preparation_only,quantum_state_proportional_to_solution,not_comparable_to_classical_full_vector,29.859608100000003,1,29.859608100000003,Raw QDK estimate prepares a quantum state; it does not emit x as classical data.,sparse_cg_n1000_k100_tol1e-04,sparse_iterative,scipy.sparse.linalg.cg,100,100.00000000000001,0.0001,0.0014973999932408333,9.475992710869933e-05,48.0,19940.969837574692,not_apples_to_apples_against_full_vector_classical_output
hhl_s1_fixed_m,1000,6,maj_e6_floquet,0.0001,state_preparation_only,quantum_state_proportional_to_solution,not_comparable_to_classical_full_vector,29.859608100000003,1,29.859608100000003,Raw QDK estimate prepares a quantum state; it does not emit x as classical data.,dense_cholesky_n1000_k1000,dense_direct,scipy.linalg.solve_assume_pos,1000,1000.0000000000001,0.0001,0.03194390000135172,6.91331474527373e-15,,934.7514892901768,not_apples_to_apples_against_full_vector_classical_output
hhl_s1_fixed_m,1000,6,maj_e6_floquet,0.0001,state_preparation_only,quantum_state_proportional_to_solution,not_comparable_to_classical_full_vector,29.859608100000003,1,29.859608100000003,Raw QDK estimate prepares a quantum state; it does not emit x as classical data.,sparse_cg_n1000_k1000_tol1e-04,sparse_iterative,scipy.sparse.linalg.cg,1000,1000.0000000000001,0.0001,0.003986099996836856,8.959242319640546e-05,147.0,7490.933023179274,not_apples_to_apples_against_full_vector_classical_output
hhl_s1_fixed_m,1000,6,maj_e6_floquet,0.0001,single_scalar_observable_sampling,one bounded scalar observable to additive error about 0.01,conditionally_comparable_only_if_classical_task_is_same_scalar_observable,29.859608100000003,10000,298596.081,Uses plain 1/error^2 measurement sampling for a bounded observable; amplitude-estimation variants are not modeled.,dense_cholesky_n1000_k100,dense_direct,scipy.linalg.solve_assume_pos,100,100.00000000000001,0.0001,0.03139119999832474,1.2468314366660235e-15,,9512095.141821124,apples_to_apples_only_for_same_scalar_observable_task
hhl_s1_fixed_m,1000,6,maj_e6_floquet,0.0001,single_scalar_observable_sampling,one bounded scalar observable to additive error about 0.01,conditionally_comparable_only_if_classical_task_is_same_scalar_observable,29.859608100000003,10000,298596.081,Uses plain 1/error^2 measurement sampling for a bounded observable; amplitude-estimation variants are not modeled.,sparse_cg_n1000_k100_tol1e-04,sparse_iterative,scipy.sparse.linalg.cg,100,100.00000000000001,0.0001,0.0014973999932408333,9.475992710869933e-05,48.0,199409698.3757469,apples_to_apples_only_for_same_scalar_observable_task
hhl_s1_fixed_m,1000,6,maj_e6_floquet,0.0001,single_scalar_observable_sampling,one bounded scalar observable to additive error about 0.01,conditionally_comparable_only_if_classical_task_is_same_scalar_observable,29.859608100000003,10000,298596.081,Uses plain 1/error^2 measurement sampling for a bounded observable; amplitude-estimation variants are not modeled.,dense_cholesky_n1000_k1000,dense_direct,scipy.linalg.solve_assume_pos,1000,1000.0000000000001,0.0001,0.03194390000135172,6.91331474527373e-15,,9347514.892901767,apples_to_apples_only_for_same_scalar_observable_task
hhl_s1_fixed_m,1000,6,maj_e6_floquet,0.0001,single_scalar_observable_sampling,one bounded scalar observable to additive error about 0.01,conditionally_comparable_only_if_classical_task_is_same_scalar_observable,29.859608100000003,10000,298596.081,Uses plain 1/error^2 measurement sampling for a bounded observable; amplitude-estimation variants are not modeled.,sparse_cg_n1000_k1000_tol1e-04,sparse_iterative,scipy.sparse.linalg.cg,1000,1000.0000000000001,0.0001,0.003986099996836856,8.959242319640546e-05,147.0,74909330.23179273,apples_to_apples_only_for_same_scalar_observable_task
hhl_s1_fixed_m,1000,6,maj_e6_floquet,0.0001,full_vector_readout_lower_bound,full classical solution vector lower-bound readout,lower_bound_not_sufficient_for_vector_accuracy,29.859608100000003,1000,29859.6081,At least O(N) state preparations are needed to emit N classical coordinates; signs/amplitudes require more.,dense_cholesky_n1000_k100,dense_direct,scipy.linalg.solve_assume_pos,100,100.00000000000001,0.0001,0.03139119999832474,1.2468314366660235e-15,,951209.5141821124,minimum_readout_charge_added_but_still_not_full_accuracy_tomography
hhl_s1_fixed_m,1000,6,maj_e6_floquet,0.0001,full_vector_readout_lower_bound,full classical solution vector lower-bound readout,lower_bound_not_sufficient_for_vector_accuracy,29.859608100000003,1000,29859.6081,At least O(N) state preparations are needed to emit N classical coordinates; signs/amplitudes require more.,sparse_cg_n1000_k100_tol1e-04,sparse_iterative,scipy.sparse.linalg.cg,100,100.00000000000001,0.0001,0.0014973999932408333,9.475992710869933e-05,48.0,19940969.83757469,minimum_readout_charge_added_but_still_not_full_accuracy_tomography
hhl_s1_fixed_m,1000,6,maj_e6_floquet,0.0001,full_vector_readout_lower_bound,full classical solution vector lower-bound readout,lower_bound_not_sufficient_for_vector_accuracy,29.859608100000003,1000,29859.6081,At least O(N) state preparations are needed to emit N classical coordinates; signs/amplitudes require more.,dense_cholesky_n1000_k1000,dense_direct,scipy.linalg.solve_assume_pos,1000,1000.0000000000001,0.0001,0.03194390000135172,6.91331474527373e-15,,934751.4892901768,minimum_readout_charge_added_but_still_not_full_accuracy_tomography
hhl_s1_fixed_m,1000,6,maj_e6_floquet,0.0001,full_vector_readout_lower_bound,full classical solution vector lower-bound readout,lower_bound_not_sufficient_for_vector_accuracy,29.859608100000003,1000,29859.6081,At least O(N) state preparations are needed to emit N classical coordinates; signs/amplitudes require more.,sparse_cg_n1000_k1000_tol1e-04,sparse_iterative,scipy.sparse.linalg.cg,1000,1000.0000000000001,0.0001,0.003986099996836856,8.959242319640546e-05,147.0,7490933.023179273,minimum_readout_charge_added_but_still_not_full_accuracy_tomography
hhl_s1_fixed_m,1000,6,maj_e6_floquet,0.0001,full_vector_tomography_proxy,full classical solution vector tomography-style proxy at amplitude error about 0.01,rough_proxy_for_full_vector_output,29.859608100000003,10000000,298596081.0,Uses N/error^2 repetitions as a simple tomography-scale proxy; constants and algorithmic improvements are not modeled.,dense_cholesky_n1000_k100,dense_direct,scipy.linalg.solve_assume_pos,100,100.00000000000001,0.0001,0.03139119999832474,1.2468314366660235e-15,,9512095141.821123,rough_full_vector_output_proxy_not_a_theorem
hhl_s1_fixed_m,1000,6,maj_e6_floquet,0.0001,full_vector_tomography_proxy,full classical solution vector tomography-style proxy at amplitude error about 0.01,rough_proxy_for_full_vector_output,29.859608100000003,10000000,298596081.0,Uses N/error^2 repetitions as a simple tomography-scale proxy; constants and algorithmic improvements are not modeled.,sparse_cg_n1000_k100_tol1e-04,sparse_iterative,scipy.sparse.linalg.cg,100,100.00000000000001,0.0001,0.0014973999932408333,9.475992710869933e-05,48.0,199409698375.7469,rough_full_vector_output_proxy_not_a_theorem
hhl_s1_fixed_m,1000,6,maj_e6_floquet,0.0001,full_vector_tomography_proxy,full classical solution vector tomography-style proxy at amplitude error about 0.01,rough_proxy_for_full_vector_output,29.859608100000003,10000000,298596081.0,Uses N/error^2 repetitions as a simple tomography-scale proxy; constants and algorithmic improvements are not modeled.,dense_cholesky_n1000_k1000,dense_direct,scipy.linalg.solve_assume_pos,1000,1000.0000000000001,0.0001,0.03194390000135172,6.91331474527373e-15,,9347514892.901768,rough_full_vector_output_proxy_not_a_theorem
hhl_s1_fixed_m,1000,6,maj_e6_floquet,0.0001,full_vector_tomography_proxy,full classical solution vector tomography-style proxy at amplitude error about 0.01,rough_proxy_for_full_vector_output,29.859608100000003,10000000,298596081.0,Uses N/error^2 repetitions as a simple tomography-scale proxy; constants and algorithmic improvements are not modeled.,sparse_cg_n1000_k1000_tol1e-04,sparse_iterative,scipy.sparse.linalg.cg,1000,1000.0000000000001,0.0001,0.003986099996836856,8.959242319640546e-05,147.0,74909330231.79272,rough_full_vector_output_proxy_not_a_theorem
hhl_s2_fixed_m,20,4,maj_e6_floquet,0.0001,state_preparation_only,quantum_state_proportional_to_solution,not_comparable_to_classical_full_vector,0.1882935,1,0.1882935,Raw QDK estimate prepares a quantum state; it does not emit x as classical data.,dense_cholesky_n20_k100,dense_direct,scipy.linalg.solve_assume_pos,100,99.99999999999999,0.0001,0.00018780000391416252,1.3720599011668234e-15,,1002.6277746302021,not_apples_to_apples_against_full_vector_classical_output
hhl_s2_fixed_m,20,4,maj_e6_floquet,0.0001,state_preparation_only,quantum_state_proportional_to_solution,not_comparable_to_classical_full_vector,0.1882935,1,0.1882935,Raw QDK estimate prepares a quantum state; it does not emit x as classical data.,sparse_cg_n20_k100_tol1e-04,sparse_iterative,scipy.sparse.linalg.cg,100,99.99999999999999,0.0001,0.0008537999965483323,2.0691753698318214e-15,20.0,220.53584066668594,not_apples_to_apples_against_full_vector_classical_output
hhl_s2_fixed_m,20,4,maj_e6_floquet,0.0001,state_preparation_only,quantum_state_proportional_to_solution,not_comparable_to_classical_full_vector,0.1882935,1,0.1882935,Raw QDK estimate prepares a quantum state; it does not emit x as classical data.,dense_cholesky_n20_k1000,dense_direct,scipy.linalg.solve_assume_pos,1000,178.06427461085983,0.0001,0.00016959999629762024,2.3972347012356682e-15,,1110.2211327267703,not_apples_to_apples_against_full_vector_classical_output
hhl_s2_fixed_m,20,4,maj_e6_floquet,0.0001,state_preparation_only,quantum_state_proportional_to_solution,not_comparable_to_classical_full_vector,0.1882935,1,0.1882935,Raw QDK estimate prepares a quantum state; it does not emit x as classical data.,sparse_cg_n20_k1000_tol1e-04,sparse_iterative,scipy.sparse.linalg.cg,1000,178.06427461085983,0.0001,0.0011489000025903806,1.5782132456760722e-15,20.0,163.8902424714613,not_apples_to_apples_against_full_vector_classical_output
hhl_s2_fixed_m,20,4,maj_e6_floquet,0.0001,single_scalar_observable_sampling,one bounded scalar observable to additive error about 0.01,conditionally_comparable_only_if_classical_task_is_same_scalar_observable,0.1882935,10000,1882.935,Uses plain 1/error^2 measurement sampling for a bounded observable; amplitude-estimation variants are not modeled.,dense_cholesky_n20_k100,dense_direct,scipy.linalg.solve_assume_pos,100,99.99999999999999,0.0001,0.00018780000391416252,1.3720599011668234e-15,,10026277.74630202,apples_to_apples_only_for_same_scalar_observable_task
hhl_s2_fixed_m,20,4,maj_e6_floquet,0.0001,single_scalar_observable_sampling,one bounded scalar observable to additive error about 0.01,conditionally_comparable_only_if_classical_task_is_same_scalar_observable,0.1882935,10000,1882.935,Uses plain 1/error^2 measurement sampling for a bounded observable; amplitude-estimation variants are not modeled.,sparse_cg_n20_k100_tol1e-04,sparse_iterative,scipy.sparse.linalg.cg,100,99.99999999999999,0.0001,0.0008537999965483323,2.0691753698318214e-15,20.0,2205358.406666859,apples_to_apples_only_for_same_scalar_observable_task
hhl_s2_fixed_m,20,4,maj_e6_floquet,0.0001,single_scalar_observable_sampling,one bounded scalar observable to additive error about 0.01,conditionally_comparable_only_if_classical_task_is_same_scalar_observable,0.1882935,10000,1882.935,Uses plain 1/error^2 measurement sampling for a bounded observable; amplitude-estimation variants are not modeled.,dense_cholesky_n20_k1000,dense_direct,scipy.linalg.solve_assume_pos,1000,178.06427461085983,0.0001,0.00016959999629762024,2.3972347012356682e-15,,11102211.327267703,apples_to_apples_only_for_same_scalar_observable_task
hhl_s2_fixed_m,20,4,maj_e6_floquet,0.0001,single_scalar_observable_sampling,one bounded scalar observable to additive error about 0.01,conditionally_comparable_only_if_classical_task_is_same_scalar_observable,0.1882935,10000,1882.935,Uses plain 1/error^2 measurement sampling for a bounded observable; amplitude-estimation variants are not modeled.,sparse_cg_n20_k1000_tol1e-04,sparse_iterative,scipy.sparse.linalg.cg,1000,178.06427461085983,0.0001,0.0011489000025903806,1.5782132456760722e-15,20.0,1638902.424714613,apples_to_apples_only_for_same_scalar_observable_task
hhl_s2_fixed_m,20,4,maj_e6_floquet,0.0001,full_vector_readout_lower_bound,full classical solution vector lower-bound readout,lower_bound_not_sufficient_for_vector_accuracy,0.1882935,20,3.76587,At least O(N) state preparations are needed to emit N classical coordinates; signs/amplitudes require more.,dense_cholesky_n20_k100,dense_direct,scipy.linalg.solve_assume_pos,100,99.99999999999999,0.0001,0.00018780000391416252,1.3720599011668234e-15,,20052.555492604042,minimum_readout_charge_added_but_still_not_full_accuracy_tomography
hhl_s2_fixed_m,20,4,maj_e6_floquet,0.0001,full_vector_readout_lower_bound,full classical solution vector lower-bound readout,lower_bound_not_sufficient_for_vector_accuracy,0.1882935,20,3.76587,At least O(N) state preparations are needed to emit N classical coordinates; signs/amplitudes require more.,sparse_cg_n20_k100_tol1e-04,sparse_iterative,scipy.sparse.linalg.cg,100,99.99999999999999,0.0001,0.0008537999965483323,2.0691753698318214e-15,20.0,4410.716813333718,minimum_readout_charge_added_but_still_not_full_accuracy_tomography
hhl_s2_fixed_m,20,4,maj_e6_floquet,0.0001,full_vector_readout_lower_bound,full classical solution vector lower-bound readout,lower_bound_not_sufficient_for_vector_accuracy,0.1882935,20,3.76587,At least O(N) state preparations are needed to emit N classical coordinates; signs/amplitudes require more.,dense_cholesky_n20_k1000,dense_direct,scipy.linalg.solve_assume_pos,1000,178.06427461085983,0.0001,0.00016959999629762024,2.3972347012356682e-15,,22204.422654535407,minimum_readout_charge_added_but_still_not_full_accuracy_tomography
hhl_s2_fixed_m,20,4,maj_e6_floquet,0.0001,full_vector_readout_lower_bound,full classical solution vector lower-bound readout,lower_bound_not_sufficient_for_vector_accuracy,0.1882935,20,3.76587,At least O(N) state preparations are needed to emit N classical coordinates; signs/amplitudes require more.,sparse_cg_n20_k1000_tol1e-04,sparse_iterative,scipy.sparse.linalg.cg,1000,178.06427461085983,0.0001,0.0011489000025903806,1.5782132456760722e-15,20.0,3277.804849429226,minimum_readout_charge_added_but_still_not_full_accuracy_tomography
hhl_s2_fixed_m,20,4,maj_e6_floquet,0.0001,full_vector_tomography_proxy,full classical solution vector tomography-style proxy at amplitude error about 0.01,rough_proxy_for_full_vector_output,0.1882935,200000,37658.7,Uses N/error^2 repetitions as a simple tomography-scale proxy; constants and algorithmic improvements are not modeled.,dense_cholesky_n20_k100,dense_direct,scipy.linalg.solve_assume_pos,100,99.99999999999999,0.0001,0.00018780000391416252,1.3720599011668234e-15,,200525554.92604038,rough_full_vector_output_proxy_not_a_theorem
hhl_s2_fixed_m,20,4,maj_e6_floquet,0.0001,full_vector_tomography_proxy,full classical solution vector tomography-style proxy at amplitude error about 0.01,rough_proxy_for_full_vector_output,0.1882935,200000,37658.7,Uses N/error^2 repetitions as a simple tomography-scale proxy; constants and algorithmic improvements are not modeled.,sparse_cg_n20_k100_tol1e-04,sparse_iterative,scipy.sparse.linalg.cg,100,99.99999999999999,0.0001,0.0008537999965483323,2.0691753698318214e-15,20.0,44107168.133337185,rough_full_vector_output_proxy_not_a_theorem
hhl_s2_fixed_m,20,4,maj_e6_floquet,0.0001,full_vector_tomography_proxy,full classical solution vector tomography-style proxy at amplitude error about 0.01,rough_proxy_for_full_vector_output,0.1882935,200000,37658.7,Uses N/error^2 repetitions as a simple tomography-scale proxy; constants and algorithmic improvements are not modeled.,dense_cholesky_n20_k1000,dense_direct,scipy.linalg.solve_assume_pos,1000,178.06427461085983,0.0001,0.00016959999629762024,2.3972347012356682e-15,,222044226.54535407,rough_full_vector_output_proxy_not_a_theorem
hhl_s2_fixed_m,20,4,maj_e6_floquet,0.0001,full_vector_tomography_proxy,full classical solution vector tomography-style proxy at amplitude error about 0.01,rough_proxy_for_full_vector_output,0.1882935,200000,37658.7,Uses N/error^2 repetitions as a simple tomography-scale proxy; constants and algorithmic improvements are not modeled.,sparse_cg_n20_k1000_tol1e-04,sparse_iterative,scipy.sparse.linalg.cg,1000,178.06427461085983,0.0001,0.0011489000025903806,1.5782132456760722e-15,20.0,32778048.49429226,rough_full_vector_output_proxy_not_a_theorem
hhl_s2_fixed_m,20,6,maj_e6_floquet,0.0001,state_preparation_only,quantum_state_proportional_to_solution,not_comparable_to_classical_full_vector,0.8919555,1,0.8919555,Raw QDK estimate prepares a quantum state; it does not emit x as classical data.,dense_cholesky_n20_k100,dense_direct,scipy.linalg.solve_assume_pos,100,99.99999999999999,0.0001,0.00018780000391416252,1.3720599011668234e-15,,4749.496706121928,not_apples_to_apples_against_full_vector_classical_output
hhl_s2_fixed_m,20,6,maj_e6_floquet,0.0001,state_preparation_only,quantum_state_proportional_to_solution,not_comparable_to_classical_full_vector,0.8919555,1,0.8919555,Raw QDK estimate prepares a quantum state; it does not emit x as classical data.,sparse_cg_n20_k100_tol1e-04,sparse_iterative,scipy.sparse.linalg.cg,100,99.99999999999999,0.0001,0.0008537999965483323,2.0691753698318214e-15,20.0,1044.6890414686336,not_apples_to_apples_against_full_vector_classical_output
hhl_s2_fixed_m,20,6,maj_e6_floquet,0.0001,state_preparation_only,quantum_state_proportional_to_solution,not_comparable_to_classical_full_vector,0.8919555,1,0.8919555,Raw QDK estimate prepares a quantum state; it does not emit x as classical data.,dense_cholesky_n20_k1000,dense_direct,scipy.linalg.solve_assume_pos,1000,178.06427461085983,0.0001,0.00016959999629762024,2.3972347012356682e-15,,5259.171694996762,not_apples_to_apples_against_full_vector_classical_output
hhl_s2_fixed_m,20,6,maj_e6_floquet,0.0001,state_preparation_only,quantum_state_proportional_to_solution,not_comparable_to_classical_full_vector,0.8919555,1,0.8919555,Raw QDK estimate prepares a quantum state; it does not emit x as classical data.,sparse_cg_n20_k1000_tol1e-04,sparse_iterative,scipy.sparse.linalg.cg,1000,178.06427461085983,0.0001,0.0011489000025903806,1.5782132456760722e-15,20.0,776.3560779780157,not_apples_to_apples_against_full_vector_classical_output
hhl_s2_fixed_m,20,6,maj_e6_floquet,0.0001,single_scalar_observable_sampling,one bounded scalar observable to additive error about 0.01,conditionally_comparable_only_if_classical_task_is_same_scalar_observable,0.8919555,10000,8919.555,Uses plain 1/error^2 measurement sampling for a bounded observable; amplitude-estimation variants are not modeled.,dense_cholesky_n20_k100,dense_direct,scipy.linalg.solve_assume_pos,100,99.99999999999999,0.0001,0.00018780000391416252,1.3720599011668234e-15,,47494967.061219275,apples_to_apples_only_for_same_scalar_observable_task
hhl_s2_fixed_m,20,6,maj_e6_floquet,0.0001,single_scalar_observable_sampling,one bounded scalar observable to additive error about 0.01,conditionally_comparable_only_if_classical_task_is_same_scalar_observable,0.8919555,10000,8919.555,Uses plain 1/error^2 measurement sampling for a bounded observable; amplitude-estimation variants are not modeled.,sparse_cg_n20_k100_tol1e-04,sparse_iterative,scipy.sparse.linalg.cg,100,99.99999999999999,0.0001,0.0008537999965483323,2.0691753698318214e-15,20.0,10446890.414686337,apples_to_apples_only_for_same_scalar_observable_task
hhl_s2_fixed_m,20,6,maj_e6_floquet,0.0001,single_scalar_observable_sampling,one bounded scalar observable to additive error about 0.01,conditionally_comparable_only_if_classical_task_is_same_scalar_observable,0.8919555,10000,8919.555,Uses plain 1/error^2 measurement sampling for a bounded observable; amplitude-estimation variants are not modeled.,dense_cholesky_n20_k1000,dense_direct,scipy.linalg.solve_assume_pos,1000,178.06427461085983,0.0001,0.00016959999629762024,2.3972347012356682e-15,,52591716.94996762,apples_to_apples_only_for_same_scalar_observable_task
hhl_s2_fixed_m,20,6,maj_e6_floquet,0.0001,single_scalar_observable_sampling,one bounded scalar observable to additive error about 0.01,conditionally_comparable_only_if_classical_task_is_same_scalar_observable,0.8919555,10000,8919.555,Uses plain 1/error^2 measurement sampling for a bounded observable; amplitude-estimation variants are not modeled.,sparse_cg_n20_k1000_tol1e-04,sparse_iterative,scipy.sparse.linalg.cg,1000,178.06427461085983,0.0001,0.0011489000025903806,1.5782132456760722e-15,20.0,7763560.779780158,apples_to_apples_only_for_same_scalar_observable_task
hhl_s2_fixed_m,20,6,maj_e6_floquet,0.0001,full_vector_readout_lower_bound,full classical solution vector lower-bound readout,lower_bound_not_sufficient_for_vector_accuracy,0.8919555,20,17.83911,At least O(N) state preparations are needed to emit N classical coordinates; signs/amplitudes require more.,dense_cholesky_n20_k100,dense_direct,scipy.linalg.solve_assume_pos,100,99.99999999999999,0.0001,0.00018780000391416252,1.3720599011668234e-15,,94989.93412243856,minimum_readout_charge_added_but_still_not_full_accuracy_tomography
hhl_s2_fixed_m,20,6,maj_e6_floquet,0.0001,full_vector_readout_lower_bound,full classical solution vector lower-bound readout,lower_bound_not_sufficient_for_vector_accuracy,0.8919555,20,17.83911,At least O(N) state preparations are needed to emit N classical coordinates; signs/amplitudes require more.,sparse_cg_n20_k100_tol1e-04,sparse_iterative,scipy.sparse.linalg.cg,100,99.99999999999999,0.0001,0.0008537999965483323,2.0691753698318214e-15,20.0,20893.780829372678,minimum_readout_charge_added_but_still_not_full_accuracy_tomography
hhl_s2_fixed_m,20,6,maj_e6_floquet,0.0001,full_vector_readout_lower_bound,full classical solution vector lower-bound readout,lower_bound_not_sufficient_for_vector_accuracy,0.8919555,20,17.83911,At least O(N) state preparations are needed to emit N classical coordinates; signs/amplitudes require more.,dense_cholesky_n20_k1000,dense_direct,scipy.linalg.solve_assume_pos,1000,178.06427461085983,0.0001,0.00016959999629762024,2.3972347012356682e-15,,105183.43389993525,minimum_readout_charge_added_but_still_not_full_accuracy_tomography
hhl_s2_fixed_m,20,6,maj_e6_floquet,0.0001,full_vector_readout_lower_bound,full classical solution vector lower-bound readout,lower_bound_not_sufficient_for_vector_accuracy,0.8919555,20,17.83911,At least O(N) state preparations are needed to emit N classical coordinates; signs/amplitudes require more.,sparse_cg_n20_k1000_tol1e-04,sparse_iterative,scipy.sparse.linalg.cg,1000,178.06427461085983,0.0001,0.0011489000025903806,1.5782132456760722e-15,20.0,15527.121559560315,minimum_readout_charge_added_but_still_not_full_accuracy_tomography
hhl_s2_fixed_m,20,6,maj_e6_floquet,0.0001,full_vector_tomography_proxy,full classical solution vector tomography-style proxy at amplitude error about 0.01,rough_proxy_for_full_vector_output,0.8919555,200000,178391.1,Uses N/error^2 repetitions as a simple tomography-scale proxy; constants and algorithmic improvements are not modeled.,dense_cholesky_n20_k100,dense_direct,scipy.linalg.solve_assume_pos,100,99.99999999999999,0.0001,0.00018780000391416252,1.3720599011668234e-15,,949899341.2243856,rough_full_vector_output_proxy_not_a_theorem
hhl_s2_fixed_m,20,6,maj_e6_floquet,0.0001,full_vector_tomography_proxy,full classical solution vector tomography-style proxy at amplitude error about 0.01,rough_proxy_for_full_vector_output,0.8919555,200000,178391.1,Uses N/error^2 repetitions as a simple tomography-scale proxy; constants and algorithmic improvements are not modeled.,sparse_cg_n20_k100_tol1e-04,sparse_iterative,scipy.sparse.linalg.cg,100,99.99999999999999,0.0001,0.0008537999965483323,2.0691753698318214e-15,20.0,208937808.29372674,rough_full_vector_output_proxy_not_a_theorem
hhl_s2_fixed_m,20,6,maj_e6_floquet,0.0001,full_vector_tomography_proxy,full classical solution vector tomography-style proxy at amplitude error about 0.01,rough_proxy_for_full_vector_output,0.8919555,200000,178391.1,Uses N/error^2 repetitions as a simple tomography-scale proxy; constants and algorithmic improvements are not modeled.,dense_cholesky_n20_k1000,dense_direct,scipy.linalg.solve_assume_pos,1000,178.06427461085983,0.0001,0.00016959999629762024,2.3972347012356682e-15,,1051834338.9993525,rough_full_vector_output_proxy_not_a_theorem
hhl_s2_fixed_m,20,6,maj_e6_floquet,0.0001,full_vector_tomography_proxy,full classical solution vector tomography-style proxy at amplitude error about 0.01,rough_proxy_for_full_vector_output,0.8919555,200000,178391.1,Uses N/error^2 repetitions as a simple tomography-scale proxy; constants and algorithmic improvements are not modeled.,sparse_cg_n20_k1000_tol1e-04,sparse_iterative,scipy.sparse.linalg.cg,1000,178.06427461085983,0.0001,0.0011489000025903806,1.5782132456760722e-15,20.0,155271215.59560314,rough_full_vector_output_proxy_not_a_theorem
hhl_s2_fixed_m,20,8,maj_e6_floquet,0.0001,state_preparation_only,quantum_state_proportional_to_solution,not_comparable_to_classical_full_vector,3.9087135,1,3.9087135,Raw QDK estimate prepares a quantum state; it does not emit x as classical data.,dense_cholesky_n20_k100,dense_direct,scipy.linalg.solve_assume_pos,100,99.99999999999999,0.0001,0.00018780000391416252,1.3720599011668234e-15,,20813.170492725603,not_apples_to_apples_against_full_vector_classical_output
hhl_s2_fixed_m,20,8,maj_e6_floquet,0.0001,state_preparation_only,quantum_state_proportional_to_solution,not_comparable_to_classical_full_vector,3.9087135,1,3.9087135,Raw QDK estimate prepares a quantum state; it does not emit x as classical data.,sparse_cg_n20_k100_tol1e-04,sparse_iterative,scipy.sparse.linalg.cg,100,99.99999999999999,0.0001,0.0008537999965483323,2.0691753698318214e-15,20.0,4578.0200466172455,not_apples_to_apples_against_full_vector_classical_output
hhl_s2_fixed_m,20,8,maj_e6_floquet,0.0001,state_preparation_only,quantum_state_proportional_to_solution,not_comparable_to_classical_full_vector,3.9087135,1,3.9087135,Raw QDK estimate prepares a quantum state; it does not emit x as classical data.,dense_cholesky_n20_k1000,dense_direct,scipy.linalg.solve_assume_pos,1000,178.06427461085983,0.0001,0.00016959999629762024,2.3972347012356682e-15,,23046.660290846045,not_apples_to_apples_against_full_vector_classical_output
hhl_s2_fixed_m,20,8,maj_e6_floquet,0.0001,state_preparation_only,quantum_state_proportional_to_solution,not_comparable_to_classical_full_vector,3.9087135,1,3.9087135,Raw QDK estimate prepares a quantum state; it does not emit x as classical data.,sparse_cg_n20_k1000_tol1e-04,sparse_iterative,scipy.sparse.linalg.cg,1000,178.06427461085983,0.0001,0.0011489000025903806,1.5782132456760722e-15,20.0,3402.1355132624026,not_apples_to_apples_against_full_vector_classical_output
hhl_s2_fixed_m,20,8,maj_e6_floquet,0.0001,single_scalar_observable_sampling,one bounded scalar observable to additive error about 0.01,conditionally_comparable_only_if_classical_task_is_same_scalar_observable,3.9087135,10000,39087.135,Uses plain 1/error^2 measurement sampling for a bounded observable; amplitude-estimation variants are not modeled.,dense_cholesky_n20_k100,dense_direct,scipy.linalg.solve_assume_pos,100,99.99999999999999,0.0001,0.00018780000391416252,1.3720599011668234e-15,,208131704.92725605,apples_to_apples_only_for_same_scalar_observable_task
hhl_s2_fixed_m,20,8,maj_e6_floquet,0.0001,single_scalar_observable_sampling,one bounded scalar observable to additive error about 0.01,conditionally_comparable_only_if_classical_task_is_same_scalar_observable,3.9087135,10000,39087.135,Uses plain 1/error^2 measurement sampling for a bounded observable; amplitude-estimation variants are not modeled.,sparse_cg_n20_k100_tol1e-04,sparse_iterative,scipy.sparse.linalg.cg,100,99.99999999999999,0.0001,0.0008537999965483323,2.0691753698318214e-15,20.0,45780200.46617246,apples_to_apples_only_for_same_scalar_observable_task
hhl_s2_fixed_m,20,8,maj_e6_floquet,0.0001,single_scalar_observable_sampling,one bounded scalar observable to additive error about 0.01,conditionally_comparable_only_if_classical_task_is_same_scalar_observable,3.9087135,10000,39087.135,Uses plain 1/error^2 measurement sampling for a bounded observable; amplitude-estimation variants are not modeled.,dense_cholesky_n20_k1000,dense_direct,scipy.linalg.solve_assume_pos,1000,178.06427461085983,0.0001,0.00016959999629762024,2.3972347012356682e-15,,230466602.90846044,apples_to_apples_only_for_same_scalar_observable_task
hhl_s2_fixed_m,20,8,maj_e6_floquet,0.0001,single_scalar_observable_sampling,one bounded scalar observable to additive error about 0.01,conditionally_comparable_only_if_classical_task_is_same_scalar_observable,3.9087135,10000,39087.135,Uses plain 1/error^2 measurement sampling for a bounded observable; amplitude-estimation variants are not modeled.,sparse_cg_n20_k1000_tol1e-04,sparse_iterative,scipy.sparse.linalg.cg,1000,178.06427461085983,0.0001,0.0011489000025903806,1.5782132456760722e-15,20.0,34021355.13262402,apples_to_apples_only_for_same_scalar_observable_task
hhl_s2_fixed_m,20,8,maj_e6_floquet,0.0001,full_vector_readout_lower_bound,full classical solution vector lower-bound readout,lower_bound_not_sufficient_for_vector_accuracy,3.9087135,20,78.17427,At least O(N) state preparations are needed to emit N classical coordinates; signs/amplitudes require more.,dense_cholesky_n20_k100,dense_direct,scipy.linalg.solve_assume_pos,100,99.99999999999999,0.0001,0.00018780000391416252,1.3720599011668234e-15,,416263.4098545121,minimum_readout_charge_added_but_still_not_full_accuracy_tomography
hhl_s2_fixed_m,20,8,maj_e6_floquet,0.0001,full_vector_readout_lower_bound,full classical solution vector lower-bound readout,lower_bound_not_sufficient_for_vector_accuracy,3.9087135,20,78.17427,At least O(N) state preparations are needed to emit N classical coordinates; signs/amplitudes require more.,sparse_cg_n20_k100_tol1e-04,sparse_iterative,scipy.sparse.linalg.cg,100,99.99999999999999,0.0001,0.0008537999965483323,2.0691753698318214e-15,20.0,91560.40093234491,minimum_readout_charge_added_but_still_not_full_accuracy_tomography
hhl_s2_fixed_m,20,8,maj_e6_floquet,0.0001,full_vector_readout_lower_bound,full classical solution vector lower-bound readout,lower_bound_not_sufficient_for_vector_accuracy,3.9087135,20,78.17427,At least O(N) state preparations are needed to emit N classical coordinates; signs/amplitudes require more.,dense_cholesky_n20_k1000,dense_direct,scipy.linalg.solve_assume_pos,1000,178.06427461085983,0.0001,0.00016959999629762024,2.3972347012356682e-15,,460933.20581692085,minimum_readout_charge_added_but_still_not_full_accuracy_tomography
hhl_s2_fixed_m,20,8,maj_e6_floquet,0.0001,full_vector_readout_lower_bound,full classical solution vector lower-bound readout,lower_bound_not_sufficient_for_vector_accuracy,3.9087135,20,78.17427,At least O(N) state preparations are needed to emit N classical coordinates; signs/amplitudes require more.,sparse_cg_n20_k1000_tol1e-04,sparse_iterative,scipy.sparse.linalg.cg,1000,178.06427461085983,0.0001,0.0011489000025903806,1.5782132456760722e-15,20.0,68042.71026524805,minimum_readout_charge_added_but_still_not_full_accuracy_tomography
hhl_s2_fixed_m,20,8,maj_e6_floquet,0.0001,full_vector_tomography_proxy,full classical solution vector tomography-style proxy at amplitude error about 0.01,rough_proxy_for_full_vector_output,3.9087135,200000,781742.7000000001,Uses N/error^2 repetitions as a simple tomography-scale proxy; constants and algorithmic improvements are not modeled.,dense_cholesky_n20_k100,dense_direct,scipy.linalg.solve_assume_pos,100,99.99999999999999,0.0001,0.00018780000391416252,1.3720599011668234e-15,,4162634098.5451207,rough_full_vector_output_proxy_not_a_theorem
hhl_s2_fixed_m,20,8,maj_e6_floquet,0.0001,full_vector_tomography_proxy,full classical solution vector tomography-style proxy at amplitude error about 0.01,rough_proxy_for_full_vector_output,3.9087135,200000,781742.7000000001,Uses N/error^2 repetitions as a simple tomography-scale proxy; constants and algorithmic improvements are not modeled.,sparse_cg_n20_k100_tol1e-04,sparse_iterative,scipy.sparse.linalg.cg,100,99.99999999999999,0.0001,0.0008537999965483323,2.0691753698318214e-15,20.0,915604009.3234491,rough_full_vector_output_proxy_not_a_theorem
hhl_s2_fixed_m,20,8,maj_e6_floquet,0.0001,full_vector_tomography_proxy,full classical solution vector tomography-style proxy at amplitude error about 0.01,rough_proxy_for_full_vector_output,3.9087135,200000,781742.7000000001,Uses N/error^2 repetitions as a simple tomography-scale proxy; constants and algorithmic improvements are not modeled.,dense_cholesky_n20_k1000,dense_direct,scipy.linalg.solve_assume_pos,1000,178.06427461085983,0.0001,0.00016959999629762024,2.3972347012356682e-15,,4609332058.169209,rough_full_vector_output_proxy_not_a_theorem
hhl_s2_fixed_m,20,8,maj_e6_floquet,0.0001,full_vector_tomography_proxy,full classical solution vector tomography-style proxy at amplitude error about 0.01,rough_proxy_for_full_vector_output,3.9087135,200000,781742.7000000001,Uses N/error^2 repetitions as a simple tomography-scale proxy; constants and algorithmic improvements are not modeled.,sparse_cg_n20_k1000_tol1e-04,sparse_iterative,scipy.sparse.linalg.cg,1000,178.06427461085983,0.0001,0.0011489000025903806,1.5782132456760722e-15,20.0,680427102.6524806,rough_full_vector_output_proxy_not_a_theorem
hhl_s2_fixed_m,50,4,maj_e6_floquet,0.0001,state_preparation_only,quantum_state_proportional_to_solution,not_comparable_to_classical_full_vector,0.47057550000000004,1,0.47057550000000004,Raw QDK estimate prepares a quantum state; it does not emit x as classical data.,dense_cholesky_n50_k100,dense_direct,scipy.linalg.solve_assume_pos,100,100.0,0.0001,0.0003423000016482547,1.2739743135141674e-15,,1374.7458303653777,not_apples_to_apples_against_full_vector_classical_output
hhl_s2_fixed_m,50,4,maj_e6_floquet,0.0001,state_preparation_only,quantum_state_proportional_to_solution,not_comparable_to_classical_full_vector,0.47057550000000004,1,0.47057550000000004,Raw QDK estimate prepares a quantum state; it does not emit x as classical data.,sparse_cg_n50_k100_tol1e-04,sparse_iterative,scipy.sparse.linalg.cg,100,100.0,0.0001,0.0010312999947927892,9.88100874430543e-05,40.0,456.2935153456963,not_apples_to_apples_against_full_vector_classical_output
hhl_s2_fixed_m,50,4,maj_e6_floquet,0.0001,state_preparation_only,quantum_state_proportional_to_solution,not_comparable_to_classical_full_vector,0.47057550000000004,1,0.47057550000000004,Raw QDK estimate prepares a quantum state; it does not emit x as classical data.,dense_cholesky_n50_k1000,dense_direct,scipy.linalg.solve_assume_pos,1000,1000.0,0.0001,0.00019350000366102904,5.012785907832881e-15,,2431.9146826702313,not_apples_to_apples_against_full_vector_classical_output
hhl_s2_fixed_m,50,4,maj_e6_floquet,0.0001,state_preparation_only,quantum_state_proportional_to_solution,not_comparable_to_classical_full_vector,0.47057550000000004,1,0.47057550000000004,Raw QDK estimate prepares a quantum state; it does not emit x as classical data.,sparse_cg_n50_k1000_tol1e-04,sparse_iterative,scipy.sparse.linalg.cg,1000,1000.0,0.0001,0.002059599995845929,8.720493694851314e-15,50.0,228.4790740673521,not_apples_to_apples_against_full_vector_classical_output
hhl_s2_fixed_m,50,4,maj_e6_floquet,0.0001,single_scalar_observable_sampling,one bounded scalar observable to additive error about 0.01,conditionally_comparable_only_if_classical_task_is_same_scalar_observable,0.47057550000000004,10000,4705.755,Uses plain 1/error^2 measurement sampling for a bounded observable; amplitude-estimation variants are not modeled.,dense_cholesky_n50_k100,dense_direct,scipy.linalg.solve_assume_pos,100,100.0,0.0001,0.0003423000016482547,1.2739743135141674e-15,,13747458.303653777,apples_to_apples_only_for_same_scalar_observable_task
hhl_s2_fixed_m,50,4,maj_e6_floquet,0.0001,single_scalar_observable_sampling,one bounded scalar observable to additive error about 0.01,conditionally_comparable_only_if_classical_task_is_same_scalar_observable,0.47057550000000004,10000,4705.755,Uses plain 1/error^2 measurement sampling for a bounded observable; amplitude-estimation variants are not modeled.,sparse_cg_n50_k100_tol1e-04,sparse_iterative,scipy.sparse.linalg.cg,100,100.0,0.0001,0.0010312999947927892,9.88100874430543e-05,40.0,4562935.153456963,apples_to_apples_only_for_same_scalar_observable_task
hhl_s2_fixed_m,50,4,maj_e6_floquet,0.0001,single_scalar_observable_sampling,one bounded scalar observable to additive error about 0.01,conditionally_comparable_only_if_classical_task_is_same_scalar_observable,0.47057550000000004,10000,4705.755,Uses plain 1/error^2 measurement sampling for a bounded observable; amplitude-estimation variants are not modeled.,dense_cholesky_n50_k1000,dense_direct,scipy.linalg.solve_assume_pos,1000,1000.0,0.0001,0.00019350000366102904,5.012785907832881e-15,,24319146.82670231,apples_to_apples_only_for_same_scalar_observable_task
hhl_s2_fixed_m,50,4,maj_e6_floquet,0.0001,single_scalar_observable_sampling,one bounded scalar observable to additive error about 0.01,conditionally_comparable_only_if_classical_task_is_same_scalar_observable,0.47057550000000004,10000,4705.755,Uses plain 1/error^2 measurement sampling for a bounded observable; amplitude-estimation variants are not modeled.,sparse_cg_n50_k1000_tol1e-04,sparse_iterative,scipy.sparse.linalg.cg,1000,1000.0,0.0001,0.002059599995845929,8.720493694851314e-15,50.0,2284790.740673521,apples_to_apples_only_for_same_scalar_observable_task
hhl_s2_fixed_m,50,4,maj_e6_floquet,0.0001,full_vector_readout_lower_bound,full classical solution vector lower-bound readout,lower_bound_not_sufficient_for_vector_accuracy,0.47057550000000004,50,23.528775000000003,At least O(N) state preparations are needed to emit N classical coordinates; signs/amplitudes require more.,dense_cholesky_n50_k100,dense_direct,scipy.linalg.solve_assume_pos,100,100.0,0.0001,0.0003423000016482547,1.2739743135141674e-15,,68737.29151826889,minimum_readout_charge_added_but_still_not_full_accuracy_tomography
hhl_s2_fixed_m,50,4,maj_e6_floquet,0.0001,full_vector_readout_lower_bound,full classical solution vector lower-bound readout,lower_bound_not_sufficient_for_vector_accuracy,0.47057550000000004,50,23.528775000000003,At least O(N) state preparations are needed to emit N classical coordinates; signs/amplitudes require more.,sparse_cg_n50_k100_tol1e-04,sparse_iterative,scipy.sparse.linalg.cg,100,100.0,0.0001,0.0010312999947927892,9.88100874430543e-05,40.0,22814.675767284814,minimum_readout_charge_added_but_still_not_full_accuracy_tomography
hhl_s2_fixed_m,50,4,maj_e6_floquet,0.0001,full_vector_readout_lower_bound,full classical solution vector lower-bound readout,lower_bound_not_sufficient_for_vector_accuracy,0.47057550000000004,50,23.528775000000003,At least O(N) state preparations are needed to emit N classical coordinates; signs/amplitudes require more.,dense_cholesky_n50_k1000,dense_direct,scipy.linalg.solve_assume_pos,1000,1000.0,0.0001,0.00019350000366102904,5.012785907832881e-15,,121595.73413351158,minimum_readout_charge_added_but_still_not_full_accuracy_tomography
hhl_s2_fixed_m,50,4,maj_e6_floquet,0.0001,full_vector_readout_lower_bound,full classical solution vector lower-bound readout,lower_bound_not_sufficient_for_vector_accuracy,0.47057550000000004,50,23.528775000000003,At least O(N) state preparations are needed to emit N classical coordinates; signs/amplitudes require more.,sparse_cg_n50_k1000_tol1e-04,sparse_iterative,scipy.sparse.linalg.cg,1000,1000.0,0.0001,0.002059599995845929,8.720493694851314e-15,50.0,11423.953703367606,minimum_readout_charge_added_but_still_not_full_accuracy_tomography
hhl_s2_fixed_m,50,4,maj_e6_floquet,0.0001,full_vector_tomography_proxy,full classical solution vector tomography-style proxy at amplitude error about 0.01,rough_proxy_for_full_vector_output,0.47057550000000004,500000,235287.75000000003,Uses N/error^2 repetitions as a simple tomography-scale proxy; constants and algorithmic improvements are not modeled.,dense_cholesky_n50_k100,dense_direct,scipy.linalg.solve_assume_pos,100,100.0,0.0001,0.0003423000016482547,1.2739743135141674e-15,,687372915.1826888,rough_full_vector_output_proxy_not_a_theorem
hhl_s2_fixed_m,50,4,maj_e6_floquet,0.0001,full_vector_tomography_proxy,full classical solution vector tomography-style proxy at amplitude error about 0.01,rough_proxy_for_full_vector_output,0.47057550000000004,500000,235287.75000000003,Uses N/error^2 repetitions as a simple tomography-scale proxy; constants and algorithmic improvements are not modeled.,sparse_cg_n50_k100_tol1e-04,sparse_iterative,scipy.sparse.linalg.cg,100,100.0,0.0001,0.0010312999947927892,9.88100874430543e-05,40.0,228146757.67284814,rough_full_vector_output_proxy_not_a_theorem
hhl_s2_fixed_m,50,4,maj_e6_floquet,0.0001,full_vector_tomography_proxy,full classical solution vector tomography-style proxy at amplitude error about 0.01,rough_proxy_for_full_vector_output,0.47057550000000004,500000,235287.75000000003,Uses N/error^2 repetitions as a simple tomography-scale proxy; constants and algorithmic improvements are not modeled.,dense_cholesky_n50_k1000,dense_direct,scipy.linalg.solve_assume_pos,1000,1000.0,0.0001,0.00019350000366102904,5.012785907832881e-15,,1215957341.3351157,rough_full_vector_output_proxy_not_a_theorem
hhl_s2_fixed_m,50,4,maj_e6_floquet,0.0001,full_vector_tomography_proxy,full classical solution vector tomography-style proxy at amplitude error about 0.01,rough_proxy_for_full_vector_output,0.47057550000000004,500000,235287.75000000003,Uses N/error^2 repetitions as a simple tomography-scale proxy; constants and algorithmic improvements are not modeled.,sparse_cg_n50_k1000_tol1e-04,sparse_iterative,scipy.sparse.linalg.cg,1000,1000.0,0.0001,0.002059599995845929,8.720493694851314e-15,50.0,114239537.03367606,rough_full_vector_output_proxy_not_a_theorem
hhl_s2_fixed_m,50,6,maj_e6_floquet,0.0001,state_preparation_only,quantum_state_proportional_to_solution,not_comparable_to_classical_full_vector,2.2225785,1,2.2225785,Raw QDK estimate prepares a quantum state; it does not emit x as classical data.,dense_cholesky_n50_k100,dense_direct,scipy.linalg.solve_assume_pos,100,100.0,0.0001,0.0003423000016482547,1.2739743135141674e-15,,6493.0718355178615,not_apples_to_apples_against_full_vector_classical_output
hhl_s2_fixed_m,50,6,maj_e6_floquet,0.0001,state_preparation_only,quantum_state_proportional_to_solution,not_comparable_to_classical_full_vector,2.2225785,1,2.2225785,Raw QDK estimate prepares a quantum state; it does not emit x as classical data.,sparse_cg_n50_k100_tol1e-04,sparse_iterative,scipy.sparse.linalg.cg,100,100.0,0.0001,0.0010312999947927892,9.88100874430543e-05,40.0,2155.123156426045,not_apples_to_apples_against_full_vector_classical_output
hhl_s2_fixed_m,50,6,maj_e6_floquet,0.0001,state_preparation_only,quantum_state_proportional_to_solution,not_comparable_to_classical_full_vector,2.2225785,1,2.2225785,Raw QDK estimate prepares a quantum state; it does not emit x as classical data.,dense_cholesky_n50_k1000,dense_direct,scipy.linalg.solve_assume_pos,1000,1000.0,0.0001,0.00019350000366102904,5.012785907832881e-15,,11486.193581130294,not_apples_to_apples_against_full_vector_classical_output
hhl_s2_fixed_m,50,6,maj_e6_floquet,0.0001,state_preparation_only,quantum_state_proportional_to_solution,not_comparable_to_classical_full_vector,2.2225785,1,2.2225785,Raw QDK estimate prepares a quantum state; it does not emit x as classical data.,sparse_cg_n50_k1000_tol1e-04,sparse_iterative,scipy.sparse.linalg.cg,1000,1000.0,0.0001,0.002059599995845929,8.720493694851314e-15,50.0,1079.1311441458477,not_apples_to_apples_against_full_vector_classical_output
hhl_s2_fixed_m,50,6,maj_e6_floquet,0.0001,single_scalar_observable_sampling,one bounded scalar observable to additive error about 0.01,conditionally_comparable_only_if_classical_task_is_same_scalar_observable,2.2225785,10000,22225.785,Uses plain 1/error^2 measurement sampling for a bounded observable; amplitude-estimation variants are not modeled.,dense_cholesky_n50_k100,dense_direct,scipy.linalg.solve_assume_pos,100,100.0,0.0001,0.0003423000016482547,1.2739743135141674e-15,,64930718.35517861,apples_to_apples_only_for_same_scalar_observable_task
hhl_s2_fixed_m,50,6,maj_e6_floquet,0.0001,single_scalar_observable_sampling,one bounded scalar observable to additive error about 0.01,conditionally_comparable_only_if_classical_task_is_same_scalar_observable,2.2225785,10000,22225.785,Uses plain 1/error^2 measurement sampling for a bounded observable; amplitude-estimation variants are not modeled.,sparse_cg_n50_k100_tol1e-04,sparse_iterative,scipy.sparse.linalg.cg,100,100.0,0.0001,0.0010312999947927892,9.88100874430543e-05,40.0,21551231.564260453,apples_to_apples_only_for_same_scalar_observable_task
hhl_s2_fixed_m,50,6,maj_e6_floquet,0.0001,single_scalar_observable_sampling,one bounded scalar observable to additive error about 0.01,conditionally_comparable_only_if_classical_task_is_same_scalar_observable,2.2225785,10000,22225.785,Uses plain 1/error^2 measurement sampling for a bounded observable; amplitude-estimation variants are not modeled.,dense_cholesky_n50_k1000,dense_direct,scipy.linalg.solve_assume_pos,1000,1000.0,0.0001,0.00019350000366102904,5.012785907832881e-15,,114861935.81130293,apples_to_apples_only_for_same_scalar_observable_task
hhl_s2_fixed_m,50,6,maj_e6_floquet,0.0001,single_scalar_observable_sampling,one bounded scalar observable to additive error about 0.01,conditionally_comparable_only_if_classical_task_is_same_scalar_observable,2.2225785,10000,22225.785,Uses plain 1/error^2 measurement sampling for a bounded observable; amplitude-estimation variants are not modeled.,sparse_cg_n50_k1000_tol1e-04,sparse_iterative,scipy.sparse.linalg.cg,1000,1000.0,0.0001,0.002059599995845929,8.720493694851314e-15,50.0,10791311.441458475,apples_to_apples_only_for_same_scalar_observable_task
hhl_s2_fixed_m,50,6,maj_e6_floquet,0.0001,full_vector_readout_lower_bound,full classical solution vector lower-bound readout,lower_bound_not_sufficient_for_vector_accuracy,2.2225785,50,111.128925,At least O(N) state preparations are needed to emit N classical coordinates; signs/amplitudes require more.,dense_cholesky_n50_k100,dense_direct,scipy.linalg.solve_assume_pos,100,100.0,0.0001,0.0003423000016482547,1.2739743135141674e-15,,324653.59177589306,minimum_readout_charge_added_but_still_not_full_accuracy_tomography
hhl_s2_fixed_m,50,6,maj_e6_floquet,0.0001,full_vector_readout_lower_bound,full classical solution vector lower-bound readout,lower_bound_not_sufficient_for_vector_accuracy,2.2225785,50,111.128925,At least O(N) state preparations are needed to emit N classical coordinates; signs/amplitudes require more.,sparse_cg_n50_k100_tol1e-04,sparse_iterative,scipy.sparse.linalg.cg,100,100.0,0.0001,0.0010312999947927892,9.88100874430543e-05,40.0,107756.15782130226,minimum_readout_charge_added_but_still_not_full_accuracy_tomography
hhl_s2_fixed_m,50,6,maj_e6_floquet,0.0001,full_vector_readout_lower_bound,full classical solution vector lower-bound readout,lower_bound_not_sufficient_for_vector_accuracy,2.2225785,50,111.128925,At least O(N) state preparations are needed to emit N classical coordinates; signs/amplitudes require more.,dense_cholesky_n50_k1000,dense_direct,scipy.linalg.solve_assume_pos,1000,1000.0,0.0001,0.00019350000366102904,5.012785907832881e-15,,574309.6790565146,minimum_readout_charge_added_but_still_not_full_accuracy_tomography
hhl_s2_fixed_m,50,6,maj_e6_floquet,0.0001,full_vector_readout_lower_bound,full classical solution vector lower-bound readout,lower_bound_not_sufficient_for_vector_accuracy,2.2225785,50,111.128925,At least O(N) state preparations are needed to emit N classical coordinates; signs/amplitudes require more.,sparse_cg_n50_k1000_tol1e-04,sparse_iterative,scipy.sparse.linalg.cg,1000,1000.0,0.0001,0.002059599995845929,8.720493694851314e-15,50.0,53956.557207292375,minimum_readout_charge_added_but_still_not_full_accuracy_tomography
hhl_s2_fixed_m,50,6,maj_e6_floquet,0.0001,full_vector_tomography_proxy,full classical solution vector tomography-style proxy at amplitude error about 0.01,rough_proxy_for_full_vector_output,2.2225785,500000,1111289.25,Uses N/error^2 repetitions as a simple tomography-scale proxy; constants and algorithmic improvements are not modeled.,dense_cholesky_n50_k100,dense_direct,scipy.linalg.solve_assume_pos,100,100.0,0.0001,0.0003423000016482547,1.2739743135141674e-15,,3246535917.7589307,rough_full_vector_output_proxy_not_a_theorem
hhl_s2_fixed_m,50,6,maj_e6_floquet,0.0001,full_vector_tomography_proxy,full classical solution vector tomography-style proxy at amplitude error about 0.01,rough_proxy_for_full_vector_output,2.2225785,500000,1111289.25,Uses N/error^2 repetitions as a simple tomography-scale proxy; constants and algorithmic improvements are not modeled.,sparse_cg_n50_k100_tol1e-04,sparse_iterative,scipy.sparse.linalg.cg,100,100.0,0.0001,0.0010312999947927892,9.88100874430543e-05,40.0,1077561578.2130227,rough_full_vector_output_proxy_not_a_theorem
hhl_s2_fixed_m,50,6,maj_e6_floquet,0.0001,full_vector_tomography_proxy,full classical solution vector tomography-style proxy at amplitude error about 0.01,rough_proxy_for_full_vector_output,2.2225785,500000,1111289.25,Uses N/error^2 repetitions as a simple tomography-scale proxy; constants and algorithmic improvements are not modeled.,dense_cholesky_n50_k1000,dense_direct,scipy.linalg.solve_assume_pos,1000,1000.0,0.0001,0.00019350000366102904,5.012785907832881e-15,,5743096790.565146,rough_full_vector_output_proxy_not_a_theorem
hhl_s2_fixed_m,50,6,maj_e6_floquet,0.0001,full_vector_tomography_proxy,full classical solution vector tomography-style proxy at amplitude error about 0.01,rough_proxy_for_full_vector_output,2.2225785,500000,1111289.25,Uses N/error^2 repetitions as a simple tomography-scale proxy; constants and algorithmic improvements are not modeled.,sparse_cg_n50_k1000_tol1e-04,sparse_iterative,scipy.sparse.linalg.cg,1000,1000.0,0.0001,0.002059599995845929,8.720493694851314e-15,50.0,539565572.0729238,rough_full_vector_output_proxy_not_a_theorem
hhl_s2_fixed_m,50,8,maj_e6_floquet,0.0001,state_preparation_only,quantum_state_proportional_to_solution,not_comparable_to_classical_full_vector,14.0725347,1,14.0725347,Raw QDK estimate prepares a quantum state; it does not emit x as classical data.,dense_cholesky_n50_k100,dense_direct,scipy.linalg.solve_assume_pos,100,100.0,0.0001,0.0003423000016482547,1.2739743135141674e-15,,41111.6991885406,not_apples_to_apples_against_full_vector_classical_output
hhl_s2_fixed_m,50,8,maj_e6_floquet,0.0001,state_preparation_only,quantum_state_proportional_to_solution,not_comparable_to_classical_full_vector,14.0725347,1,14.0725347,Raw QDK estimate prepares a quantum state; it does not emit x as classical data.,sparse_cg_n50_k100_tol1e-04,sparse_iterative,scipy.sparse.linalg.cg,100,100.0,0.0001,0.0010312999947927892,9.88100874430543e-05,40.0,13645.432726708663,not_apples_to_apples_against_full_vector_classical_output
hhl_s2_fixed_m,50,8,maj_e6_floquet,0.0001,state_preparation_only,quantum_state_proportional_to_solution,not_comparable_to_classical_full_vector,14.0725347,1,14.0725347,Raw QDK estimate prepares a quantum state; it does not emit x as classical data.,dense_cholesky_n50_k1000,dense_direct,scipy.linalg.solve_assume_pos,1000,1000.0,0.0001,0.00019350000366102904,5.012785907832881e-15,,72726.2761433953,not_apples_to_apples_against_full_vector_classical_output
hhl_s2_fixed_m,50,8,maj_e6_floquet,0.0001,state_preparation_only,quantum_state_proportional_to_solution,not_comparable_to_classical_full_vector,14.0725347,1,14.0725347,Raw QDK estimate prepares a quantum state; it does not emit x as classical data.,sparse_cg_n50_k1000_tol1e-04,sparse_iterative,scipy.sparse.linalg.cg,1000,1000.0,0.0001,0.002059599995845929,8.720493694851314e-15,50.0,6832.654267034051,not_apples_to_apples_against_full_vector_classical_output
hhl_s2_fixed_m,50,8,maj_e6_floquet,0.0001,single_scalar_observable_sampling,one bounded scalar observable to additive error about 0.01,conditionally_comparable_only_if_classical_task_is_same_scalar_observable,14.0725347,10000,140725.347,Uses plain 1/error^2 measurement sampling for a bounded observable; amplitude-estimation variants are not modeled.,dense_cholesky_n50_k100,dense_direct,scipy.linalg.solve_assume_pos,100,100.0,0.0001,0.0003423000016482547,1.2739743135141674e-15,,411116991.8854061,apples_to_apples_only_for_same_scalar_observable_task
hhl_s2_fixed_m,50,8,maj_e6_floquet,0.0001,single_scalar_observable_sampling,one bounded scalar observable to additive error about 0.01,conditionally_comparable_only_if_classical_task_is_same_scalar_observable,14.0725347,10000,140725.347,Uses plain 1/error^2 measurement sampling for a bounded observable; amplitude-estimation variants are not modeled.,sparse_cg_n50_k100_tol1e-04,sparse_iterative,scipy.sparse.linalg.cg,100,100.0,0.0001,0.0010312999947927892,9.88100874430543e-05,40.0,136454327.26708665,apples_to_apples_only_for_same_scalar_observable_task
hhl_s2_fixed_m,50,8,maj_e6_floquet,0.0001,single_scalar_observable_sampling,one bounded scalar observable to additive error about 0.01,conditionally_comparable_only_if_classical_task_is_same_scalar_observable,14.0725347,10000,140725.347,Uses plain 1/error^2 measurement sampling for a bounded observable; amplitude-estimation variants are not modeled.,dense_cholesky_n50_k1000,dense_direct,scipy.linalg.solve_assume_pos,1000,1000.0,0.0001,0.00019350000366102904,5.012785907832881e-15,,727262761.433953,apples_to_apples_only_for_same_scalar_observable_task
hhl_s2_fixed_m,50,8,maj_e6_floquet,0.0001,single_scalar_observable_sampling,one bounded scalar observable to additive error about 0.01,conditionally_comparable_only_if_classical_task_is_same_scalar_observable,14.0725347,10000,140725.347,Uses plain 1/error^2 measurement sampling for a bounded observable; amplitude-estimation variants are not modeled.,sparse_cg_n50_k1000_tol1e-04,sparse_iterative,scipy.sparse.linalg.cg,1000,1000.0,0.0001,0.002059599995845929,8.720493694851314e-15,50.0,68326542.67034052,apples_to_apples_only_for_same_scalar_observable_task
hhl_s2_fixed_m,50,8,maj_e6_floquet,0.0001,full_vector_readout_lower_bound,full classical solution vector lower-bound readout,lower_bound_not_sufficient_for_vector_accuracy,14.0725347,50,703.626735,At least O(N) state preparations are needed to emit N classical coordinates; signs/amplitudes require more.,dense_cholesky_n50_k100,dense_direct,scipy.linalg.solve_assume_pos,100,100.0,0.0001,0.0003423000016482547,1.2739743135141674e-15,,2055584.9594270303,minimum_readout_charge_added_but_still_not_full_accuracy_tomography
hhl_s2_fixed_m,50,8,maj_e6_floquet,0.0001,full_vector_readout_lower_bound,full classical solution vector lower-bound readout,lower_bound_not_sufficient_for_vector_accuracy,14.0725347,50,703.626735,At least O(N) state preparations are needed to emit N classical coordinates; signs/amplitudes require more.,sparse_cg_n50_k100_tol1e-04,sparse_iterative,scipy.sparse.linalg.cg,100,100.0,0.0001,0.0010312999947927892,9.88100874430543e-05,40.0,682271.6363354332,minimum_readout_charge_added_but_still_not_full_accuracy_tomography
hhl_s2_fixed_m,50,8,maj_e6_floquet,0.0001,full_vector_readout_lower_bound,full classical solution vector lower-bound readout,lower_bound_not_sufficient_for_vector_accuracy,14.0725347,50,703.626735,At least O(N) state preparations are needed to emit N classical coordinates; signs/amplitudes require more.,dense_cholesky_n50_k1000,dense_direct,scipy.linalg.solve_assume_pos,1000,1000.0,0.0001,0.00019350000366102904,5.012785907832881e-15,,3636313.8071697652,minimum_readout_charge_added_but_still_not_full_accuracy_tomography
hhl_s2_fixed_m,50,8,maj_e6_floquet,0.0001,full_vector_readout_lower_bound,full classical solution vector lower-bound readout,lower_bound_not_sufficient_for_vector_accuracy,14.0725347,50,703.626735,At least O(N) state preparations are needed to emit N classical coordinates; signs/amplitudes require more.,sparse_cg_n50_k1000_tol1e-04,sparse_iterative,scipy.sparse.linalg.cg,1000,1000.0,0.0001,0.002059599995845929,8.720493694851314e-15,50.0,341632.7133517026,minimum_readout_charge_added_but_still_not_full_accuracy_tomography
hhl_s2_fixed_m,50,8,maj_e6_floquet,0.0001,full_vector_tomography_proxy,full classical solution vector tomography-style proxy at amplitude error about 0.01,rough_proxy_for_full_vector_output,14.0725347,500000,7036267.350000001,Uses N/error^2 repetitions as a simple tomography-scale proxy; constants and algorithmic improvements are not modeled.,dense_cholesky_n50_k100,dense_direct,scipy.linalg.solve_assume_pos,100,100.0,0.0001,0.0003423000016482547,1.2739743135141674e-15,,20555849594.270306,rough_full_vector_output_proxy_not_a_theorem
hhl_s2_fixed_m,50,8,maj_e6_floquet,0.0001,full_vector_tomography_proxy,full classical solution vector tomography-style proxy at amplitude error about 0.01,rough_proxy_for_full_vector_output,14.0725347,500000,7036267.350000001,Uses N/error^2 repetitions as a simple tomography-scale proxy; constants and algorithmic improvements are not modeled.,sparse_cg_n50_k100_tol1e-04,sparse_iterative,scipy.sparse.linalg.cg,100,100.0,0.0001,0.0010312999947927892,9.88100874430543e-05,40.0,6822716363.354332,rough_full_vector_output_proxy_not_a_theorem
hhl_s2_fixed_m,50,8,maj_e6_floquet,0.0001,full_vector_tomography_proxy,full classical solution vector tomography-style proxy at amplitude error about 0.01,rough_proxy_for_full_vector_output,14.0725347,500000,7036267.350000001,Uses N/error^2 repetitions as a simple tomography-scale proxy; constants and algorithmic improvements are not modeled.,dense_cholesky_n50_k1000,dense_direct,scipy.linalg.solve_assume_pos,1000,1000.0,0.0001,0.00019350000366102904,5.012785907832881e-15,,36363138071.697655,rough_full_vector_output_proxy_not_a_theorem
hhl_s2_fixed_m,50,8,maj_e6_floquet,0.0001,full_vector_tomography_proxy,full classical solution vector tomography-style proxy at amplitude error about 0.01,rough_proxy_for_full_vector_output,14.0725347,500000,7036267.350000001,Uses N/error^2 repetitions as a simple tomography-scale proxy; constants and algorithmic improvements are not modeled.,sparse_cg_n50_k1000_tol1e-04,sparse_iterative,scipy.sparse.linalg.cg,1000,1000.0,0.0001,0.002059599995845929,8.720493694851314e-15,50.0,3416327133.517026,rough_full_vector_output_proxy_not_a_theorem
hhl_s2_fixed_m,100,4,maj_e6_floquet,0.0001,state_preparation_only,quantum_state_proportional_to_solution,not_comparable_to_classical_full_vector,0.9252600000000001,1,0.9252600000000001,Raw QDK estimate prepares a quantum state; it does not emit x as classical data.,dense_cholesky_n100_k100,dense_direct,scipy.linalg.solve_assume_pos,100,100.00000000000001,0.0001,0.00033409999741706997,1.4796381571676944e-15,,2769.4103775911203,not_apples_to_apples_against_full_vector_classical_output
hhl_s2_fixed_m,100,4,maj_e6_floquet,0.0001,state_preparation_only,quantum_state_proportional_to_solution,not_comparable_to_classical_full_vector,0.9252600000000001,1,0.9252600000000001,Raw QDK estimate prepares a quantum state; it does not emit x as classical data.,sparse_cg_n100_k100_tol1e-04,sparse_iterative,scipy.sparse.linalg.cg,100,100.00000000000001,0.0001,0.001188399997772649,9.436462535809814e-05,46.0,778.576238416495,not_apples_to_apples_against_full_vector_classical_output
hhl_s2_fixed_m,100,4,maj_e6_floquet,0.0001,state_preparation_only,quantum_state_proportional_to_solution,not_comparable_to_classical_full_vector,0.9252600000000001,1,0.9252600000000001,Raw QDK estimate prepares a quantum state; it does not emit x as classical data.,dense_cholesky_n100_k1000,dense_direct,scipy.linalg.solve_assume_pos,1000,1000.0,0.0001,0.00034980000054929405,9.563969208769848e-15,,2645.1114881276617,not_apples_to_apples_against_full_vector_classical_output
hhl_s2_fixed_m,100,4,maj_e6_floquet,0.0001,state_preparation_only,quantum_state_proportional_to_solution,not_comparable_to_classical_full_vector,0.9252600000000001,1,0.9252600000000001,Raw QDK estimate prepares a quantum state; it does not emit x as classical data.,sparse_cg_n100_k1000_tol1e-04,sparse_iterative,scipy.sparse.linalg.cg,1000,1000.0,0.0001,0.00219719999586232,3.058832445155209e-05,99.0,421.10868457237075,not_apples_to_apples_against_full_vector_classical_output
hhl_s2_fixed_m,100,4,maj_e6_floquet,0.0001,single_scalar_observable_sampling,one bounded scalar observable to additive error about 0.01,conditionally_comparable_only_if_classical_task_is_same_scalar_observable,0.9252600000000001,10000,9252.6,Uses plain 1/error^2 measurement sampling for a bounded observable; amplitude-estimation variants are not modeled.,dense_cholesky_n100_k100,dense_direct,scipy.linalg.solve_assume_pos,100,100.00000000000001,0.0001,0.00033409999741706997,1.4796381571676944e-15,,27694103.7759112,apples_to_apples_only_for_same_scalar_observable_task
hhl_s2_fixed_m,100,4,maj_e6_floquet,0.0001,single_scalar_observable_sampling,one bounded scalar observable to additive error about 0.01,conditionally_comparable_only_if_classical_task_is_same_scalar_observable,0.9252600000000001,10000,9252.6,Uses plain 1/error^2 measurement sampling for a bounded observable; amplitude-estimation variants are not modeled.,sparse_cg_n100_k100_tol1e-04,sparse_iterative,scipy.sparse.linalg.cg,100,100.00000000000001,0.0001,0.001188399997772649,9.436462535809814e-05,46.0,7785762.38416495,apples_to_apples_only_for_same_scalar_observable_task
hhl_s2_fixed_m,100,4,maj_e6_floquet,0.0001,single_scalar_observable_sampling,one bounded scalar observable to additive error about 0.01,conditionally_comparable_only_if_classical_task_is_same_scalar_observable,0.9252600000000001,10000,9252.6,Uses plain 1/error^2 measurement sampling for a bounded observable; amplitude-estimation variants are not modeled.,dense_cholesky_n100_k1000,dense_direct,scipy.linalg.solve_assume_pos,1000,1000.0,0.0001,0.00034980000054929405,9.563969208769848e-15,,26451114.881276615,apples_to_apples_only_for_same_scalar_observable_task
hhl_s2_fixed_m,100,4,maj_e6_floquet,0.0001,single_scalar_observable_sampling,one bounded scalar observable to additive error about 0.01,conditionally_comparable_only_if_classical_task_is_same_scalar_observable,0.9252600000000001,10000,9252.6,Uses plain 1/error^2 measurement sampling for a bounded observable; amplitude-estimation variants are not modeled.,sparse_cg_n100_k1000_tol1e-04,sparse_iterative,scipy.sparse.linalg.cg,1000,1000.0,0.0001,0.00219719999586232,3.058832445155209e-05,99.0,4211086.845723707,apples_to_apples_only_for_same_scalar_observable_task
hhl_s2_fixed_m,100,4,maj_e6_floquet,0.0001,full_vector_readout_lower_bound,full classical solution vector lower-bound readout,lower_bound_not_sufficient_for_vector_accuracy,0.9252600000000001,100,92.52600000000001,At least O(N) state preparations are needed to emit N classical coordinates; signs/amplitudes require more.,dense_cholesky_n100_k100,dense_direct,scipy.linalg.solve_assume_pos,100,100.00000000000001,0.0001,0.00033409999741706997,1.4796381571676944e-15,,276941.037759112,minimum_readout_charge_added_but_still_not_full_accuracy_tomography
hhl_s2_fixed_m,100,4,maj_e6_floquet,0.0001,full_vector_readout_lower_bound,full classical solution vector lower-bound readout,lower_bound_not_sufficient_for_vector_accuracy,0.9252600000000001,100,92.52600000000001,At least O(N) state preparations are needed to emit N classical coordinates; signs/amplitudes require more.,sparse_cg_n100_k100_tol1e-04,sparse_iterative,scipy.sparse.linalg.cg,100,100.00000000000001,0.0001,0.001188399997772649,9.436462535809814e-05,46.0,77857.6238416495,minimum_readout_charge_added_but_still_not_full_accuracy_tomography
hhl_s2_fixed_m,100,4,maj_e6_floquet,0.0001,full_vector_readout_lower_bound,full classical solution vector lower-bound readout,lower_bound_not_sufficient_for_vector_accuracy,0.9252600000000001,100,92.52600000000001,At least O(N) state preparations are needed to emit N classical coordinates; signs/amplitudes require more.,dense_cholesky_n100_k1000,dense_direct,scipy.linalg.solve_assume_pos,1000,1000.0,0.0001,0.00034980000054929405,9.563969208769848e-15,,264511.1488127662,minimum_readout_charge_added_but_still_not_full_accuracy_tomography
hhl_s2_fixed_m,100,4,maj_e6_floquet,0.0001,full_vector_readout_lower_bound,full classical solution vector lower-bound readout,lower_bound_not_sufficient_for_vector_accuracy,0.9252600000000001,100,92.52600000000001,At least O(N) state preparations are needed to emit N classical coordinates; signs/amplitudes require more.,sparse_cg_n100_k1000_tol1e-04,sparse_iterative,scipy.sparse.linalg.cg,1000,1000.0,0.0001,0.00219719999586232,3.058832445155209e-05,99.0,42110.86845723708,minimum_readout_charge_added_but_still_not_full_accuracy_tomography
hhl_s2_fixed_m,100,4,maj_e6_floquet,0.0001,full_vector_tomography_proxy,full classical solution vector tomography-style proxy at amplitude error about 0.01,rough_proxy_for_full_vector_output,0.9252600000000001,1000000,925260.0000000001,Uses N/error^2 repetitions as a simple tomography-scale proxy; constants and algorithmic improvements are not modeled.,dense_cholesky_n100_k100,dense_direct,scipy.linalg.solve_assume_pos,100,100.00000000000001,0.0001,0.00033409999741706997,1.4796381571676944e-15,,2769410377.5911202,rough_full_vector_output_proxy_not_a_theorem
hhl_s2_fixed_m,100,4,maj_e6_floquet,0.0001,full_vector_tomography_proxy,full classical solution vector tomography-style proxy at amplitude error about 0.01,rough_proxy_for_full_vector_output,0.9252600000000001,1000000,925260.0000000001,Uses N/error^2 repetitions as a simple tomography-scale proxy; constants and algorithmic improvements are not modeled.,sparse_cg_n100_k100_tol1e-04,sparse_iterative,scipy.sparse.linalg.cg,100,100.00000000000001,0.0001,0.001188399997772649,9.436462535809814e-05,46.0,778576238.4164951,rough_full_vector_output_proxy_not_a_theorem
hhl_s2_fixed_m,100,4,maj_e6_floquet,0.0001,full_vector_tomography_proxy,full classical solution vector tomography-style proxy at amplitude error about 0.01,rough_proxy_for_full_vector_output,0.9252600000000001,1000000,925260.0000000001,Uses N/error^2 repetitions as a simple tomography-scale proxy; constants and algorithmic improvements are not modeled.,dense_cholesky_n100_k1000,dense_direct,scipy.linalg.solve_assume_pos,1000,1000.0,0.0001,0.00034980000054929405,9.563969208769848e-15,,2645111488.1276617,rough_full_vector_output_proxy_not_a_theorem
hhl_s2_fixed_m,100,4,maj_e6_floquet,0.0001,full_vector_tomography_proxy,full classical solution vector tomography-style proxy at amplitude error about 0.01,rough_proxy_for_full_vector_output,0.9252600000000001,1000000,925260.0000000001,Uses N/error^2 repetitions as a simple tomography-scale proxy; constants and algorithmic improvements are not modeled.,sparse_cg_n100_k1000_tol1e-04,sparse_iterative,scipy.sparse.linalg.cg,1000,1000.0,0.0001,0.00219719999586232,3.058832445155209e-05,99.0,421108684.57237077,rough_full_vector_output_proxy_not_a_theorem
hhl_s2_fixed_m,100,6,maj_e6_floquet,0.0001,state_preparation_only,quantum_state_proportional_to_solution,not_comparable_to_classical_full_vector,5.940645900000001,1,5.940645900000001,Raw QDK estimate prepares a quantum state; it does not emit x as classical data.,dense_cholesky_n100_k100,dense_direct,scipy.linalg.solve_assume_pos,100,100.00000000000001,0.0001,0.00033409999741706997,1.4796381571676944e-15,,17781.04144246389,not_apples_to_apples_against_full_vector_classical_output
hhl_s2_fixed_m,100,6,maj_e6_floquet,0.0001,state_preparation_only,quantum_state_proportional_to_solution,not_comparable_to_classical_full_vector,5.940645900000001,1,5.940645900000001,Raw QDK estimate prepares a quantum state; it does not emit x as classical data.,sparse_cg_n100_k100_tol1e-04,sparse_iterative,scipy.sparse.linalg.cg,100,100.00000000000001,0.0001,0.001188399997772649,9.436462535809814e-05,46.0,4998.860578201126,not_apples_to_apples_against_full_vector_classical_output
hhl_s2_fixed_m,100,6,maj_e6_floquet,0.0001,state_preparation_only,quantum_state_proportional_to_solution,not_comparable_to_classical_full_vector,5.940645900000001,1,5.940645900000001,Raw QDK estimate prepares a quantum state; it does not emit x as classical data.,dense_cholesky_n100_k1000,dense_direct,scipy.linalg.solve_assume_pos,1000,1000.0,0.0001,0.00034980000054929405,9.563969208769848e-15,,16982.97853250815,not_apples_to_apples_against_full_vector_classical_output
hhl_s2_fixed_m,100,6,maj_e6_floquet,0.0001,state_preparation_only,quantum_state_proportional_to_solution,not_comparable_to_classical_full_vector,5.940645900000001,1,5.940645900000001,Raw QDK estimate prepares a quantum state; it does not emit x as classical data.,sparse_cg_n100_k1000_tol1e-04,sparse_iterative,scipy.sparse.linalg.cg,1000,1000.0,0.0001,0.00219719999586232,3.058832445155209e-05,99.0,2703.734712901506,not_apples_to_apples_against_full_vector_classical_output
hhl_s2_fixed_m,100,6,maj_e6_floquet,0.0001,single_scalar_observable_sampling,one bounded scalar observable to additive error about 0.01,conditionally_comparable_only_if_classical_task_is_same_scalar_observable,5.940645900000001,10000,59406.45900000001,Uses plain 1/error^2 measurement sampling for a bounded observable; amplitude-estimation variants are not modeled.,dense_cholesky_n100_k100,dense_direct,scipy.linalg.solve_assume_pos,100,100.00000000000001,0.0001,0.00033409999741706997,1.4796381571676944e-15,,177810414.42463893,apples_to_apples_only_for_same_scalar_observable_task
hhl_s2_fixed_m,100,6,maj_e6_floquet,0.0001,single_scalar_observable_sampling,one bounded scalar observable to additive error about 0.01,conditionally_comparable_only_if_classical_task_is_same_scalar_observable,5.940645900000001,10000,59406.45900000001,Uses plain 1/error^2 measurement sampling for a bounded observable; amplitude-estimation variants are not modeled.,sparse_cg_n100_k100_tol1e-04,sparse_iterative,scipy.sparse.linalg.cg,100,100.00000000000001,0.0001,0.001188399997772649,9.436462535809814e-05,46.0,49988605.78201126,apples_to_apples_only_for_same_scalar_observable_task
hhl_s2_fixed_m,100,6,maj_e6_floquet,0.0001,single_scalar_observable_sampling,one bounded scalar observable to additive error about 0.01,conditionally_comparable_only_if_classical_task_is_same_scalar_observable,5.940645900000001,10000,59406.45900000001,Uses plain 1/error^2 measurement sampling for a bounded observable; amplitude-estimation variants are not modeled.,dense_cholesky_n100_k1000,dense_direct,scipy.linalg.solve_assume_pos,1000,1000.0,0.0001,0.00034980000054929405,9.563969208769848e-15,,169829785.32508153,apples_to_apples_only_for_same_scalar_observable_task
hhl_s2_fixed_m,100,6,maj_e6_floquet,0.0001,single_scalar_observable_sampling,one bounded scalar observable to additive error about 0.01,conditionally_comparable_only_if_classical_task_is_same_scalar_observable,5.940645900000001,10000,59406.45900000001,Uses plain 1/error^2 measurement sampling for a bounded observable; amplitude-estimation variants are not modeled.,sparse_cg_n100_k1000_tol1e-04,sparse_iterative,scipy.sparse.linalg.cg,1000,1000.0,0.0001,0.00219719999586232,3.058832445155209e-05,99.0,27037347.129015066,apples_to_apples_only_for_same_scalar_observable_task
hhl_s2_fixed_m,100,6,maj_e6_floquet,0.0001,full_vector_readout_lower_bound,full classical solution vector lower-bound readout,lower_bound_not_sufficient_for_vector_accuracy,5.940645900000001,100,594.0645900000001,At least O(N) state preparations are needed to emit N classical coordinates; signs/amplitudes require more.,dense_cholesky_n100_k100,dense_direct,scipy.linalg.solve_assume_pos,100,100.00000000000001,0.0001,0.00033409999741706997,1.4796381571676944e-15,,1778104.1442463892,minimum_readout_charge_added_but_still_not_full_accuracy_tomography
hhl_s2_fixed_m,100,6,maj_e6_floquet,0.0001,full_vector_readout_lower_bound,full classical solution vector lower-bound readout,lower_bound_not_sufficient_for_vector_accuracy,5.940645900000001,100,594.0645900000001,At least O(N) state preparations are needed to emit N classical coordinates; signs/amplitudes require more.,sparse_cg_n100_k100_tol1e-04,sparse_iterative,scipy.sparse.linalg.cg,100,100.00000000000001,0.0001,0.001188399997772649,9.436462535809814e-05,46.0,499886.0578201126,minimum_readout_charge_added_but_still_not_full_accuracy_tomography
hhl_s2_fixed_m,100,6,maj_e6_floquet,0.0001,full_vector_readout_lower_bound,full classical solution vector lower-bound readout,lower_bound_not_sufficient_for_vector_accuracy,5.940645900000001,100,594.0645900000001,At least O(N) state preparations are needed to emit N classical coordinates; signs/amplitudes require more.,dense_cholesky_n100_k1000,dense_direct,scipy.linalg.solve_assume_pos,1000,1000.0,0.0001,0.00034980000054929405,9.563969208769848e-15,,1698297.8532508153,minimum_readout_charge_added_but_still_not_full_accuracy_tomography
hhl_s2_fixed_m,100,6,maj_e6_floquet,0.0001,full_vector_readout_lower_bound,full classical solution vector lower-bound readout,lower_bound_not_sufficient_for_vector_accuracy,5.940645900000001,100,594.0645900000001,At least O(N) state preparations are needed to emit N classical coordinates; signs/amplitudes require more.,sparse_cg_n100_k1000_tol1e-04,sparse_iterative,scipy.sparse.linalg.cg,1000,1000.0,0.0001,0.00219719999586232,3.058832445155209e-05,99.0,270373.4712901506,minimum_readout_charge_added_but_still_not_full_accuracy_tomography
hhl_s2_fixed_m,100,6,maj_e6_floquet,0.0001,full_vector_tomography_proxy,full classical solution vector tomography-style proxy at amplitude error about 0.01,rough_proxy_for_full_vector_output,5.940645900000001,1000000,5940645.9,Uses N/error^2 repetitions as a simple tomography-scale proxy; constants and algorithmic improvements are not modeled.,dense_cholesky_n100_k100,dense_direct,scipy.linalg.solve_assume_pos,100,100.00000000000001,0.0001,0.00033409999741706997,1.4796381571676944e-15,,17781041442.46389,rough_full_vector_output_proxy_not_a_theorem
hhl_s2_fixed_m,100,6,maj_e6_floquet,0.0001,full_vector_tomography_proxy,full classical solution vector tomography-style proxy at amplitude error about 0.01,rough_proxy_for_full_vector_output,5.940645900000001,1000000,5940645.9,Uses N/error^2 repetitions as a simple tomography-scale proxy; constants and algorithmic improvements are not modeled.,sparse_cg_n100_k100_tol1e-04,sparse_iterative,scipy.sparse.linalg.cg,100,100.00000000000001,0.0001,0.001188399997772649,9.436462535809814e-05,46.0,4998860578.201126,rough_full_vector_output_proxy_not_a_theorem
hhl_s2_fixed_m,100,6,maj_e6_floquet,0.0001,full_vector_tomography_proxy,full classical solution vector tomography-style proxy at amplitude error about 0.01,rough_proxy_for_full_vector_output,5.940645900000001,1000000,5940645.9,Uses N/error^2 repetitions as a simple tomography-scale proxy; constants and algorithmic improvements are not modeled.,dense_cholesky_n100_k1000,dense_direct,scipy.linalg.solve_assume_pos,1000,1000.0,0.0001,0.00034980000054929405,9.563969208769848e-15,,16982978532.50815,rough_full_vector_output_proxy_not_a_theorem
hhl_s2_fixed_m,100,6,maj_e6_floquet,0.0001,full_vector_tomography_proxy,full classical solution vector tomography-style proxy at amplitude error about 0.01,rough_proxy_for_full_vector_output,5.940645900000001,1000000,5940645.9,Uses N/error^2 repetitions as a simple tomography-scale proxy; constants and algorithmic improvements are not modeled.,sparse_cg_n100_k1000_tol1e-04,sparse_iterative,scipy.sparse.linalg.cg,1000,1000.0,0.0001,0.00219719999586232,3.058832445155209e-05,99.0,2703734712.901506,rough_full_vector_output_proxy_not_a_theorem
hhl_s2_fixed_m,100,8,maj_e6_floquet,0.0001,state_preparation_only,quantum_state_proportional_to_solution,not_comparable_to_classical_full_vector,27.426674100000003,1,27.426674100000003,Raw QDK estimate prepares a quantum state; it does not emit x as classical data.,dense_cholesky_n100_k100,dense_direct,scipy.linalg.solve_assume_pos,100,100.00000000000001,0.0001,0.00033409999741706997,1.4796381571676944e-15,,82091.21314587208,not_apples_to_apples_against_full_vector_classical_output
hhl_s2_fixed_m,100,8,maj_e6_floquet,0.0001,state_preparation_only,quantum_state_proportional_to_solution,not_comparable_to_classical_full_vector,27.426674100000003,1,27.426674100000003,Raw QDK estimate prepares a quantum state; it does not emit x as classical data.,sparse_cg_n100_k100_tol1e-04,sparse_iterative,scipy.sparse.linalg.cg,100,100.00000000000001,0.0001,0.001188399997772649,9.436462535809814e-05,46.0,23078.655462305847,not_apples_to_apples_against_full_vector_classical_output
hhl_s2_fixed_m,100,8,maj_e6_floquet,0.0001,state_preparation_only,quantum_state_proportional_to_solution,not_comparable_to_classical_full_vector,27.426674100000003,1,27.426674100000003,Raw QDK estimate prepares a quantum state; it does not emit x as classical data.,dense_cholesky_n100_k1000,dense_direct,scipy.linalg.solve_assume_pos,1000,1000.0,0.0001,0.00034980000054929405,9.563969208769848e-15,,78406.7297225033,not_apples_to_apples_against_full_vector_classical_output
hhl_s2_fixed_m,100,8,maj_e6_floquet,0.0001,state_preparation_only,quantum_state_proportional_to_solution,not_comparable_to_classical_full_vector,27.426674100000003,1,27.426674100000003,Raw QDK estimate prepares a quantum state; it does not emit x as classical data.,sparse_cg_n100_k1000_tol1e-04,sparse_iterative,scipy.sparse.linalg.cg,1000,1000.0,0.0001,0.00219719999586232,3.058832445155209e-05,99.0,12482.55695960715,not_apples_to_apples_against_full_vector_classical_output
hhl_s2_fixed_m,100,8,maj_e6_floquet,0.0001,single_scalar_observable_sampling,one bounded scalar observable to additive error about 0.01,conditionally_comparable_only_if_classical_task_is_same_scalar_observable,27.426674100000003,10000,274266.74100000004,Uses plain 1/error^2 measurement sampling for a bounded observable; amplitude-estimation variants are not modeled.,dense_cholesky_n100_k100,dense_direct,scipy.linalg.solve_assume_pos,100,100.00000000000001,0.0001,0.00033409999741706997,1.4796381571676944e-15,,820912131.4587208,apples_to_apples_only_for_same_scalar_observable_task
hhl_s2_fixed_m,100,8,maj_e6_floquet,0.0001,single_scalar_observable_sampling,one bounded scalar observable to additive error about 0.01,conditionally_comparable_only_if_classical_task_is_same_scalar_observable,27.426674100000003,10000,274266.74100000004,Uses plain 1/error^2 measurement sampling for a bounded observable; amplitude-estimation variants are not modeled.,sparse_cg_n100_k100_tol1e-04,sparse_iterative,scipy.sparse.linalg.cg,100,100.00000000000001,0.0001,0.001188399997772649,9.436462535809814e-05,46.0,230786554.6230585,apples_to_apples_only_for_same_scalar_observable_task
hhl_s2_fixed_m,100,8,maj_e6_floquet,0.0001,single_scalar_observable_sampling,one bounded scalar observable to additive error about 0.01,conditionally_comparable_only_if_classical_task_is_same_scalar_observable,27.426674100000003,10000,274266.74100000004,Uses plain 1/error^2 measurement sampling for a bounded observable; amplitude-estimation variants are not modeled.,dense_cholesky_n100_k1000,dense_direct,scipy.linalg.solve_assume_pos,1000,1000.0,0.0001,0.00034980000054929405,9.563969208769848e-15,,784067297.2250329,apples_to_apples_only_for_same_scalar_observable_task
hhl_s2_fixed_m,100,8,maj_e6_floquet,0.0001,single_scalar_observable_sampling,one bounded scalar observable to additive error about 0.01,conditionally_comparable_only_if_classical_task_is_same_scalar_observable,27.426674100000003,10000,274266.74100000004,Uses plain 1/error^2 measurement sampling for a bounded observable; amplitude-estimation variants are not modeled.,sparse_cg_n100_k1000_tol1e-04,sparse_iterative,scipy.sparse.linalg.cg,1000,1000.0,0.0001,0.00219719999586232,3.058832445155209e-05,99.0,124825569.5960715,apples_to_apples_only_for_same_scalar_observable_task
hhl_s2_fixed_m,100,8,maj_e6_floquet,0.0001,full_vector_readout_lower_bound,full classical solution vector lower-bound readout,lower_bound_not_sufficient_for_vector_accuracy,27.426674100000003,100,2742.6674100000005,At least O(N) state preparations are needed to emit N classical coordinates; signs/amplitudes require more.,dense_cholesky_n100_k100,dense_direct,scipy.linalg.solve_assume_pos,100,100.00000000000001,0.0001,0.00033409999741706997,1.4796381571676944e-15,,8209121.314587208,minimum_readout_charge_added_but_still_not_full_accuracy_tomography
hhl_s2_fixed_m,100,8,maj_e6_floquet,0.0001,full_vector_readout_lower_bound,full classical solution vector lower-bound readout,lower_bound_not_sufficient_for_vector_accuracy,27.426674100000003,100,2742.6674100000005,At least O(N) state preparations are needed to emit N classical coordinates; signs/amplitudes require more.,sparse_cg_n100_k100_tol1e-04,sparse_iterative,scipy.sparse.linalg.cg,100,100.00000000000001,0.0001,0.001188399997772649,9.436462535809814e-05,46.0,2307865.546230585,minimum_readout_charge_added_but_still_not_full_accuracy_tomography
hhl_s2_fixed_m,100,8,maj_e6_floquet,0.0001,full_vector_readout_lower_bound,full classical solution vector lower-bound readout,lower_bound_not_sufficient_for_vector_accuracy,27.426674100000003,100,2742.6674100000005,At least O(N) state preparations are needed to emit N classical coordinates; signs/amplitudes require more.,dense_cholesky_n100_k1000,dense_direct,scipy.linalg.solve_assume_pos,1000,1000.0,0.0001,0.00034980000054929405,9.563969208769848e-15,,7840672.97225033,minimum_readout_charge_added_but_still_not_full_accuracy_tomography
hhl_s2_fixed_m,100,8,maj_e6_floquet,0.0001,full_vector_readout_lower_bound,full classical solution vector lower-bound readout,lower_bound_not_sufficient_for_vector_accuracy,27.426674100000003,100,2742.6674100000005,At least O(N) state preparations are needed to emit N classical coordinates; signs/amplitudes require more.,sparse_cg_n100_k1000_tol1e-04,sparse_iterative,scipy.sparse.linalg.cg,1000,1000.0,0.0001,0.00219719999586232,3.058832445155209e-05,99.0,1248255.695960715,minimum_readout_charge_added_but_still_not_full_accuracy_tomography
hhl_s2_fixed_m,100,8,maj_e6_floquet,0.0001,full_vector_tomography_proxy,full classical solution vector tomography-style proxy at amplitude error about 0.01,rough_proxy_for_full_vector_output,27.426674100000003,1000000,27426674.1,Uses N/error^2 repetitions as a simple tomography-scale proxy; constants and algorithmic improvements are not modeled.,dense_cholesky_n100_k100,dense_direct,scipy.linalg.solve_assume_pos,100,100.00000000000001,0.0001,0.00033409999741706997,1.4796381571676944e-15,,82091213145.87207,rough_full_vector_output_proxy_not_a_theorem
hhl_s2_fixed_m,100,8,maj_e6_floquet,0.0001,full_vector_tomography_proxy,full classical solution vector tomography-style proxy at amplitude error about 0.01,rough_proxy_for_full_vector_output,27.426674100000003,1000000,27426674.1,Uses N/error^2 repetitions as a simple tomography-scale proxy; constants and algorithmic improvements are not modeled.,sparse_cg_n100_k100_tol1e-04,sparse_iterative,scipy.sparse.linalg.cg,100,100.00000000000001,0.0001,0.001188399997772649,9.436462535809814e-05,46.0,23078655462.305847,rough_full_vector_output_proxy_not_a_theorem
hhl_s2_fixed_m,100,8,maj_e6_floquet,0.0001,full_vector_tomography_proxy,full classical solution vector tomography-style proxy at amplitude error about 0.01,rough_proxy_for_full_vector_output,27.426674100000003,1000000,27426674.1,Uses N/error^2 repetitions as a simple tomography-scale proxy; constants and algorithmic improvements are not modeled.,dense_cholesky_n100_k1000,dense_direct,scipy.linalg.solve_assume_pos,1000,1000.0,0.0001,0.00034980000054929405,9.563969208769848e-15,,78406729722.5033,rough_full_vector_output_proxy_not_a_theorem
hhl_s2_fixed_m,100,8,maj_e6_floquet,0.0001,full_vector_tomography_proxy,full classical solution vector tomography-style proxy at amplitude error about 0.01,rough_proxy_for_full_vector_output,27.426674100000003,1000000,27426674.1,Uses N/error^2 repetitions as a simple tomography-scale proxy; constants and algorithmic improvements are not modeled.,sparse_cg_n100_k1000_tol1e-04,sparse_iterative,scipy.sparse.linalg.cg,1000,1000.0,0.0001,0.00219719999586232,3.058832445155209e-05,99.0,12482556959.60715,rough_full_vector_output_proxy_not_a_theorem
hhl_s2_fixed_m,250,4,maj_e6_floquet,0.0001,state_preparation_only,quantum_state_proportional_to_solution,not_comparable_to_classical_full_vector,3.3412449000000004,1,3.3412449000000004,Raw QDK estimate prepares a quantum state; it does not emit x as classical data.,dense_cholesky_n250_k100,dense_direct,scipy.linalg.solve_assume_pos,100,100.00000000000001,0.0001,0.001694499995210208,1.4563383851253265e-15,,1971.817591882323,not_apples_to_apples_against_full_vector_classical_output
hhl_s2_fixed_m,250,4,maj_e6_floquet,0.0001,state_preparation_only,quantum_state_proportional_to_solution,not_comparable_to_classical_full_vector,3.3412449000000004,1,3.3412449000000004,Raw QDK estimate prepares a quantum state; it does not emit x as classical data.,sparse_cg_n250_k100_tol1e-04,sparse_iterative,scipy.sparse.linalg.cg,100,100.00000000000001,0.0001,0.0013195999927120283,9.02355866989301e-05,47.0,2532.0134271394686,not_apples_to_apples_against_full_vector_classical_output
hhl_s2_fixed_m,250,4,maj_e6_floquet,0.0001,state_preparation_only,quantum_state_proportional_to_solution,not_comparable_to_classical_full_vector,3.3412449000000004,1,3.3412449000000004,Raw QDK estimate prepares a quantum state; it does not emit x as classical data.,dense_cholesky_n250_k1000,dense_direct,scipy.linalg.solve_assume_pos,1000,1000.0000000000001,0.0001,0.0015483000024687499,5.451127007276857e-15,,2158.0087157995326,not_apples_to_apples_against_full_vector_classical_output
hhl_s2_fixed_m,250,4,maj_e6_floquet,0.0001,state_preparation_only,quantum_state_proportional_to_solution,not_comparable_to_classical_full_vector,3.3412449000000004,1,3.3412449000000004,Raw QDK estimate prepares a quantum state; it does not emit x as classical data.,sparse_cg_n250_k1000_tol1e-04,sparse_iterative,scipy.sparse.linalg.cg,1000,1000.0000000000001,0.0001,0.0029181999998399988,9.572988987327465e-05,135.0,1144.9677541577673,not_apples_to_apples_against_full_vector_classical_output
hhl_s2_fixed_m,250,4,maj_e6_floquet,0.0001,single_scalar_observable_sampling,one bounded scalar observable to additive error about 0.01,conditionally_comparable_only_if_classical_task_is_same_scalar_observable,3.3412449000000004,10000,33412.449,Uses plain 1/error^2 measurement sampling for a bounded observable; amplitude-estimation variants are not modeled.,dense_cholesky_n250_k100,dense_direct,scipy.linalg.solve_assume_pos,100,100.00000000000001,0.0001,0.001694499995210208,1.4563383851253265e-15,,19718175.91882323,apples_to_apples_only_for_same_scalar_observable_task
hhl_s2_fixed_m,250,4,maj_e6_floquet,0.0001,single_scalar_observable_sampling,one bounded scalar observable to additive error about 0.01,conditionally_comparable_only_if_classical_task_is_same_scalar_observable,3.3412449000000004,10000,33412.449,Uses plain 1/error^2 measurement sampling for a bounded observable; amplitude-estimation variants are not modeled.,sparse_cg_n250_k100_tol1e-04,sparse_iterative,scipy.sparse.linalg.cg,100,100.00000000000001,0.0001,0.0013195999927120283,9.02355866989301e-05,47.0,25320134.27139468,apples_to_apples_only_for_same_scalar_observable_task
hhl_s2_fixed_m,250,4,maj_e6_floquet,0.0001,single_scalar_observable_sampling,one bounded scalar observable to additive error about 0.01,conditionally_comparable_only_if_classical_task_is_same_scalar_observable,3.3412449000000004,10000,33412.449,Uses plain 1/error^2 measurement sampling for a bounded observable; amplitude-estimation variants are not modeled.,dense_cholesky_n250_k1000,dense_direct,scipy.linalg.solve_assume_pos,1000,1000.0000000000001,0.0001,0.0015483000024687499,5.451127007276857e-15,,21580087.157995325,apples_to_apples_only_for_same_scalar_observable_task
hhl_s2_fixed_m,250,4,maj_e6_floquet,0.0001,single_scalar_observable_sampling,one bounded scalar observable to additive error about 0.01,conditionally_comparable_only_if_classical_task_is_same_scalar_observable,3.3412449000000004,10000,33412.449,Uses plain 1/error^2 measurement sampling for a bounded observable; amplitude-estimation variants are not modeled.,sparse_cg_n250_k1000_tol1e-04,sparse_iterative,scipy.sparse.linalg.cg,1000,1000.0000000000001,0.0001,0.0029181999998399988,9.572988987327465e-05,135.0,11449677.541577673,apples_to_apples_only_for_same_scalar_observable_task
hhl_s2_fixed_m,250,4,maj_e6_floquet,0.0001,full_vector_readout_lower_bound,full classical solution vector lower-bound readout,lower_bound_not_sufficient_for_vector_accuracy,3.3412449000000004,250,835.3112250000001,At least O(N) state preparations are needed to emit N classical coordinates; signs/amplitudes require more.,dense_cholesky_n250_k100,dense_direct,scipy.linalg.solve_assume_pos,100,100.00000000000001,0.0001,0.001694499995210208,1.4563383851253265e-15,,492954.3979705808,minimum_readout_charge_added_but_still_not_full_accuracy_tomography
hhl_s2_fixed_m,250,4,maj_e6_floquet,0.0001,full_vector_readout_lower_bound,full classical solution vector lower-bound readout,lower_bound_not_sufficient_for_vector_accuracy,3.3412449000000004,250,835.3112250000001,At least O(N) state preparations are needed to emit N classical coordinates; signs/amplitudes require more.,sparse_cg_n250_k100_tol1e-04,sparse_iterative,scipy.sparse.linalg.cg,100,100.00000000000001,0.0001,0.0013195999927120283,9.02355866989301e-05,47.0,633003.3567848671,minimum_readout_charge_added_but_still_not_full_accuracy_tomography
hhl_s2_fixed_m,250,4,maj_e6_floquet,0.0001,full_vector_readout_lower_bound,full classical solution vector lower-bound readout,lower_bound_not_sufficient_for_vector_accuracy,3.3412449000000004,250,835.3112250000001,At least O(N) state preparations are needed to emit N classical coordinates; signs/amplitudes require more.,dense_cholesky_n250_k1000,dense_direct,scipy.linalg.solve_assume_pos,1000,1000.0000000000001,0.0001,0.0015483000024687499,5.451127007276857e-15,,539502.1789498832,minimum_readout_charge_added_but_still_not_full_accuracy_tomography
hhl_s2_fixed_m,250,4,maj_e6_floquet,0.0001,full_vector_readout_lower_bound,full classical solution vector lower-bound readout,lower_bound_not_sufficient_for_vector_accuracy,3.3412449000000004,250,835.3112250000001,At least O(N) state preparations are needed to emit N classical coordinates; signs/amplitudes require more.,sparse_cg_n250_k1000_tol1e-04,sparse_iterative,scipy.sparse.linalg.cg,1000,1000.0000000000001,0.0001,0.0029181999998399988,9.572988987327465e-05,135.0,286241.93853944185,minimum_readout_charge_added_but_still_not_full_accuracy_tomography
hhl_s2_fixed_m,250,4,maj_e6_floquet,0.0001,full_vector_tomography_proxy,full classical solution vector tomography-style proxy at amplitude error about 0.01,rough_proxy_for_full_vector_output,3.3412449000000004,2500000,8353112.250000001,Uses N/error^2 repetitions as a simple tomography-scale proxy; constants and algorithmic improvements are not modeled.,dense_cholesky_n250_k100,dense_direct,scipy.linalg.solve_assume_pos,100,100.00000000000001,0.0001,0.001694499995210208,1.4563383851253265e-15,,4929543979.705808,rough_full_vector_output_proxy_not_a_theorem
hhl_s2_fixed_m,250,4,maj_e6_floquet,0.0001,full_vector_tomography_proxy,full classical solution vector tomography-style proxy at amplitude error about 0.01,rough_proxy_for_full_vector_output,3.3412449000000004,2500000,8353112.250000001,Uses N/error^2 repetitions as a simple tomography-scale proxy; constants and algorithmic improvements are not modeled.,sparse_cg_n250_k100_tol1e-04,sparse_iterative,scipy.sparse.linalg.cg,100,100.00000000000001,0.0001,0.0013195999927120283,9.02355866989301e-05,47.0,6330033567.848671,rough_full_vector_output_proxy_not_a_theorem
hhl_s2_fixed_m,250,4,maj_e6_floquet,0.0001,full_vector_tomography_proxy,full classical solution vector tomography-style proxy at amplitude error about 0.01,rough_proxy_for_full_vector_output,3.3412449000000004,2500000,8353112.250000001,Uses N/error^2 repetitions as a simple tomography-scale proxy; constants and algorithmic improvements are not modeled.,dense_cholesky_n250_k1000,dense_direct,scipy.linalg.solve_assume_pos,1000,1000.0000000000001,0.0001,0.0015483000024687499,5.451127007276857e-15,,5395021789.498832,rough_full_vector_output_proxy_not_a_theorem
hhl_s2_fixed_m,250,4,maj_e6_floquet,0.0001,full_vector_tomography_proxy,full classical solution vector tomography-style proxy at amplitude error about 0.01,rough_proxy_for_full_vector_output,3.3412449000000004,2500000,8353112.250000001,Uses N/error^2 repetitions as a simple tomography-scale proxy; constants and algorithmic improvements are not modeled.,sparse_cg_n250_k1000_tol1e-04,sparse_iterative,scipy.sparse.linalg.cg,1000,1000.0000000000001,0.0001,0.0029181999998399988,9.572988987327465e-05,135.0,2862419385.3944182,rough_full_vector_output_proxy_not_a_theorem
hhl_s2_fixed_m,250,6,maj_e6_floquet,0.0001,state_preparation_only,quantum_state_proportional_to_solution,not_comparable_to_classical_full_vector,14.821447200000001,1,14.821447200000001,Raw QDK estimate prepares a quantum state; it does not emit x as classical data.,dense_cholesky_n250_k100,dense_direct,scipy.linalg.solve_assume_pos,100,100.00000000000001,0.0001,0.001694499995210208,1.4563383851253265e-15,,8746.796837943546,not_apples_to_apples_against_full_vector_classical_output
hhl_s2_fixed_m,250,6,maj_e6_floquet,0.0001,state_preparation_only,quantum_state_proportional_to_solution,not_comparable_to_classical_full_vector,14.821447200000001,1,14.821447200000001,Raw QDK estimate prepares a quantum state; it does not emit x as classical data.,sparse_cg_n250_k100_tol1e-04,sparse_iterative,scipy.sparse.linalg.cg,100,100.00000000000001,0.0001,0.0013195999927120283,9.02355866989301e-05,47.0,11231.772720412884,not_apples_to_apples_against_full_vector_classical_output
hhl_s2_fixed_m,250,6,maj_e6_floquet,0.0001,state_preparation_only,quantum_state_proportional_to_solution,not_comparable_to_classical_full_vector,14.821447200000001,1,14.821447200000001,Raw QDK estimate prepares a quantum state; it does not emit x as classical data.,dense_cholesky_n250_k1000,dense_direct,scipy.linalg.solve_assume_pos,1000,1000.0000000000001,0.0001,0.0015483000024687499,5.451127007276857e-15,,9572.72310041164,not_apples_to_apples_against_full_vector_classical_output
hhl_s2_fixed_m,250,6,maj_e6_floquet,0.0001,state_preparation_only,quantum_state_proportional_to_solution,not_comparable_to_classical_full_vector,14.821447200000001,1,14.821447200000001,Raw QDK estimate prepares a quantum state; it does not emit x as classical data.,sparse_cg_n250_k1000_tol1e-04,sparse_iterative,scipy.sparse.linalg.cg,1000,1000.0000000000001,0.0001,0.0029181999998399988,9.572988987327465e-05,135.0,5078.9689537429385,not_apples_to_apples_against_full_vector_classical_output
hhl_s2_fixed_m,250,6,maj_e6_floquet,0.0001,single_scalar_observable_sampling,one bounded scalar observable to additive error about 0.01,conditionally_comparable_only_if_classical_task_is_same_scalar_observable,14.821447200000001,10000,148214.472,Uses plain 1/error^2 measurement sampling for a bounded observable; amplitude-estimation variants are not modeled.,dense_cholesky_n250_k100,dense_direct,scipy.linalg.solve_assume_pos,100,100.00000000000001,0.0001,0.001694499995210208,1.4563383851253265e-15,,87467968.37943546,apples_to_apples_only_for_same_scalar_observable_task
hhl_s2_fixed_m,250,6,maj_e6_floquet,0.0001,single_scalar_observable_sampling,one bounded scalar observable to additive error about 0.01,conditionally_comparable_only_if_classical_task_is_same_scalar_observable,14.821447200000001,10000,148214.472,Uses plain 1/error^2 measurement sampling for a bounded observable; amplitude-estimation variants are not modeled.,sparse_cg_n250_k100_tol1e-04,sparse_iterative,scipy.sparse.linalg.cg,100,100.00000000000001,0.0001,0.0013195999927120283,9.02355866989301e-05,47.0,112317727.20412885,apples_to_apples_only_for_same_scalar_observable_task
hhl_s2_fixed_m,250,6,maj_e6_floquet,0.0001,single_scalar_observable_sampling,one bounded scalar observable to additive error about 0.01,conditionally_comparable_only_if_classical_task_is_same_scalar_observable,14.821447200000001,10000,148214.472,Uses plain 1/error^2 measurement sampling for a bounded observable; amplitude-estimation variants are not modeled.,dense_cholesky_n250_k1000,dense_direct,scipy.linalg.solve_assume_pos,1000,1000.0000000000001,0.0001,0.0015483000024687499,5.451127007276857e-15,,95727231.0041164,apples_to_apples_only_for_same_scalar_observable_task
hhl_s2_fixed_m,250,6,maj_e6_floquet,0.0001,single_scalar_observable_sampling,one bounded scalar observable to additive error about 0.01,conditionally_comparable_only_if_classical_task_is_same_scalar_observable,14.821447200000001,10000,148214.472,Uses plain 1/error^2 measurement sampling for a bounded observable; amplitude-estimation variants are not modeled.,sparse_cg_n250_k1000_tol1e-04,sparse_iterative,scipy.sparse.linalg.cg,1000,1000.0000000000001,0.0001,0.0029181999998399988,9.572988987327465e-05,135.0,50789689.537429385,apples_to_apples_only_for_same_scalar_observable_task
hhl_s2_fixed_m,250,6,maj_e6_floquet,0.0001,full_vector_readout_lower_bound,full classical solution vector lower-bound readout,lower_bound_not_sufficient_for_vector_accuracy,14.821447200000001,250,3705.3618000000006,At least O(N) state preparations are needed to emit N classical coordinates; signs/amplitudes require more.,dense_cholesky_n250_k100,dense_direct,scipy.linalg.solve_assume_pos,100,100.00000000000001,0.0001,0.001694499995210208,1.4563383851253265e-15,,2186699.2094858866,minimum_readout_charge_added_but_still_not_full_accuracy_tomography
hhl_s2_fixed_m,250,6,maj_e6_floquet,0.0001,full_vector_readout_lower_bound,full classical solution vector lower-bound readout,lower_bound_not_sufficient_for_vector_accuracy,14.821447200000001,250,3705.3618000000006,At least O(N) state preparations are needed to emit N classical coordinates; signs/amplitudes require more.,sparse_cg_n250_k100_tol1e-04,sparse_iterative,scipy.sparse.linalg.cg,100,100.00000000000001,0.0001,0.0013195999927120283,9.02355866989301e-05,47.0,2807943.1801032214,minimum_readout_charge_added_but_still_not_full_accuracy_tomography
hhl_s2_fixed_m,250,6,maj_e6_floquet,0.0001,full_vector_readout_lower_bound,full classical solution vector lower-bound readout,lower_bound_not_sufficient_for_vector_accuracy,14.821447200000001,250,3705.3618000000006,At least O(N) state preparations are needed to emit N classical coordinates; signs/amplitudes require more.,dense_cholesky_n250_k1000,dense_direct,scipy.linalg.solve_assume_pos,1000,1000.0000000000001,0.0001,0.0015483000024687499,5.451127007276857e-15,,2393180.77510291,minimum_readout_charge_added_but_still_not_full_accuracy_tomography
hhl_s2_fixed_m,250,6,maj_e6_floquet,0.0001,full_vector_readout_lower_bound,full classical solution vector lower-bound readout,lower_bound_not_sufficient_for_vector_accuracy,14.821447200000001,250,3705.3618000000006,At least O(N) state preparations are needed to emit N classical coordinates; signs/amplitudes require more.,sparse_cg_n250_k1000_tol1e-04,sparse_iterative,scipy.sparse.linalg.cg,1000,1000.0000000000001,0.0001,0.0029181999998399988,9.572988987327465e-05,135.0,1269742.2384357348,minimum_readout_charge_added_but_still_not_full_accuracy_tomography
hhl_s2_fixed_m,250,6,maj_e6_floquet,0.0001,full_vector_tomography_proxy,full classical solution vector tomography-style proxy at amplitude error about 0.01,rough_proxy_for_full_vector_output,14.821447200000001,2500000,37053618.0,Uses N/error^2 repetitions as a simple tomography-scale proxy; constants and algorithmic improvements are not modeled.,dense_cholesky_n250_k100,dense_direct,scipy.linalg.solve_assume_pos,100,100.00000000000001,0.0001,0.001694499995210208,1.4563383851253265e-15,,21866992094.858864,rough_full_vector_output_proxy_not_a_theorem
hhl_s2_fixed_m,250,6,maj_e6_floquet,0.0001,full_vector_tomography_proxy,full classical solution vector tomography-style proxy at amplitude error about 0.01,rough_proxy_for_full_vector_output,14.821447200000001,2500000,37053618.0,Uses N/error^2 repetitions as a simple tomography-scale proxy; constants and algorithmic improvements are not modeled.,sparse_cg_n250_k100_tol1e-04,sparse_iterative,scipy.sparse.linalg.cg,100,100.00000000000001,0.0001,0.0013195999927120283,9.02355866989301e-05,47.0,28079431801.03221,rough_full_vector_output_proxy_not_a_theorem
hhl_s2_fixed_m,250,6,maj_e6_floquet,0.0001,full_vector_tomography_proxy,full classical solution vector tomography-style proxy at amplitude error about 0.01,rough_proxy_for_full_vector_output,14.821447200000001,2500000,37053618.0,Uses N/error^2 repetitions as a simple tomography-scale proxy; constants and algorithmic improvements are not modeled.,dense_cholesky_n250_k1000,dense_direct,scipy.linalg.solve_assume_pos,1000,1000.0000000000001,0.0001,0.0015483000024687499,5.451127007276857e-15,,23931807751.0291,rough_full_vector_output_proxy_not_a_theorem
hhl_s2_fixed_m,250,6,maj_e6_floquet,0.0001,full_vector_tomography_proxy,full classical solution vector tomography-style proxy at amplitude error about 0.01,rough_proxy_for_full_vector_output,14.821447200000001,2500000,37053618.0,Uses N/error^2 repetitions as a simple tomography-scale proxy; constants and algorithmic improvements are not modeled.,sparse_cg_n250_k1000_tol1e-04,sparse_iterative,scipy.sparse.linalg.cg,1000,1000.0000000000001,0.0001,0.0029181999998399988,9.572988987327465e-05,135.0,12697422384.357344,rough_full_vector_output_proxy_not_a_theorem
hhl_s2_fixed_m,250,8,maj_e6_floquet,0.0001,state_preparation_only,quantum_state_proportional_to_solution,not_comparable_to_classical_full_vector,67.2261051,1,67.2261051,Raw QDK estimate prepares a quantum state; it does not emit x as classical data.,dense_cholesky_n250_k100,dense_direct,scipy.linalg.solve_assume_pos,100,100.00000000000001,0.0001,0.001694499995210208,1.4563383851253265e-15,,39673.12203601417,not_apples_to_apples_against_full_vector_classical_output
hhl_s2_fixed_m,250,8,maj_e6_floquet,0.0001,state_preparation_only,quantum_state_proportional_to_solution,not_comparable_to_classical_full_vector,67.2261051,1,67.2261051,Raw QDK estimate prepares a quantum state; it does not emit x as classical data.,sparse_cg_n250_k100_tol1e-04,sparse_iterative,scipy.sparse.linalg.cg,100,100.00000000000001,0.0001,0.0013195999927120283,9.02355866989301e-05,47.0,50944.30544959128,not_apples_to_apples_against_full_vector_classical_output
hhl_s2_fixed_m,250,8,maj_e6_floquet,0.0001,state_preparation_only,quantum_state_proportional_to_solution,not_comparable_to_classical_full_vector,67.2261051,1,67.2261051,Raw QDK estimate prepares a quantum state; it does not emit x as classical data.,dense_cholesky_n250_k1000,dense_direct,scipy.linalg.solve_assume_pos,1000,1000.0000000000001,0.0001,0.0015483000024687499,5.451127007276857e-15,,43419.301810249046,not_apples_to_apples_against_full_vector_classical_output
hhl_s2_fixed_m,250,8,maj_e6_floquet,0.0001,state_preparation_only,quantum_state_proportional_to_solution,not_comparable_to_classical_full_vector,67.2261051,1,67.2261051,Raw QDK estimate prepares a quantum state; it does not emit x as classical data.,sparse_cg_n250_k1000_tol1e-04,sparse_iterative,scipy.sparse.linalg.cg,1000,1000.0000000000001,0.0001,0.0029181999998399988,9.572988987327465e-05,135.0,23036.839525627413,not_apples_to_apples_against_full_vector_classical_output
hhl_s2_fixed_m,250,8,maj_e6_floquet,0.0001,single_scalar_observable_sampling,one bounded scalar observable to additive error about 0.01,conditionally_comparable_only_if_classical_task_is_same_scalar_observable,67.2261051,10000,672261.051,Uses plain 1/error^2 measurement sampling for a bounded observable; amplitude-estimation variants are not modeled.,dense_cholesky_n250_k100,dense_direct,scipy.linalg.solve_assume_pos,100,100.00000000000001,0.0001,0.001694499995210208,1.4563383851253265e-15,,396731220.36014163,apples_to_apples_only_for_same_scalar_observable_task
hhl_s2_fixed_m,250,8,maj_e6_floquet,0.0001,single_scalar_observable_sampling,one bounded scalar observable to additive error about 0.01,conditionally_comparable_only_if_classical_task_is_same_scalar_observable,67.2261051,10000,672261.051,Uses plain 1/error^2 measurement sampling for a bounded observable; amplitude-estimation variants are not modeled.,sparse_cg_n250_k100_tol1e-04,sparse_iterative,scipy.sparse.linalg.cg,100,100.00000000000001,0.0001,0.0013195999927120283,9.02355866989301e-05,47.0,509443054.4959128,apples_to_apples_only_for_same_scalar_observable_task
hhl_s2_fixed_m,250,8,maj_e6_floquet,0.0001,single_scalar_observable_sampling,one bounded scalar observable to additive error about 0.01,conditionally_comparable_only_if_classical_task_is_same_scalar_observable,67.2261051,10000,672261.051,Uses plain 1/error^2 measurement sampling for a bounded observable; amplitude-estimation variants are not modeled.,dense_cholesky_n250_k1000,dense_direct,scipy.linalg.solve_assume_pos,1000,1000.0000000000001,0.0001,0.0015483000024687499,5.451127007276857e-15,,434193018.1024905,apples_to_apples_only_for_same_scalar_observable_task
hhl_s2_fixed_m,250,8,maj_e6_floquet,0.0001,single_scalar_observable_sampling,one bounded scalar observable to additive error about 0.01,conditionally_comparable_only_if_classical_task_is_same_scalar_observable,67.2261051,10000,672261.051,Uses plain 1/error^2 measurement sampling for a bounded observable; amplitude-estimation variants are not modeled.,sparse_cg_n250_k1000_tol1e-04,sparse_iterative,scipy.sparse.linalg.cg,1000,1000.0000000000001,0.0001,0.0029181999998399988,9.572988987327465e-05,135.0,230368395.25627413,apples_to_apples_only_for_same_scalar_observable_task
hhl_s2_fixed_m,250,8,maj_e6_floquet,0.0001,full_vector_readout_lower_bound,full classical solution vector lower-bound readout,lower_bound_not_sufficient_for_vector_accuracy,67.2261051,250,16806.526275,At least O(N) state preparations are needed to emit N classical coordinates; signs/amplitudes require more.,dense_cholesky_n250_k100,dense_direct,scipy.linalg.solve_assume_pos,100,100.00000000000001,0.0001,0.001694499995210208,1.4563383851253265e-15,,9918280.50900354,minimum_readout_charge_added_but_still_not_full_accuracy_tomography
hhl_s2_fixed_m,250,8,maj_e6_floquet,0.0001,full_vector_readout_lower_bound,full classical solution vector lower-bound readout,lower_bound_not_sufficient_for_vector_accuracy,67.2261051,250,16806.526275,At least O(N) state preparations are needed to emit N classical coordinates; signs/amplitudes require more.,sparse_cg_n250_k100_tol1e-04,sparse_iterative,scipy.sparse.linalg.cg,100,100.00000000000001,0.0001,0.0013195999927120283,9.02355866989301e-05,47.0,12736076.36239782,minimum_readout_charge_added_but_still_not_full_accuracy_tomography
hhl_s2_fixed_m,250,8,maj_e6_floquet,0.0001,full_vector_readout_lower_bound,full classical solution vector lower-bound readout,lower_bound_not_sufficient_for_vector_accuracy,67.2261051,250,16806.526275,At least O(N) state preparations are needed to emit N classical coordinates; signs/amplitudes require more.,dense_cholesky_n250_k1000,dense_direct,scipy.linalg.solve_assume_pos,1000,1000.0000000000001,0.0001,0.0015483000024687499,5.451127007276857e-15,,10854825.452562263,minimum_readout_charge_added_but_still_not_full_accuracy_tomography
hhl_s2_fixed_m,250,8,maj_e6_floquet,0.0001,full_vector_readout_lower_bound,full classical solution vector lower-bound readout,lower_bound_not_sufficient_for_vector_accuracy,67.2261051,250,16806.526275,At least O(N) state preparations are needed to emit N classical coordinates; signs/amplitudes require more.,sparse_cg_n250_k1000_tol1e-04,sparse_iterative,scipy.sparse.linalg.cg,1000,1000.0000000000001,0.0001,0.0029181999998399988,9.572988987327465e-05,135.0,5759209.881406854,minimum_readout_charge_added_but_still_not_full_accuracy_tomography
hhl_s2_fixed_m,250,8,maj_e6_floquet,0.0001,full_vector_tomography_proxy,full classical solution vector tomography-style proxy at amplitude error about 0.01,rough_proxy_for_full_vector_output,67.2261051,2500000,168065262.75,Uses N/error^2 repetitions as a simple tomography-scale proxy; constants and algorithmic improvements are not modeled.,dense_cholesky_n250_k100,dense_direct,scipy.linalg.solve_assume_pos,100,100.00000000000001,0.0001,0.001694499995210208,1.4563383851253265e-15,,99182805090.03542,rough_full_vector_output_proxy_not_a_theorem
hhl_s2_fixed_m,250,8,maj_e6_floquet,0.0001,full_vector_tomography_proxy,full classical solution vector tomography-style proxy at amplitude error about 0.01,rough_proxy_for_full_vector_output,67.2261051,2500000,168065262.75,Uses N/error^2 repetitions as a simple tomography-scale proxy; constants and algorithmic improvements are not modeled.,sparse_cg_n250_k100_tol1e-04,sparse_iterative,scipy.sparse.linalg.cg,100,100.00000000000001,0.0001,0.0013195999927120283,9.02355866989301e-05,47.0,127360763623.97821,rough_full_vector_output_proxy_not_a_theorem
hhl_s2_fixed_m,250,8,maj_e6_floquet,0.0001,full_vector_tomography_proxy,full classical solution vector tomography-style proxy at amplitude error about 0.01,rough_proxy_for_full_vector_output,67.2261051,2500000,168065262.75,Uses N/error^2 repetitions as a simple tomography-scale proxy; constants and algorithmic improvements are not modeled.,dense_cholesky_n250_k1000,dense_direct,scipy.linalg.solve_assume_pos,1000,1000.0000000000001,0.0001,0.0015483000024687499,5.451127007276857e-15,,108548254525.62262,rough_full_vector_output_proxy_not_a_theorem
hhl_s2_fixed_m,250,8,maj_e6_floquet,0.0001,full_vector_tomography_proxy,full classical solution vector tomography-style proxy at amplitude error about 0.01,rough_proxy_for_full_vector_output,67.2261051,2500000,168065262.75,Uses N/error^2 repetitions as a simple tomography-scale proxy; constants and algorithmic improvements are not modeled.,sparse_cg_n250_k1000_tol1e-04,sparse_iterative,scipy.sparse.linalg.cg,1000,1000.0000000000001,0.0001,0.0029181999998399988,9.572988987327465e-05,135.0,57592098814.068535,rough_full_vector_output_proxy_not_a_theorem
hhl_s2_fixed_m,500,4,maj_e6_floquet,0.0001,state_preparation_only,quantum_state_proportional_to_solution,not_comparable_to_classical_full_vector,6.6596019,1,6.6596019,Raw QDK estimate prepares a quantum state; it does not emit x as classical data.,dense_cholesky_n500_k100,dense_direct,scipy.linalg.solve_assume_pos,100,100.0,0.0001,0.005280700002913363,1.74329138133541e-15,,1261.1210438627259,not_apples_to_apples_against_full_vector_classical_output
hhl_s2_fixed_m,500,4,maj_e6_floquet,0.0001,state_preparation_only,quantum_state_proportional_to_solution,not_comparable_to_classical_full_vector,6.6596019,1,6.6596019,Raw QDK estimate prepares a quantum state; it does not emit x as classical data.,sparse_cg_n500_k100_tol1e-04,sparse_iterative,scipy.sparse.linalg.cg,100,100.0,0.0001,0.001370500001939945,9.80262795669902e-05,48.0,4859.249828948065,not_apples_to_apples_against_full_vector_classical_output
hhl_s2_fixed_m,500,4,maj_e6_floquet,0.0001,state_preparation_only,quantum_state_proportional_to_solution,not_comparable_to_classical_full_vector,6.6596019,1,6.6596019,Raw QDK estimate prepares a quantum state; it does not emit x as classical data.,dense_cholesky_n500_k1000,dense_direct,scipy.linalg.solve_assume_pos,1000,999.9999999999999,0.0001,0.005406800002674572,8.235076622459655e-15,,1231.7085700794753,not_apples_to_apples_against_full_vector_classical_output
hhl_s2_fixed_m,500,4,maj_e6_floquet,0.0001,state_preparation_only,quantum_state_proportional_to_solution,not_comparable_to_classical_full_vector,6.6596019,1,6.6596019,Raw QDK estimate prepares a quantum state; it does not emit x as classical data.,sparse_cg_n500_k1000_tol1e-04,sparse_iterative,scipy.sparse.linalg.cg,1000,999.9999999999999,0.0001,0.003407700001844205,8.883880566033076e-05,143.0,1954.2805694151205,not_apples_to_apples_against_full_vector_classical_output
hhl_s2_fixed_m,500,4,maj_e6_floquet,0.0001,single_scalar_observable_sampling,one bounded scalar observable to additive error about 0.01,conditionally_comparable_only_if_classical_task_is_same_scalar_observable,6.6596019,10000,66596.019,Uses plain 1/error^2 measurement sampling for a bounded observable; amplitude-estimation variants are not modeled.,dense_cholesky_n500_k100,dense_direct,scipy.linalg.solve_assume_pos,100,100.0,0.0001,0.005280700002913363,1.74329138133541e-15,,12611210.438627258,apples_to_apples_only_for_same_scalar_observable_task
hhl_s2_fixed_m,500,4,maj_e6_floquet,0.0001,single_scalar_observable_sampling,one bounded scalar observable to additive error about 0.01,conditionally_comparable_only_if_classical_task_is_same_scalar_observable,6.6596019,10000,66596.019,Uses plain 1/error^2 measurement sampling for a bounded observable; amplitude-estimation variants are not modeled.,sparse_cg_n500_k100_tol1e-04,sparse_iterative,scipy.sparse.linalg.cg,100,100.0,0.0001,0.001370500001939945,9.80262795669902e-05,48.0,48592498.28948065,apples_to_apples_only_for_same_scalar_observable_task
hhl_s2_fixed_m,500,4,maj_e6_floquet,0.0001,single_scalar_observable_sampling,one bounded scalar observable to additive error about 0.01,conditionally_comparable_only_if_classical_task_is_same_scalar_observable,6.6596019,10000,66596.019,Uses plain 1/error^2 measurement sampling for a bounded observable; amplitude-estimation variants are not modeled.,dense_cholesky_n500_k1000,dense_direct,scipy.linalg.solve_assume_pos,1000,999.9999999999999,0.0001,0.005406800002674572,8.235076622459655e-15,,12317085.700794753,apples_to_apples_only_for_same_scalar_observable_task
hhl_s2_fixed_m,500,4,maj_e6_floquet,0.0001,single_scalar_observable_sampling,one bounded scalar observable to additive error about 0.01,conditionally_comparable_only_if_classical_task_is_same_scalar_observable,6.6596019,10000,66596.019,Uses plain 1/error^2 measurement sampling for a bounded observable; amplitude-estimation variants are not modeled.,sparse_cg_n500_k1000_tol1e-04,sparse_iterative,scipy.sparse.linalg.cg,1000,999.9999999999999,0.0001,0.003407700001844205,8.883880566033076e-05,143.0,19542805.694151204,apples_to_apples_only_for_same_scalar_observable_task
hhl_s2_fixed_m,500,4,maj_e6_floquet,0.0001,full_vector_readout_lower_bound,full classical solution vector lower-bound readout,lower_bound_not_sufficient_for_vector_accuracy,6.6596019,500,3329.8009500000003,At least O(N) state preparations are needed to emit N classical coordinates; signs/amplitudes require more.,dense_cholesky_n500_k100,dense_direct,scipy.linalg.solve_assume_pos,100,100.0,0.0001,0.005280700002913363,1.74329138133541e-15,,630560.5219313629,minimum_readout_charge_added_but_still_not_full_accuracy_tomography
hhl_s2_fixed_m,500,4,maj_e6_floquet,0.0001,full_vector_readout_lower_bound,full classical solution vector lower-bound readout,lower_bound_not_sufficient_for_vector_accuracy,6.6596019,500,3329.8009500000003,At least O(N) state preparations are needed to emit N classical coordinates; signs/amplitudes require more.,sparse_cg_n500_k100_tol1e-04,sparse_iterative,scipy.sparse.linalg.cg,100,100.0,0.0001,0.001370500001939945,9.80262795669902e-05,48.0,2429624.914474033,minimum_readout_charge_added_but_still_not_full_accuracy_tomography
hhl_s2_fixed_m,500,4,maj_e6_floquet,0.0001,full_vector_readout_lower_bound,full classical solution vector lower-bound readout,lower_bound_not_sufficient_for_vector_accuracy,6.6596019,500,3329.8009500000003,At least O(N) state preparations are needed to emit N classical coordinates; signs/amplitudes require more.,dense_cholesky_n500_k1000,dense_direct,scipy.linalg.solve_assume_pos,1000,999.9999999999999,0.0001,0.005406800002674572,8.235076622459655e-15,,615854.2850397377,minimum_readout_charge_added_but_still_not_full_accuracy_tomography
hhl_s2_fixed_m,500,4,maj_e6_floquet,0.0001,full_vector_readout_lower_bound,full classical solution vector lower-bound readout,lower_bound_not_sufficient_for_vector_accuracy,6.6596019,500,3329.8009500000003,At least O(N) state preparations are needed to emit N classical coordinates; signs/amplitudes require more.,sparse_cg_n500_k1000_tol1e-04,sparse_iterative,scipy.sparse.linalg.cg,1000,999.9999999999999,0.0001,0.003407700001844205,8.883880566033076e-05,143.0,977140.2847075603,minimum_readout_charge_added_but_still_not_full_accuracy_tomography
hhl_s2_fixed_m,500,4,maj_e6_floquet,0.0001,full_vector_tomography_proxy,full classical solution vector tomography-style proxy at amplitude error about 0.01,rough_proxy_for_full_vector_output,6.6596019,5000000,33298009.5,Uses N/error^2 repetitions as a simple tomography-scale proxy; constants and algorithmic improvements are not modeled.,dense_cholesky_n500_k100,dense_direct,scipy.linalg.solve_assume_pos,100,100.0,0.0001,0.005280700002913363,1.74329138133541e-15,,6305605219.313629,rough_full_vector_output_proxy_not_a_theorem
hhl_s2_fixed_m,500,4,maj_e6_floquet,0.0001,full_vector_tomography_proxy,full classical solution vector tomography-style proxy at amplitude error about 0.01,rough_proxy_for_full_vector_output,6.6596019,5000000,33298009.5,Uses N/error^2 repetitions as a simple tomography-scale proxy; constants and algorithmic improvements are not modeled.,sparse_cg_n500_k100_tol1e-04,sparse_iterative,scipy.sparse.linalg.cg,100,100.0,0.0001,0.001370500001939945,9.80262795669902e-05,48.0,24296249144.740326,rough_full_vector_output_proxy_not_a_theorem
hhl_s2_fixed_m,500,4,maj_e6_floquet,0.0001,full_vector_tomography_proxy,full classical solution vector tomography-style proxy at amplitude error about 0.01,rough_proxy_for_full_vector_output,6.6596019,5000000,33298009.5,Uses N/error^2 repetitions as a simple tomography-scale proxy; constants and algorithmic improvements are not modeled.,dense_cholesky_n500_k1000,dense_direct,scipy.linalg.solve_assume_pos,1000,999.9999999999999,0.0001,0.005406800002674572,8.235076622459655e-15,,6158542850.397376,rough_full_vector_output_proxy_not_a_theorem
hhl_s2_fixed_m,500,4,maj_e6_floquet,0.0001,full_vector_tomography_proxy,full classical solution vector tomography-style proxy at amplitude error about 0.01,rough_proxy_for_full_vector_output,6.6596019,5000000,33298009.5,Uses N/error^2 repetitions as a simple tomography-scale proxy; constants and algorithmic improvements are not modeled.,sparse_cg_n500_k1000_tol1e-04,sparse_iterative,scipy.sparse.linalg.cg,1000,999.9999999999999,0.0001,0.003407700001844205,8.883880566033076e-05,143.0,9771402847.075602,rough_full_vector_output_proxy_not_a_theorem
hhl_s2_fixed_m,500,6,maj_e6_floquet,0.0001,state_preparation_only,quantum_state_proportional_to_solution,not_comparable_to_classical_full_vector,30.372705300000003,1,30.372705300000003,Raw QDK estimate prepares a quantum state; it does not emit x as classical data.,dense_cholesky_n500_k100,dense_direct,scipy.linalg.solve_assume_pos,100,100.0,0.0001,0.005280700002913363,1.74329138133541e-15,,5751.643775113787,not_apples_to_apples_against_full_vector_classical_output
hhl_s2_fixed_m,500,6,maj_e6_floquet,0.0001,state_preparation_only,quantum_state_proportional_to_solution,not_comparable_to_classical_full_vector,30.372705300000003,1,30.372705300000003,Raw QDK estimate prepares a quantum state; it does not emit x as classical data.,sparse_cg_n500_k100_tol1e-04,sparse_iterative,scipy.sparse.linalg.cg,100,100.0,0.0001,0.001370500001939945,9.80262795669902e-05,48.0,22161.76961474454,not_apples_to_apples_against_full_vector_classical_output
hhl_s2_fixed_m,500,6,maj_e6_floquet,0.0001,state_preparation_only,quantum_state_proportional_to_solution,not_comparable_to_classical_full_vector,30.372705300000003,1,30.372705300000003,Raw QDK estimate prepares a quantum state; it does not emit x as classical data.,dense_cholesky_n500_k1000,dense_direct,scipy.linalg.solve_assume_pos,1000,999.9999999999999,0.0001,0.005406800002674572,8.235076622459655e-15,,5617.50116242058,not_apples_to_apples_against_full_vector_classical_output
hhl_s2_fixed_m,500,6,maj_e6_floquet,0.0001,state_preparation_only,quantum_state_proportional_to_solution,not_comparable_to_classical_full_vector,30.372705300000003,1,30.372705300000003,Raw QDK estimate prepares a quantum state; it does not emit x as classical data.,sparse_cg_n500_k1000_tol1e-04,sparse_iterative,scipy.sparse.linalg.cg,1000,999.9999999999999,0.0001,0.003407700001844205,8.883880566033076e-05,143.0,8912.963372234255,not_apples_to_apples_against_full_vector_classical_output
hhl_s2_fixed_m,500,6,maj_e6_floquet,0.0001,single_scalar_observable_sampling,one bounded scalar observable to additive error about 0.01,conditionally_comparable_only_if_classical_task_is_same_scalar_observable,30.372705300000003,10000,303727.053,Uses plain 1/error^2 measurement sampling for a bounded observable; amplitude-estimation variants are not modeled.,dense_cholesky_n500_k100,dense_direct,scipy.linalg.solve_assume_pos,100,100.0,0.0001,0.005280700002913363,1.74329138133541e-15,,57516437.75113787,apples_to_apples_only_for_same_scalar_observable_task
hhl_s2_fixed_m,500,6,maj_e6_floquet,0.0001,single_scalar_observable_sampling,one bounded scalar observable to additive error about 0.01,conditionally_comparable_only_if_classical_task_is_same_scalar_observable,30.372705300000003,10000,303727.053,Uses plain 1/error^2 measurement sampling for a bounded observable; amplitude-estimation variants are not modeled.,sparse_cg_n500_k100_tol1e-04,sparse_iterative,scipy.sparse.linalg.cg,100,100.0,0.0001,0.001370500001939945,9.80262795669902e-05,48.0,221617696.14744538,apples_to_apples_only_for_same_scalar_observable_task
hhl_s2_fixed_m,500,6,maj_e6_floquet,0.0001,single_scalar_observable_sampling,one bounded scalar observable to additive error about 0.01,conditionally_comparable_only_if_classical_task_is_same_scalar_observable,30.372705300000003,10000,303727.053,Uses plain 1/error^2 measurement sampling for a bounded observable; amplitude-estimation variants are not modeled.,dense_cholesky_n500_k1000,dense_direct,scipy.linalg.solve_assume_pos,1000,999.9999999999999,0.0001,0.005406800002674572,8.235076622459655e-15,,56175011.6242058,apples_to_apples_only_for_same_scalar_observable_task
hhl_s2_fixed_m,500,6,maj_e6_floquet,0.0001,single_scalar_observable_sampling,one bounded scalar observable to additive error about 0.01,conditionally_comparable_only_if_classical_task_is_same_scalar_observable,30.372705300000003,10000,303727.053,Uses plain 1/error^2 measurement sampling for a bounded observable; amplitude-estimation variants are not modeled.,sparse_cg_n500_k1000_tol1e-04,sparse_iterative,scipy.sparse.linalg.cg,1000,999.9999999999999,0.0001,0.003407700001844205,8.883880566033076e-05,143.0,89129633.72234255,apples_to_apples_only_for_same_scalar_observable_task
hhl_s2_fixed_m,500,6,maj_e6_floquet,0.0001,full_vector_readout_lower_bound,full classical solution vector lower-bound readout,lower_bound_not_sufficient_for_vector_accuracy,30.372705300000003,500,15186.352650000003,At least O(N) state preparations are needed to emit N classical coordinates; signs/amplitudes require more.,dense_cholesky_n500_k100,dense_direct,scipy.linalg.solve_assume_pos,100,100.0,0.0001,0.005280700002913363,1.74329138133541e-15,,2875821.8875568938,minimum_readout_charge_added_but_still_not_full_accuracy_tomography
hhl_s2_fixed_m,500,6,maj_e6_floquet,0.0001,full_vector_readout_lower_bound,full classical solution vector lower-bound readout,lower_bound_not_sufficient_for_vector_accuracy,30.372705300000003,500,15186.352650000003,At least O(N) state preparations are needed to emit N classical coordinates; signs/amplitudes require more.,sparse_cg_n500_k100_tol1e-04,sparse_iterative,scipy.sparse.linalg.cg,100,100.0,0.0001,0.001370500001939945,9.80262795669902e-05,48.0,11080884.80737227,minimum_readout_charge_added_but_still_not_full_accuracy_tomography
hhl_s2_fixed_m,500,6,maj_e6_floquet,0.0001,full_vector_readout_lower_bound,full classical solution vector lower-bound readout,lower_bound_not_sufficient_for_vector_accuracy,30.372705300000003,500,15186.352650000003,At least O(N) state preparations are needed to emit N classical coordinates; signs/amplitudes require more.,dense_cholesky_n500_k1000,dense_direct,scipy.linalg.solve_assume_pos,1000,999.9999999999999,0.0001,0.005406800002674572,8.235076622459655e-15,,2808750.58121029,minimum_readout_charge_added_but_still_not_full_accuracy_tomography
hhl_s2_fixed_m,500,6,maj_e6_floquet,0.0001,full_vector_readout_lower_bound,full classical solution vector lower-bound readout,lower_bound_not_sufficient_for_vector_accuracy,30.372705300000003,500,15186.352650000003,At least O(N) state preparations are needed to emit N classical coordinates; signs/amplitudes require more.,sparse_cg_n500_k1000_tol1e-04,sparse_iterative,scipy.sparse.linalg.cg,1000,999.9999999999999,0.0001,0.003407700001844205,8.883880566033076e-05,143.0,4456481.686117128,minimum_readout_charge_added_but_still_not_full_accuracy_tomography
hhl_s2_fixed_m,500,6,maj_e6_floquet,0.0001,full_vector_tomography_proxy,full classical solution vector tomography-style proxy at amplitude error about 0.01,rough_proxy_for_full_vector_output,30.372705300000003,5000000,151863526.50000003,Uses N/error^2 repetitions as a simple tomography-scale proxy; constants and algorithmic improvements are not modeled.,dense_cholesky_n500_k100,dense_direct,scipy.linalg.solve_assume_pos,100,100.0,0.0001,0.005280700002913363,1.74329138133541e-15,,28758218875.56894,rough_full_vector_output_proxy_not_a_theorem
hhl_s2_fixed_m,500,6,maj_e6_floquet,0.0001,full_vector_tomography_proxy,full classical solution vector tomography-style proxy at amplitude error about 0.01,rough_proxy_for_full_vector_output,30.372705300000003,5000000,151863526.50000003,Uses N/error^2 repetitions as a simple tomography-scale proxy; constants and algorithmic improvements are not modeled.,sparse_cg_n500_k100_tol1e-04,sparse_iterative,scipy.sparse.linalg.cg,100,100.0,0.0001,0.001370500001939945,9.80262795669902e-05,48.0,110808848073.7227,rough_full_vector_output_proxy_not_a_theorem
hhl_s2_fixed_m,500,6,maj_e6_floquet,0.0001,full_vector_tomography_proxy,full classical solution vector tomography-style proxy at amplitude error about 0.01,rough_proxy_for_full_vector_output,30.372705300000003,5000000,151863526.50000003,Uses N/error^2 repetitions as a simple tomography-scale proxy; constants and algorithmic improvements are not modeled.,dense_cholesky_n500_k1000,dense_direct,scipy.linalg.solve_assume_pos,1000,999.9999999999999,0.0001,0.005406800002674572,8.235076622459655e-15,,28087505812.1029,rough_full_vector_output_proxy_not_a_theorem
hhl_s2_fixed_m,500,6,maj_e6_floquet,0.0001,full_vector_tomography_proxy,full classical solution vector tomography-style proxy at amplitude error about 0.01,rough_proxy_for_full_vector_output,30.372705300000003,5000000,151863526.50000003,Uses N/error^2 repetitions as a simple tomography-scale proxy; constants and algorithmic improvements are not modeled.,sparse_cg_n500_k1000_tol1e-04,sparse_iterative,scipy.sparse.linalg.cg,1000,999.9999999999999,0.0001,0.003407700001844205,8.883880566033076e-05,143.0,44564816861.17128,rough_full_vector_output_proxy_not_a_theorem
hhl_s2_fixed_m,1000,4,maj_e6_floquet,0.0001,state_preparation_only,quantum_state_proportional_to_solution,not_comparable_to_classical_full_vector,13.833267000000001,1,13.833267000000001,Raw QDK estimate prepares a quantum state; it does not emit x as classical data.,dense_cholesky_n1000_k100,dense_direct,scipy.linalg.solve_assume_pos,100,100.00000000000001,0.0001,0.03139119999832474,1.2468314366660235e-15,,440.6734053090753,not_apples_to_apples_against_full_vector_classical_output
hhl_s2_fixed_m,1000,4,maj_e6_floquet,0.0001,state_preparation_only,quantum_state_proportional_to_solution,not_comparable_to_classical_full_vector,13.833267000000001,1,13.833267000000001,Raw QDK estimate prepares a quantum state; it does not emit x as classical data.,sparse_cg_n1000_k100_tol1e-04,sparse_iterative,scipy.sparse.linalg.cg,100,100.00000000000001,0.0001,0.0014973999932408333,9.475992710869933e-05,48.0,9238.190905865149,not_apples_to_apples_against_full_vector_classical_output
hhl_s2_fixed_m,1000,4,maj_e6_floquet,0.0001,state_preparation_only,quantum_state_proportional_to_solution,not_comparable_to_classical_full_vector,13.833267000000001,1,13.833267000000001,Raw QDK estimate prepares a quantum state; it does not emit x as classical data.,dense_cholesky_n1000_k1000,dense_direct,scipy.linalg.solve_assume_pos,1000,1000.0000000000001,0.0001,0.03194390000135172,6.91331474527373e-15,,433.04878237831446,not_apples_to_apples_against_full_vector_classical_output
hhl_s2_fixed_m,1000,4,maj_e6_floquet,0.0001,state_preparation_only,quantum_state_proportional_to_solution,not_comparable_to_classical_full_vector,13.833267000000001,1,13.833267000000001,Raw QDK estimate prepares a quantum state; it does not emit x as classical data.,sparse_cg_n1000_k1000_tol1e-04,sparse_iterative,scipy.sparse.linalg.cg,1000,1000.0000000000001,0.0001,0.003986099996836856,8.959242319640546e-05,147.0,3470.376310423045,not_apples_to_apples_against_full_vector_classical_output
hhl_s2_fixed_m,1000,4,maj_e6_floquet,0.0001,single_scalar_observable_sampling,one bounded scalar observable to additive error about 0.01,conditionally_comparable_only_if_classical_task_is_same_scalar_observable,13.833267000000001,10000,138332.67,Uses plain 1/error^2 measurement sampling for a bounded observable; amplitude-estimation variants are not modeled.,dense_cholesky_n1000_k100,dense_direct,scipy.linalg.solve_assume_pos,100,100.00000000000001,0.0001,0.03139119999832474,1.2468314366660235e-15,,4406734.053090753,apples_to_apples_only_for_same_scalar_observable_task
hhl_s2_fixed_m,1000,4,maj_e6_floquet,0.0001,single_scalar_observable_sampling,one bounded scalar observable to additive error about 0.01,conditionally_comparable_only_if_classical_task_is_same_scalar_observable,13.833267000000001,10000,138332.67,Uses plain 1/error^2 measurement sampling for a bounded observable; amplitude-estimation variants are not modeled.,sparse_cg_n1000_k100_tol1e-04,sparse_iterative,scipy.sparse.linalg.cg,100,100.00000000000001,0.0001,0.0014973999932408333,9.475992710869933e-05,48.0,92381909.05865149,apples_to_apples_only_for_same_scalar_observable_task
hhl_s2_fixed_m,1000,4,maj_e6_floquet,0.0001,single_scalar_observable_sampling,one bounded scalar observable to additive error about 0.01,conditionally_comparable_only_if_classical_task_is_same_scalar_observable,13.833267000000001,10000,138332.67,Uses plain 1/error^2 measurement sampling for a bounded observable; amplitude-estimation variants are not modeled.,dense_cholesky_n1000_k1000,dense_direct,scipy.linalg.solve_assume_pos,1000,1000.0000000000001,0.0001,0.03194390000135172,6.91331474527373e-15,,4330487.823783144,apples_to_apples_only_for_same_scalar_observable_task
hhl_s2_fixed_m,1000,4,maj_e6_floquet,0.0001,single_scalar_observable_sampling,one bounded scalar observable to additive error about 0.01,conditionally_comparable_only_if_classical_task_is_same_scalar_observable,13.833267000000001,10000,138332.67,Uses plain 1/error^2 measurement sampling for a bounded observable; amplitude-estimation variants are not modeled.,sparse_cg_n1000_k1000_tol1e-04,sparse_iterative,scipy.sparse.linalg.cg,1000,1000.0000000000001,0.0001,0.003986099996836856,8.959242319640546e-05,147.0,34703763.104230456,apples_to_apples_only_for_same_scalar_observable_task
hhl_s2_fixed_m,1000,4,maj_e6_floquet,0.0001,full_vector_readout_lower_bound,full classical solution vector lower-bound readout,lower_bound_not_sufficient_for_vector_accuracy,13.833267000000001,1000,13833.267000000002,At least O(N) state preparations are needed to emit N classical coordinates; signs/amplitudes require more.,dense_cholesky_n1000_k100,dense_direct,scipy.linalg.solve_assume_pos,100,100.00000000000001,0.0001,0.03139119999832474,1.2468314366660235e-15,,440673.4053090753,minimum_readout_charge_added_but_still_not_full_accuracy_tomography
hhl_s2_fixed_m,1000,4,maj_e6_floquet,0.0001,full_vector_readout_lower_bound,full classical solution vector lower-bound readout,lower_bound_not_sufficient_for_vector_accuracy,13.833267000000001,1000,13833.267000000002,At least O(N) state preparations are needed to emit N classical coordinates; signs/amplitudes require more.,sparse_cg_n1000_k100_tol1e-04,sparse_iterative,scipy.sparse.linalg.cg,100,100.00000000000001,0.0001,0.0014973999932408333,9.475992710869933e-05,48.0,9238190.90586515,minimum_readout_charge_added_but_still_not_full_accuracy_tomography
hhl_s2_fixed_m,1000,4,maj_e6_floquet,0.0001,full_vector_readout_lower_bound,full classical solution vector lower-bound readout,lower_bound_not_sufficient_for_vector_accuracy,13.833267000000001,1000,13833.267000000002,At least O(N) state preparations are needed to emit N classical coordinates; signs/amplitudes require more.,dense_cholesky_n1000_k1000,dense_direct,scipy.linalg.solve_assume_pos,1000,1000.0000000000001,0.0001,0.03194390000135172,6.91331474527373e-15,,433048.78237831447,minimum_readout_charge_added_but_still_not_full_accuracy_tomography
hhl_s2_fixed_m,1000,4,maj_e6_floquet,0.0001,full_vector_readout_lower_bound,full classical solution vector lower-bound readout,lower_bound_not_sufficient_for_vector_accuracy,13.833267000000001,1000,13833.267000000002,At least O(N) state preparations are needed to emit N classical coordinates; signs/amplitudes require more.,sparse_cg_n1000_k1000_tol1e-04,sparse_iterative,scipy.sparse.linalg.cg,1000,1000.0000000000001,0.0001,0.003986099996836856,8.959242319640546e-05,147.0,3470376.3104230454,minimum_readout_charge_added_but_still_not_full_accuracy_tomography
hhl_s2_fixed_m,1000,4,maj_e6_floquet,0.0001,full_vector_tomography_proxy,full classical solution vector tomography-style proxy at amplitude error about 0.01,rough_proxy_for_full_vector_output,13.833267000000001,10000000,138332670.0,Uses N/error^2 repetitions as a simple tomography-scale proxy; constants and algorithmic improvements are not modeled.,dense_cholesky_n1000_k100,dense_direct,scipy.linalg.solve_assume_pos,100,100.00000000000001,0.0001,0.03139119999832474,1.2468314366660235e-15,,4406734053.090753,rough_full_vector_output_proxy_not_a_theorem
hhl_s2_fixed_m,1000,4,maj_e6_floquet,0.0001,full_vector_tomography_proxy,full classical solution vector tomography-style proxy at amplitude error about 0.01,rough_proxy_for_full_vector_output,13.833267000000001,10000000,138332670.0,Uses N/error^2 repetitions as a simple tomography-scale proxy; constants and algorithmic improvements are not modeled.,sparse_cg_n1000_k100_tol1e-04,sparse_iterative,scipy.sparse.linalg.cg,100,100.00000000000001,0.0001,0.0014973999932408333,9.475992710869933e-05,48.0,92381909058.65147,rough_full_vector_output_proxy_not_a_theorem
hhl_s2_fixed_m,1000,4,maj_e6_floquet,0.0001,full_vector_tomography_proxy,full classical solution vector tomography-style proxy at amplitude error about 0.01,rough_proxy_for_full_vector_output,13.833267000000001,10000000,138332670.0,Uses N/error^2 repetitions as a simple tomography-scale proxy; constants and algorithmic improvements are not modeled.,dense_cholesky_n1000_k1000,dense_direct,scipy.linalg.solve_assume_pos,1000,1000.0000000000001,0.0001,0.03194390000135172,6.91331474527373e-15,,4330487823.783144,rough_full_vector_output_proxy_not_a_theorem
hhl_s2_fixed_m,1000,4,maj_e6_floquet,0.0001,full_vector_tomography_proxy,full classical solution vector tomography-style proxy at amplitude error about 0.01,rough_proxy_for_full_vector_output,13.833267000000001,10000000,138332670.0,Uses N/error^2 repetitions as a simple tomography-scale proxy; constants and algorithmic improvements are not modeled.,sparse_cg_n1000_k1000_tol1e-04,sparse_iterative,scipy.sparse.linalg.cg,1000,1000.0000000000001,0.0001,0.003986099996836856,8.959242319640546e-05,147.0,34703763104.23045,rough_full_vector_output_proxy_not_a_theorem
hhl_s2_fixed_m,1000,6,maj_e6_floquet,0.0001,state_preparation_only,quantum_state_proportional_to_solution,not_comparable_to_classical_full_vector,60.2916825,1,60.2916825,Raw QDK estimate prepares a quantum state; it does not emit x as classical data.,dense_cholesky_n1000_k100,dense_direct,scipy.linalg.solve_assume_pos,100,100.00000000000001,0.0001,0.03139119999832474,1.2468314366660235e-15,,1920.6555500655472,not_apples_to_apples_against_full_vector_classical_output
hhl_s2_fixed_m,1000,6,maj_e6_floquet,0.0001,state_preparation_only,quantum_state_proportional_to_solution,not_comparable_to_classical_full_vector,60.2916825,1,60.2916825,Raw QDK estimate prepares a quantum state; it does not emit x as classical data.,sparse_cg_n1000_k100_tol1e-04,sparse_iterative,scipy.sparse.linalg.cg,100,100.00000000000001,0.0001,0.0014973999932408333,9.475992710869933e-05,48.0,40264.24654210816,not_apples_to_apples_against_full_vector_classical_output
hhl_s2_fixed_m,1000,6,maj_e6_floquet,0.0001,state_preparation_only,quantum_state_proportional_to_solution,not_comparable_to_classical_full_vector,60.2916825,1,60.2916825,Raw QDK estimate prepares a quantum state; it does not emit x as classical data.,dense_cholesky_n1000_k1000,dense_direct,scipy.linalg.solve_assume_pos,1000,1000.0000000000001,0.0001,0.03194390000135172,6.91331474527373e-15,,1887.423968189505,not_apples_to_apples_against_full_vector_classical_output
hhl_s2_fixed_m,1000,6,maj_e6_floquet,0.0001,state_preparation_only,quantum_state_proportional_to_solution,not_comparable_to_classical_full_vector,60.2916825,1,60.2916825,Raw QDK estimate prepares a quantum state; it does not emit x as classical data.,sparse_cg_n1000_k1000_tol1e-04,sparse_iterative,scipy.sparse.linalg.cg,1000,1000.0000000000001,0.0001,0.003986099996836856,8.959242319640546e-05,147.0,15125.48168581924,not_apples_to_apples_against_full_vector_classical_output
hhl_s2_fixed_m,1000,6,maj_e6_floquet,0.0001,single_scalar_observable_sampling,one bounded scalar observable to additive error about 0.01,conditionally_comparable_only_if_classical_task_is_same_scalar_observable,60.2916825,10000,602916.825,Uses plain 1/error^2 measurement sampling for a bounded observable; amplitude-estimation variants are not modeled.,dense_cholesky_n1000_k100,dense_direct,scipy.linalg.solve_assume_pos,100,100.00000000000001,0.0001,0.03139119999832474,1.2468314366660235e-15,,19206555.50065547,apples_to_apples_only_for_same_scalar_observable_task
hhl_s2_fixed_m,1000,6,maj_e6_floquet,0.0001,single_scalar_observable_sampling,one bounded scalar observable to additive error about 0.01,conditionally_comparable_only_if_classical_task_is_same_scalar_observable,60.2916825,10000,602916.825,Uses plain 1/error^2 measurement sampling for a bounded observable; amplitude-estimation variants are not modeled.,sparse_cg_n1000_k100_tol1e-04,sparse_iterative,scipy.sparse.linalg.cg,100,100.00000000000001,0.0001,0.0014973999932408333,9.475992710869933e-05,48.0,402642465.42108154,apples_to_apples_only_for_same_scalar_observable_task
hhl_s2_fixed_m,1000,6,maj_e6_floquet,0.0001,single_scalar_observable_sampling,one bounded scalar observable to additive error about 0.01,conditionally_comparable_only_if_classical_task_is_same_scalar_observable,60.2916825,10000,602916.825,Uses plain 1/error^2 measurement sampling for a bounded observable; amplitude-estimation variants are not modeled.,dense_cholesky_n1000_k1000,dense_direct,scipy.linalg.solve_assume_pos,1000,1000.0000000000001,0.0001,0.03194390000135172,6.91331474527373e-15,,18874239.681895047,apples_to_apples_only_for_same_scalar_observable_task
hhl_s2_fixed_m,1000,6,maj_e6_floquet,0.0001,single_scalar_observable_sampling,one bounded scalar observable to additive error about 0.01,conditionally_comparable_only_if_classical_task_is_same_scalar_observable,60.2916825,10000,602916.825,Uses plain 1/error^2 measurement sampling for a bounded observable; amplitude-estimation variants are not modeled.,sparse_cg_n1000_k1000_tol1e-04,sparse_iterative,scipy.sparse.linalg.cg,1000,1000.0000000000001,0.0001,0.003986099996836856,8.959242319640546e-05,147.0,151254816.85819238,apples_to_apples_only_for_same_scalar_observable_task
hhl_s2_fixed_m,1000,6,maj_e6_floquet,0.0001,full_vector_readout_lower_bound,full classical solution vector lower-bound readout,lower_bound_not_sufficient_for_vector_accuracy,60.2916825,1000,60291.6825,At least O(N) state preparations are needed to emit N classical coordinates; signs/amplitudes require more.,dense_cholesky_n1000_k100,dense_direct,scipy.linalg.solve_assume_pos,100,100.00000000000001,0.0001,0.03139119999832474,1.2468314366660235e-15,,1920655.5500655472,minimum_readout_charge_added_but_still_not_full_accuracy_tomography
hhl_s2_fixed_m,1000,6,maj_e6_floquet,0.0001,full_vector_readout_lower_bound,full classical solution vector lower-bound readout,lower_bound_not_sufficient_for_vector_accuracy,60.2916825,1000,60291.6825,At least O(N) state preparations are needed to emit N classical coordinates; signs/amplitudes require more.,sparse_cg_n1000_k100_tol1e-04,sparse_iterative,scipy.sparse.linalg.cg,100,100.00000000000001,0.0001,0.0014973999932408333,9.475992710869933e-05,48.0,40264246.542108156,minimum_readout_charge_added_but_still_not_full_accuracy_tomography
hhl_s2_fixed_m,1000,6,maj_e6_floquet,0.0001,full_vector_readout_lower_bound,full classical solution vector lower-bound readout,lower_bound_not_sufficient_for_vector_accuracy,60.2916825,1000,60291.6825,At least O(N) state preparations are needed to emit N classical coordinates; signs/amplitudes require more.,dense_cholesky_n1000_k1000,dense_direct,scipy.linalg.solve_assume_pos,1000,1000.0000000000001,0.0001,0.03194390000135172,6.91331474527373e-15,,1887423.9681895052,minimum_readout_charge_added_but_still_not_full_accuracy_tomography
hhl_s2_fixed_m,1000,6,maj_e6_floquet,0.0001,full_vector_readout_lower_bound,full classical solution vector lower-bound readout,lower_bound_not_sufficient_for_vector_accuracy,60.2916825,1000,60291.6825,At least O(N) state preparations are needed to emit N classical coordinates; signs/amplitudes require more.,sparse_cg_n1000_k1000_tol1e-04,sparse_iterative,scipy.sparse.linalg.cg,1000,1000.0000000000001,0.0001,0.003986099996836856,8.959242319640546e-05,147.0,15125481.685819242,minimum_readout_charge_added_but_still_not_full_accuracy_tomography
hhl_s2_fixed_m,1000,6,maj_e6_floquet,0.0001,full_vector_tomography_proxy,full classical solution vector tomography-style proxy at amplitude error about 0.01,rough_proxy_for_full_vector_output,60.2916825,10000000,602916825.0,Uses N/error^2 repetitions as a simple tomography-scale proxy; constants and algorithmic improvements are not modeled.,dense_cholesky_n1000_k100,dense_direct,scipy.linalg.solve_assume_pos,100,100.00000000000001,0.0001,0.03139119999832474,1.2468314366660235e-15,,19206555500.65547,rough_full_vector_output_proxy_not_a_theorem
hhl_s2_fixed_m,1000,6,maj_e6_floquet,0.0001,full_vector_tomography_proxy,full classical solution vector tomography-style proxy at amplitude error about 0.01,rough_proxy_for_full_vector_output,60.2916825,10000000,602916825.0,Uses N/error^2 repetitions as a simple tomography-scale proxy; constants and algorithmic improvements are not modeled.,sparse_cg_n1000_k100_tol1e-04,sparse_iterative,scipy.sparse.linalg.cg,100,100.00000000000001,0.0001,0.0014973999932408333,9.475992710869933e-05,48.0,402642465421.0816,rough_full_vector_output_proxy_not_a_theorem
hhl_s2_fixed_m,1000,6,maj_e6_floquet,0.0001,full_vector_tomography_proxy,full classical solution vector tomography-style proxy at amplitude error about 0.01,rough_proxy_for_full_vector_output,60.2916825,10000000,602916825.0,Uses N/error^2 repetitions as a simple tomography-scale proxy; constants and algorithmic improvements are not modeled.,dense_cholesky_n1000_k1000,dense_direct,scipy.linalg.solve_assume_pos,1000,1000.0000000000001,0.0001,0.03194390000135172,6.91331474527373e-15,,18874239681.89505,rough_full_vector_output_proxy_not_a_theorem
hhl_s2_fixed_m,1000,6,maj_e6_floquet,0.0001,full_vector_tomography_proxy,full classical solution vector tomography-style proxy at amplitude error about 0.01,rough_proxy_for_full_vector_output,60.2916825,10000000,602916825.0,Uses N/error^2 repetitions as a simple tomography-scale proxy; constants and algorithmic improvements are not modeled.,sparse_cg_n1000_k1000_tol1e-04,sparse_iterative,scipy.sparse.linalg.cg,1000,1000.0000000000001,0.0001,0.003986099996836856,8.959242319640546e-05,147.0,151254816858.1924,rough_full_vector_output_proxy_not_a_theorem
hhl_s1_fixed_m,10000,4,maj_e6_floquet,0.0001,state_preparation_only,quantum_state_proportional_to_solution,not_comparable_to_classical_full_vector,70.4595549,1,70.4595549,Raw QDK estimate prepares a quantum state; it does not emit x as classical data.,sparse_cg_n10000_k100_tol1e-04,sparse_iterative,scipy.sparse.linalg.cg,100,100.0,0.0001,0.0050432999996701255,8.933827235269558e-05,48.0,13970.922789564105,not_apples_to_apples_against_full_vector_classical_output
hhl_s1_fixed_m,10000,4,maj_e6_floquet,0.0001,state_preparation_only,quantum_state_proportional_to_solution,not_comparable_to_classical_full_vector,70.4595549,1,70.4595549,Raw QDK estimate prepares a quantum state; it does not emit x as classical data.,sparse_cg_n10000_k1000_tol1e-04,sparse_iterative,scipy.sparse.linalg.cg,1000,999.9999999999999,0.0001,0.0127238999994006,9.760666658117956e-05,151.0,5537.575342726618,not_apples_to_apples_against_full_vector_classical_output
hhl_s1_fixed_m,10000,4,maj_e6_floquet,0.0001,single_scalar_observable_sampling,one bounded scalar observable to additive error about 0.01,conditionally_comparable_only_if_classical_task_is_same_scalar_observable,70.4595549,10000,704595.549,Uses plain 1/error^2 measurement sampling for a bounded observable; amplitude-estimation variants are not modeled.,sparse_cg_n10000_k100_tol1e-04,sparse_iterative,scipy.sparse.linalg.cg,100,100.0,0.0001,0.0050432999996701255,8.933827235269558e-05,48.0,139709227.89564106,apples_to_apples_only_for_same_scalar_observable_task
hhl_s1_fixed_m,10000,4,maj_e6_floquet,0.0001,single_scalar_observable_sampling,one bounded scalar observable to additive error about 0.01,conditionally_comparable_only_if_classical_task_is_same_scalar_observable,70.4595549,10000,704595.549,Uses plain 1/error^2 measurement sampling for a bounded observable; amplitude-estimation variants are not modeled.,sparse_cg_n10000_k1000_tol1e-04,sparse_iterative,scipy.sparse.linalg.cg,1000,999.9999999999999,0.0001,0.0127238999994006,9.760666658117956e-05,151.0,55375753.42726618,apples_to_apples_only_for_same_scalar_observable_task
hhl_s1_fixed_m,10000,4,maj_e6_floquet,0.0001,full_vector_readout_lower_bound,full classical solution vector lower-bound readout,lower_bound_not_sufficient_for_vector_accuracy,70.4595549,10000,704595.549,At least O(N) state preparations are needed to emit N classical coordinates; signs/amplitudes require more.,sparse_cg_n10000_k100_tol1e-04,sparse_iterative,scipy.sparse.linalg.cg,100,100.0,0.0001,0.0050432999996701255,8.933827235269558e-05,48.0,139709227.89564106,minimum_readout_charge_added_but_still_not_full_accuracy_tomography
hhl_s1_fixed_m,10000,4,maj_e6_floquet,0.0001,full_vector_readout_lower_bound,full classical solution vector lower-bound readout,lower_bound_not_sufficient_for_vector_accuracy,70.4595549,10000,704595.549,At least O(N) state preparations are needed to emit N classical coordinates; signs/amplitudes require more.,sparse_cg_n10000_k1000_tol1e-04,sparse_iterative,scipy.sparse.linalg.cg,1000,999.9999999999999,0.0001,0.0127238999994006,9.760666658117956e-05,151.0,55375753.42726618,minimum_readout_charge_added_but_still_not_full_accuracy_tomography
hhl_s1_fixed_m,10000,4,maj_e6_floquet,0.0001,full_vector_tomography_proxy,full classical solution vector tomography-style proxy at amplitude error about 0.01,rough_proxy_for_full_vector_output,70.4595549,100000000,7045955490.0,Uses N/error^2 repetitions as a simple tomography-scale proxy; constants and algorithmic improvements are not modeled.,sparse_cg_n10000_k100_tol1e-04,sparse_iterative,scipy.sparse.linalg.cg,100,100.0,0.0001,0.0050432999996701255,8.933827235269558e-05,48.0,1397092278956.4104,rough_full_vector_output_proxy_not_a_theorem
hhl_s1_fixed_m,10000,4,maj_e6_floquet,0.0001,full_vector_tomography_proxy,full classical solution vector tomography-style proxy at amplitude error about 0.01,rough_proxy_for_full_vector_output,70.4595549,100000000,7045955490.0,Uses N/error^2 repetitions as a simple tomography-scale proxy; constants and algorithmic improvements are not modeled.,sparse_cg_n10000_k1000_tol1e-04,sparse_iterative,scipy.sparse.linalg.cg,1000,999.9999999999999,0.0001,0.0127238999994006,9.760666658117956e-05,151.0,553757534272.6619,rough_full_vector_output_proxy_not_a_theorem
hhl_s1_fixed_m,2000,4,maj_e6_floquet,0.0001,state_preparation_only,quantum_state_proportional_to_solution,not_comparable_to_classical_full_vector,13.5727305,1,13.5727305,Raw QDK estimate prepares a quantum state; it does not emit x as classical data.,dense_cholesky_n2000_k100,dense_direct,scipy.linalg.solve_assume_pos,100,100.0,0.0001,0.1843388999986928,1.9567243187360306e-15,,73.62922584487728,not_apples_to_apples_against_full_vector_classical_output
hhl_s1_fixed_m,2000,4,maj_e6_floquet,0.0001,state_preparation_only,quantum_state_proportional_to_solution,not_comparable_to_classical_full_vector,13.5727305,1,13.5727305,Raw QDK estimate prepares a quantum state; it does not emit x as classical data.,sparse_cg_n2000_k100_tol1e-04,sparse_iterative,scipy.sparse.linalg.cg,100,100.0,0.0001,0.0019162000098731369,9.597792262814296e-05,48.0,7083.149165049107,not_apples_to_apples_against_full_vector_classical_output
hhl_s1_fixed_m,2000,4,maj_e6_floquet,0.0001,state_preparation_only,quantum_state_proportional_to_solution,not_comparable_to_classical_full_vector,13.5727305,1,13.5727305,Raw QDK estimate prepares a quantum state; it does not emit x as classical data.,dense_cholesky_n2000_k1000,dense_direct,scipy.linalg.solve_assume_pos,1000,999.9999999999999,0.0001,0.18401830000220798,1.2293580817579675e-14,,73.75750400822714,not_apples_to_apples_against_full_vector_classical_output
hhl_s1_fixed_m,2000,4,maj_e6_floquet,0.0001,state_preparation_only,quantum_state_proportional_to_solution,not_comparable_to_classical_full_vector,13.5727305,1,13.5727305,Raw QDK estimate prepares a quantum state; it does not emit x as classical data.,sparse_cg_n2000_k1000_tol1e-04,sparse_iterative,scipy.sparse.linalg.cg,1000,999.9999999999999,0.0001,0.00479819999600295,9.327794447445907e-05,152.0,2828.712957214478,not_apples_to_apples_against_full_vector_classical_output
hhl_s1_fixed_m,2000,4,maj_e6_floquet,0.0001,single_scalar_observable_sampling,one bounded scalar observable to additive error about 0.01,conditionally_comparable_only_if_classical_task_is_same_scalar_observable,13.5727305,10000,135727.305,Uses plain 1/error^2 measurement sampling for a bounded observable; amplitude-estimation variants are not modeled.,dense_cholesky_n2000_k100,dense_direct,scipy.linalg.solve_assume_pos,100,100.0,0.0001,0.1843388999986928,1.9567243187360306e-15,,736292.2584487727,apples_to_apples_only_for_same_scalar_observable_task
hhl_s1_fixed_m,2000,4,maj_e6_floquet,0.0001,single_scalar_observable_sampling,one bounded scalar observable to additive error about 0.01,conditionally_comparable_only_if_classical_task_is_same_scalar_observable,13.5727305,10000,135727.305,Uses plain 1/error^2 measurement sampling for a bounded observable; amplitude-estimation variants are not modeled.,sparse_cg_n2000_k100_tol1e-04,sparse_iterative,scipy.sparse.linalg.cg,100,100.0,0.0001,0.0019162000098731369,9.597792262814296e-05,48.0,70831491.65049106,apples_to_apples_only_for_same_scalar_observable_task
hhl_s1_fixed_m,2000,4,maj_e6_floquet,0.0001,single_scalar_observable_sampling,one bounded scalar observable to additive error about 0.01,conditionally_comparable_only_if_classical_task_is_same_scalar_observable,13.5727305,10000,135727.305,Uses plain 1/error^2 measurement sampling for a bounded observable; amplitude-estimation variants are not modeled.,dense_cholesky_n2000_k1000,dense_direct,scipy.linalg.solve_assume_pos,1000,999.9999999999999,0.0001,0.18401830000220798,1.2293580817579675e-14,,737575.0400822714,apples_to_apples_only_for_same_scalar_observable_task
hhl_s1_fixed_m,2000,4,maj_e6_floquet,0.0001,single_scalar_observable_sampling,one bounded scalar observable to additive error about 0.01,conditionally_comparable_only_if_classical_task_is_same_scalar_observable,13.5727305,10000,135727.305,Uses plain 1/error^2 measurement sampling for a bounded observable; amplitude-estimation variants are not modeled.,sparse_cg_n2000_k1000_tol1e-04,sparse_iterative,scipy.sparse.linalg.cg,1000,999.9999999999999,0.0001,0.00479819999600295,9.327794447445907e-05,152.0,28287129.572144777,apples_to_apples_only_for_same_scalar_observable_task
hhl_s1_fixed_m,2000,4,maj_e6_floquet,0.0001,full_vector_readout_lower_bound,full classical solution vector lower-bound readout,lower_bound_not_sufficient_for_vector_accuracy,13.5727305,2000,27145.461,At least O(N) state preparations are needed to emit N classical coordinates; signs/amplitudes require more.,dense_cholesky_n2000_k100,dense_direct,scipy.linalg.solve_assume_pos,100,100.0,0.0001,0.1843388999986928,1.9567243187360306e-15,,147258.45168975455,minimum_readout_charge_added_but_still_not_full_accuracy_tomography
hhl_s1_fixed_m,2000,4,maj_e6_floquet,0.0001,full_vector_readout_lower_bound,full classical solution vector lower-bound readout,lower_bound_not_sufficient_for_vector_accuracy,13.5727305,2000,27145.461,At least O(N) state preparations are needed to emit N classical coordinates; signs/amplitudes require more.,sparse_cg_n2000_k100_tol1e-04,sparse_iterative,scipy.sparse.linalg.cg,100,100.0,0.0001,0.0019162000098731369,9.597792262814296e-05,48.0,14166298.330098214,minimum_readout_charge_added_but_still_not_full_accuracy_tomography
hhl_s1_fixed_m,2000,4,maj_e6_floquet,0.0001,full_vector_readout_lower_bound,full classical solution vector lower-bound readout,lower_bound_not_sufficient_for_vector_accuracy,13.5727305,2000,27145.461,At least O(N) state preparations are needed to emit N classical coordinates; signs/amplitudes require more.,dense_cholesky_n2000_k1000,dense_direct,scipy.linalg.solve_assume_pos,1000,999.9999999999999,0.0001,0.18401830000220798,1.2293580817579675e-14,,147515.0080164543,minimum_readout_charge_added_but_still_not_full_accuracy_tomography
hhl_s1_fixed_m,2000,4,maj_e6_floquet,0.0001,full_vector_readout_lower_bound,full classical solution vector lower-bound readout,lower_bound_not_sufficient_for_vector_accuracy,13.5727305,2000,27145.461,At least O(N) state preparations are needed to emit N classical coordinates; signs/amplitudes require more.,sparse_cg_n2000_k1000_tol1e-04,sparse_iterative,scipy.sparse.linalg.cg,1000,999.9999999999999,0.0001,0.00479819999600295,9.327794447445907e-05,152.0,5657425.914428956,minimum_readout_charge_added_but_still_not_full_accuracy_tomography
hhl_s1_fixed_m,2000,4,maj_e6_floquet,0.0001,full_vector_tomography_proxy,full classical solution vector tomography-style proxy at amplitude error about 0.01,rough_proxy_for_full_vector_output,13.5727305,20000000,271454610.0,Uses N/error^2 repetitions as a simple tomography-scale proxy; constants and algorithmic improvements are not modeled.,dense_cholesky_n2000_k100,dense_direct,scipy.linalg.solve_assume_pos,100,100.0,0.0001,0.1843388999986928,1.9567243187360306e-15,,1472584516.8975456,rough_full_vector_output_proxy_not_a_theorem
hhl_s1_fixed_m,2000,4,maj_e6_floquet,0.0001,full_vector_tomography_proxy,full classical solution vector tomography-style proxy at amplitude error about 0.01,rough_proxy_for_full_vector_output,13.5727305,20000000,271454610.0,Uses N/error^2 repetitions as a simple tomography-scale proxy; constants and algorithmic improvements are not modeled.,sparse_cg_n2000_k100_tol1e-04,sparse_iterative,scipy.sparse.linalg.cg,100,100.0,0.0001,0.0019162000098731369,9.597792262814296e-05,48.0,141662983300.98215,rough_full_vector_output_proxy_not_a_theorem
hhl_s1_fixed_m,2000,4,maj_e6_floquet,0.0001,full_vector_tomography_proxy,full classical solution vector tomography-style proxy at amplitude error about 0.01,rough_proxy_for_full_vector_output,13.5727305,20000000,271454610.0,Uses N/error^2 repetitions as a simple tomography-scale proxy; constants and algorithmic improvements are not modeled.,dense_cholesky_n2000_k1000,dense_direct,scipy.linalg.solve_assume_pos,1000,999.9999999999999,0.0001,0.18401830000220798,1.2293580817579675e-14,,1475150080.164543,rough_full_vector_output_proxy_not_a_theorem
hhl_s1_fixed_m,2000,4,maj_e6_floquet,0.0001,full_vector_tomography_proxy,full classical solution vector tomography-style proxy at amplitude error about 0.01,rough_proxy_for_full_vector_output,13.5727305,20000000,271454610.0,Uses N/error^2 repetitions as a simple tomography-scale proxy; constants and algorithmic improvements are not modeled.,sparse_cg_n2000_k1000_tol1e-04,sparse_iterative,scipy.sparse.linalg.cg,1000,999.9999999999999,0.0001,0.00479819999600295,9.327794447445907e-05,152.0,56574259144.28956,rough_full_vector_output_proxy_not_a_theorem
hhl_s1_fixed_m,2000,6,maj_e6_floquet,0.0001,state_preparation_only,quantum_state_proportional_to_solution,not_comparable_to_classical_full_vector,59.61370170000001,1,59.61370170000001,Raw QDK estimate prepares a quantum state; it does not emit x as classical data.,dense_cholesky_n2000_k100,dense_direct,scipy.linalg.solve_assume_pos,100,100.0,0.0001,0.1843388999986928,1.9567243187360306e-15,,323.3918706275384,not_apples_to_apples_against_full_vector_classical_output
hhl_s1_fixed_m,2000,6,maj_e6_floquet,0.0001,state_preparation_only,quantum_state_proportional_to_solution,not_comparable_to_classical_full_vector,59.61370170000001,1,59.61370170000001,Raw QDK estimate prepares a quantum state; it does not emit x as classical data.,sparse_cg_n2000_k100_tol1e-04,sparse_iterative,scipy.sparse.linalg.cg,100,100.0,0.0001,0.0019162000098731369,9.597792262814296e-05,48.0,31110.37542680462,not_apples_to_apples_against_full_vector_classical_output
hhl_s1_fixed_m,2000,6,maj_e6_floquet,0.0001,state_preparation_only,quantum_state_proportional_to_solution,not_comparable_to_classical_full_vector,59.61370170000001,1,59.61370170000001,Raw QDK estimate prepares a quantum state; it does not emit x as classical data.,dense_cholesky_n2000_k1000,dense_direct,scipy.linalg.solve_assume_pos,1000,999.9999999999999,0.0001,0.18401830000220798,1.2293580817579675e-14,,323.95528976892365,not_apples_to_apples_against_full_vector_classical_output
hhl_s1_fixed_m,2000,6,maj_e6_floquet,0.0001,state_preparation_only,quantum_state_proportional_to_solution,not_comparable_to_classical_full_vector,59.61370170000001,1,59.61370170000001,Raw QDK estimate prepares a quantum state; it does not emit x as classical data.,sparse_cg_n2000_k1000_tol1e-04,sparse_iterative,scipy.sparse.linalg.cg,1000,999.9999999999999,0.0001,0.00479819999600295,9.327794447445907e-05,152.0,12424.180265445391,not_apples_to_apples_against_full_vector_classical_output
hhl_s1_fixed_m,2000,6,maj_e6_floquet,0.0001,single_scalar_observable_sampling,one bounded scalar observable to additive error about 0.01,conditionally_comparable_only_if_classical_task_is_same_scalar_observable,59.61370170000001,10000,596137.0170000001,Uses plain 1/error^2 measurement sampling for a bounded observable; amplitude-estimation variants are not modeled.,dense_cholesky_n2000_k100,dense_direct,scipy.linalg.solve_assume_pos,100,100.0,0.0001,0.1843388999986928,1.9567243187360306e-15,,3233918.7062753844,apples_to_apples_only_for_same_scalar_observable_task
hhl_s1_fixed_m,2000,6,maj_e6_floquet,0.0001,single_scalar_observable_sampling,one bounded scalar observable to additive error about 0.01,conditionally_comparable_only_if_classical_task_is_same_scalar_observable,59.61370170000001,10000,596137.0170000001,Uses plain 1/error^2 measurement sampling for a bounded observable; amplitude-estimation variants are not modeled.,sparse_cg_n2000_k100_tol1e-04,sparse_iterative,scipy.sparse.linalg.cg,100,100.0,0.0001,0.0019162000098731369,9.597792262814296e-05,48.0,311103754.2680462,apples_to_apples_only_for_same_scalar_observable_task
hhl_s1_fixed_m,2000,6,maj_e6_floquet,0.0001,single_scalar_observable_sampling,one bounded scalar observable to additive error about 0.01,conditionally_comparable_only_if_classical_task_is_same_scalar_observable,59.61370170000001,10000,596137.0170000001,Uses plain 1/error^2 measurement sampling for a bounded observable; amplitude-estimation variants are not modeled.,dense_cholesky_n2000_k1000,dense_direct,scipy.linalg.solve_assume_pos,1000,999.9999999999999,0.0001,0.18401830000220798,1.2293580817579675e-14,,3239552.897689237,apples_to_apples_only_for_same_scalar_observable_task
hhl_s1_fixed_m,2000,6,maj_e6_floquet,0.0001,single_scalar_observable_sampling,one bounded scalar observable to additive error about 0.01,conditionally_comparable_only_if_classical_task_is_same_scalar_observable,59.61370170000001,10000,596137.0170000001,Uses plain 1/error^2 measurement sampling for a bounded observable; amplitude-estimation variants are not modeled.,sparse_cg_n2000_k1000_tol1e-04,sparse_iterative,scipy.sparse.linalg.cg,1000,999.9999999999999,0.0001,0.00479819999600295,9.327794447445907e-05,152.0,124241802.65445393,apples_to_apples_only_for_same_scalar_observable_task
hhl_s1_fixed_m,2000,6,maj_e6_floquet,0.0001,full_vector_readout_lower_bound,full classical solution vector lower-bound readout,lower_bound_not_sufficient_for_vector_accuracy,59.61370170000001,2000,119227.40340000001,At least O(N) state preparations are needed to emit N classical coordinates; signs/amplitudes require more.,dense_cholesky_n2000_k100,dense_direct,scipy.linalg.solve_assume_pos,100,100.0,0.0001,0.1843388999986928,1.9567243187360306e-15,,646783.7412550768,minimum_readout_charge_added_but_still_not_full_accuracy_tomography
hhl_s1_fixed_m,2000,6,maj_e6_floquet,0.0001,full_vector_readout_lower_bound,full classical solution vector lower-bound readout,lower_bound_not_sufficient_for_vector_accuracy,59.61370170000001,2000,119227.40340000001,At least O(N) state preparations are needed to emit N classical coordinates; signs/amplitudes require more.,sparse_cg_n2000_k100_tol1e-04,sparse_iterative,scipy.sparse.linalg.cg,100,100.0,0.0001,0.0019162000098731369,9.597792262814296e-05,48.0,62220750.853609234,minimum_readout_charge_added_but_still_not_full_accuracy_tomography
hhl_s1_fixed_m,2000,6,maj_e6_floquet,0.0001,full_vector_readout_lower_bound,full classical solution vector lower-bound readout,lower_bound_not_sufficient_for_vector_accuracy,59.61370170000001,2000,119227.40340000001,At least O(N) state preparations are needed to emit N classical coordinates; signs/amplitudes require more.,dense_cholesky_n2000_k1000,dense_direct,scipy.linalg.solve_assume_pos,1000,999.9999999999999,0.0001,0.18401830000220798,1.2293580817579675e-14,,647910.5795378472,minimum_readout_charge_added_but_still_not_full_accuracy_tomography
hhl_s1_fixed_m,2000,6,maj_e6_floquet,0.0001,full_vector_readout_lower_bound,full classical solution vector lower-bound readout,lower_bound_not_sufficient_for_vector_accuracy,59.61370170000001,2000,119227.40340000001,At least O(N) state preparations are needed to emit N classical coordinates; signs/amplitudes require more.,sparse_cg_n2000_k1000_tol1e-04,sparse_iterative,scipy.sparse.linalg.cg,1000,999.9999999999999,0.0001,0.00479819999600295,9.327794447445907e-05,152.0,24848360.53089078,minimum_readout_charge_added_but_still_not_full_accuracy_tomography
hhl_s1_fixed_m,2000,6,maj_e6_floquet,0.0001,full_vector_tomography_proxy,full classical solution vector tomography-style proxy at amplitude error about 0.01,rough_proxy_for_full_vector_output,59.61370170000001,20000000,1192274034.0000002,Uses N/error^2 repetitions as a simple tomography-scale proxy; constants and algorithmic improvements are not modeled.,dense_cholesky_n2000_k100,dense_direct,scipy.linalg.solve_assume_pos,100,100.0,0.0001,0.1843388999986928,1.9567243187360306e-15,,6467837412.55077,rough_full_vector_output_proxy_not_a_theorem
hhl_s1_fixed_m,2000,6,maj_e6_floquet,0.0001,full_vector_tomography_proxy,full classical solution vector tomography-style proxy at amplitude error about 0.01,rough_proxy_for_full_vector_output,59.61370170000001,20000000,1192274034.0000002,Uses N/error^2 repetitions as a simple tomography-scale proxy; constants and algorithmic improvements are not modeled.,sparse_cg_n2000_k100_tol1e-04,sparse_iterative,scipy.sparse.linalg.cg,100,100.0,0.0001,0.0019162000098731369,9.597792262814296e-05,48.0,622207508536.0924,rough_full_vector_output_proxy_not_a_theorem
hhl_s1_fixed_m,2000,6,maj_e6_floquet,0.0001,full_vector_tomography_proxy,full classical solution vector tomography-style proxy at amplitude error about 0.01,rough_proxy_for_full_vector_output,59.61370170000001,20000000,1192274034.0000002,Uses N/error^2 repetitions as a simple tomography-scale proxy; constants and algorithmic improvements are not modeled.,dense_cholesky_n2000_k1000,dense_direct,scipy.linalg.solve_assume_pos,1000,999.9999999999999,0.0001,0.18401830000220798,1.2293580817579675e-14,,6479105795.378473,rough_full_vector_output_proxy_not_a_theorem
hhl_s1_fixed_m,2000,6,maj_e6_floquet,0.0001,full_vector_tomography_proxy,full classical solution vector tomography-style proxy at amplitude error about 0.01,rough_proxy_for_full_vector_output,59.61370170000001,20000000,1192274034.0000002,Uses N/error^2 repetitions as a simple tomography-scale proxy; constants and algorithmic improvements are not modeled.,sparse_cg_n2000_k1000_tol1e-04,sparse_iterative,scipy.sparse.linalg.cg,1000,999.9999999999999,0.0001,0.00479819999600295,9.327794447445907e-05,152.0,248483605308.90787,rough_full_vector_output_proxy_not_a_theorem
hhl_s1_fixed_m,5000,4,maj_e6_floquet,0.0001,state_preparation_only,quantum_state_proportional_to_solution,not_comparable_to_classical_full_vector,35.2329789,1,35.2329789,Raw QDK estimate prepares a quantum state; it does not emit x as classical data.,dense_cholesky_n5000_k100,dense_direct,scipy.linalg.solve_assume_pos,100,100.0,0.0001,2.0019505999953253,1.1105287628522747e-15,,17.599324828535863,not_apples_to_apples_against_full_vector_classical_output
hhl_s1_fixed_m,5000,4,maj_e6_floquet,0.0001,state_preparation_only,quantum_state_proportional_to_solution,not_comparable_to_classical_full_vector,35.2329789,1,35.2329789,Raw QDK estimate prepares a quantum state; it does not emit x as classical data.,sparse_cg_n5000_k100_tol1e-04,sparse_iterative,scipy.sparse.linalg.cg,100,100.0,0.0001,0.0033279999915976077,9.55132683628695e-05,48.0,10586.832628892644,not_apples_to_apples_against_full_vector_classical_output
hhl_s1_fixed_m,5000,4,maj_e6_floquet,0.0001,state_preparation_only,quantum_state_proportional_to_solution,not_comparable_to_classical_full_vector,35.2329789,1,35.2329789,Raw QDK estimate prepares a quantum state; it does not emit x as classical data.,dense_cholesky_n5000_k1000,dense_direct,scipy.linalg.solve_assume_pos,1000,1000.0,0.0001,1.8767863999964902,7.74899203903233e-15,,18.773036132436747,not_apples_to_apples_against_full_vector_classical_output
hhl_s1_fixed_m,5000,4,maj_e6_floquet,0.0001,state_preparation_only,quantum_state_proportional_to_solution,not_comparable_to_classical_full_vector,35.2329789,1,35.2329789,Raw QDK estimate prepares a quantum state; it does not emit x as classical data.,sparse_cg_n5000_k1000_tol1e-04,sparse_iterative,scipy.sparse.linalg.cg,1000,1000.0,0.0001,0.007358999995631166,9.91475186980288e-05,150.0,4787.740035455475,not_apples_to_apples_against_full_vector_classical_output
hhl_s1_fixed_m,5000,4,maj_e6_floquet,0.0001,single_scalar_observable_sampling,one bounded scalar observable to additive error about 0.01,conditionally_comparable_only_if_classical_task_is_same_scalar_observable,35.2329789,10000,352329.789,Uses plain 1/error^2 measurement sampling for a bounded observable; amplitude-estimation variants are not modeled.,dense_cholesky_n5000_k100,dense_direct,scipy.linalg.solve_assume_pos,100,100.0,0.0001,2.0019505999953253,1.1105287628522747e-15,,175993.24828535863,apples_to_apples_only_for_same_scalar_observable_task
hhl_s1_fixed_m,5000,4,maj_e6_floquet,0.0001,single_scalar_observable_sampling,one bounded scalar observable to additive error about 0.01,conditionally_comparable_only_if_classical_task_is_same_scalar_observable,35.2329789,10000,352329.789,Uses plain 1/error^2 measurement sampling for a bounded observable; amplitude-estimation variants are not modeled.,sparse_cg_n5000_k100_tol1e-04,sparse_iterative,scipy.sparse.linalg.cg,100,100.0,0.0001,0.0033279999915976077,9.55132683628695e-05,48.0,105868326.28892644,apples_to_apples_only_for_same_scalar_observable_task
hhl_s1_fixed_m,5000,4,maj_e6_floquet,0.0001,single_scalar_observable_sampling,one bounded scalar observable to additive error about 0.01,conditionally_comparable_only_if_classical_task_is_same_scalar_observable,35.2329789,10000,352329.789,Uses plain 1/error^2 measurement sampling for a bounded observable; amplitude-estimation variants are not modeled.,dense_cholesky_n5000_k1000,dense_direct,scipy.linalg.solve_assume_pos,1000,1000.0,0.0001,1.8767863999964902,7.74899203903233e-15,,187730.3613243675,apples_to_apples_only_for_same_scalar_observable_task
hhl_s1_fixed_m,5000,4,maj_e6_floquet,0.0001,single_scalar_observable_sampling,one bounded scalar observable to additive error about 0.01,conditionally_comparable_only_if_classical_task_is_same_scalar_observable,35.2329789,10000,352329.789,Uses plain 1/error^2 measurement sampling for a bounded observable; amplitude-estimation variants are not modeled.,sparse_cg_n5000_k1000_tol1e-04,sparse_iterative,scipy.sparse.linalg.cg,1000,1000.0,0.0001,0.007358999995631166,9.91475186980288e-05,150.0,47877400.35455475,apples_to_apples_only_for_same_scalar_observable_task
hhl_s1_fixed_m,5000,4,maj_e6_floquet,0.0001,full_vector_readout_lower_bound,full classical solution vector lower-bound readout,lower_bound_not_sufficient_for_vector_accuracy,35.2329789,5000,176164.8945,At least O(N) state preparations are needed to emit N classical coordinates; signs/amplitudes require more.,dense_cholesky_n5000_k100,dense_direct,scipy.linalg.solve_assume_pos,100,100.0,0.0001,2.0019505999953253,1.1105287628522747e-15,,87996.62414267931,minimum_readout_charge_added_but_still_not_full_accuracy_tomography
hhl_s1_fixed_m,5000,4,maj_e6_floquet,0.0001,full_vector_readout_lower_bound,full classical solution vector lower-bound readout,lower_bound_not_sufficient_for_vector_accuracy,35.2329789,5000,176164.8945,At least O(N) state preparations are needed to emit N classical coordinates; signs/amplitudes require more.,sparse_cg_n5000_k100_tol1e-04,sparse_iterative,scipy.sparse.linalg.cg,100,100.0,0.0001,0.0033279999915976077,9.55132683628695e-05,48.0,52934163.14446322,minimum_readout_charge_added_but_still_not_full_accuracy_tomography
hhl_s1_fixed_m,5000,4,maj_e6_floquet,0.0001,full_vector_readout_lower_bound,full classical solution vector lower-bound readout,lower_bound_not_sufficient_for_vector_accuracy,35.2329789,5000,176164.8945,At least O(N) state preparations are needed to emit N classical coordinates; signs/amplitudes require more.,dense_cholesky_n5000_k1000,dense_direct,scipy.linalg.solve_assume_pos,1000,1000.0,0.0001,1.8767863999964902,7.74899203903233e-15,,93865.18066218375,minimum_readout_charge_added_but_still_not_full_accuracy_tomography
hhl_s1_fixed_m,5000,4,maj_e6_floquet,0.0001,full_vector_readout_lower_bound,full classical solution vector lower-bound readout,lower_bound_not_sufficient_for_vector_accuracy,35.2329789,5000,176164.8945,At least O(N) state preparations are needed to emit N classical coordinates; signs/amplitudes require more.,sparse_cg_n5000_k1000_tol1e-04,sparse_iterative,scipy.sparse.linalg.cg,1000,1000.0,0.0001,0.007358999995631166,9.91475186980288e-05,150.0,23938700.177277375,minimum_readout_charge_added_but_still_not_full_accuracy_tomography
hhl_s1_fixed_m,5000,4,maj_e6_floquet,0.0001,full_vector_tomography_proxy,full classical solution vector tomography-style proxy at amplitude error about 0.01,rough_proxy_for_full_vector_output,35.2329789,50000000,1761648945.0,Uses N/error^2 repetitions as a simple tomography-scale proxy; constants and algorithmic improvements are not modeled.,dense_cholesky_n5000_k100,dense_direct,scipy.linalg.solve_assume_pos,100,100.0,0.0001,2.0019505999953253,1.1105287628522747e-15,,879966241.4267932,rough_full_vector_output_proxy_not_a_theorem
hhl_s1_fixed_m,5000,4,maj_e6_floquet,0.0001,full_vector_tomography_proxy,full classical solution vector tomography-style proxy at amplitude error about 0.01,rough_proxy_for_full_vector_output,35.2329789,50000000,1761648945.0,Uses N/error^2 repetitions as a simple tomography-scale proxy; constants and algorithmic improvements are not modeled.,sparse_cg_n5000_k100_tol1e-04,sparse_iterative,scipy.sparse.linalg.cg,100,100.0,0.0001,0.0033279999915976077,9.55132683628695e-05,48.0,529341631444.6322,rough_full_vector_output_proxy_not_a_theorem
hhl_s1_fixed_m,5000,4,maj_e6_floquet,0.0001,full_vector_tomography_proxy,full classical solution vector tomography-style proxy at amplitude error about 0.01,rough_proxy_for_full_vector_output,35.2329789,50000000,1761648945.0,Uses N/error^2 repetitions as a simple tomography-scale proxy; constants and algorithmic improvements are not modeled.,dense_cholesky_n5000_k1000,dense_direct,scipy.linalg.solve_assume_pos,1000,1000.0,0.0001,1.8767863999964902,7.74899203903233e-15,,938651806.6218375,rough_full_vector_output_proxy_not_a_theorem
hhl_s1_fixed_m,5000,4,maj_e6_floquet,0.0001,full_vector_tomography_proxy,full classical solution vector tomography-style proxy at amplitude error about 0.01,rough_proxy_for_full_vector_output,35.2329789,50000000,1761648945.0,Uses N/error^2 repetitions as a simple tomography-scale proxy; constants and algorithmic improvements are not modeled.,sparse_cg_n5000_k1000_tol1e-04,sparse_iterative,scipy.sparse.linalg.cg,1000,1000.0,0.0001,0.007358999995631166,9.91475186980288e-05,150.0,239387001772.77377,rough_full_vector_output_proxy_not_a_theorem
hhl_s2_fixed_m,2000,4,maj_e6_floquet,0.0001,state_preparation_only,quantum_state_proportional_to_solution,not_comparable_to_classical_full_vector,28.7127309,1,28.7127309,Raw QDK estimate prepares a quantum state; it does not emit x as classical data.,dense_cholesky_n2000_k100,dense_direct,scipy.linalg.solve_assume_pos,100,100.0,0.0001,0.1843388999986928,1.9567243187360306e-15,,155.76056328969963,not_apples_to_apples_against_full_vector_classical_output
hhl_s2_fixed_m,2000,4,maj_e6_floquet,0.0001,state_preparation_only,quantum_state_proportional_to_solution,not_comparable_to_classical_full_vector,28.7127309,1,28.7127309,Raw QDK estimate prepares a quantum state; it does not emit x as classical data.,sparse_cg_n2000_k100_tol1e-04,sparse_iterative,scipy.sparse.linalg.cg,100,100.0,0.0001,0.0019162000098731369,9.597792262814296e-05,48.0,14984.203502796632,not_apples_to_apples_against_full_vector_classical_output
hhl_s2_fixed_m,2000,4,maj_e6_floquet,0.0001,state_preparation_only,quantum_state_proportional_to_solution,not_comparable_to_classical_full_vector,28.7127309,1,28.7127309,Raw QDK estimate prepares a quantum state; it does not emit x as classical data.,dense_cholesky_n2000_k1000,dense_direct,scipy.linalg.solve_assume_pos,1000,999.9999999999999,0.0001,0.18401830000220798,1.2293580817579675e-14,,156.03193214835417,not_apples_to_apples_against_full_vector_classical_output
hhl_s2_fixed_m,2000,4,maj_e6_floquet,0.0001,state_preparation_only,quantum_state_proportional_to_solution,not_comparable_to_classical_full_vector,28.7127309,1,28.7127309,Raw QDK estimate prepares a quantum state; it does not emit x as classical data.,sparse_cg_n2000_k1000_tol1e-04,sparse_iterative,scipy.sparse.linalg.cg,1000,999.9999999999999,0.0001,0.00479819999600295,9.327794447445907e-05,152.0,5984.062966095327,not_apples_to_apples_against_full_vector_classical_output
hhl_s2_fixed_m,2000,4,maj_e6_floquet,0.0001,single_scalar_observable_sampling,one bounded scalar observable to additive error about 0.01,conditionally_comparable_only_if_classical_task_is_same_scalar_observable,28.7127309,10000,287127.309,Uses plain 1/error^2 measurement sampling for a bounded observable; amplitude-estimation variants are not modeled.,dense_cholesky_n2000_k100,dense_direct,scipy.linalg.solve_assume_pos,100,100.0,0.0001,0.1843388999986928,1.9567243187360306e-15,,1557605.6328969963,apples_to_apples_only_for_same_scalar_observable_task
hhl_s2_fixed_m,2000,4,maj_e6_floquet,0.0001,single_scalar_observable_sampling,one bounded scalar observable to additive error about 0.01,conditionally_comparable_only_if_classical_task_is_same_scalar_observable,28.7127309,10000,287127.309,Uses plain 1/error^2 measurement sampling for a bounded observable; amplitude-estimation variants are not modeled.,sparse_cg_n2000_k100_tol1e-04,sparse_iterative,scipy.sparse.linalg.cg,100,100.0,0.0001,0.0019162000098731369,9.597792262814296e-05,48.0,149842035.02796632,apples_to_apples_only_for_same_scalar_observable_task
hhl_s2_fixed_m,2000,4,maj_e6_floquet,0.0001,single_scalar_observable_sampling,one bounded scalar observable to additive error about 0.01,conditionally_comparable_only_if_classical_task_is_same_scalar_observable,28.7127309,10000,287127.309,Uses plain 1/error^2 measurement sampling for a bounded observable; amplitude-estimation variants are not modeled.,dense_cholesky_n2000_k1000,dense_direct,scipy.linalg.solve_assume_pos,1000,999.9999999999999,0.0001,0.18401830000220798,1.2293580817579675e-14,,1560319.321483542,apples_to_apples_only_for_same_scalar_observable_task
hhl_s2_fixed_m,2000,4,maj_e6_floquet,0.0001,single_scalar_observable_sampling,one bounded scalar observable to additive error about 0.01,conditionally_comparable_only_if_classical_task_is_same_scalar_observable,28.7127309,10000,287127.309,Uses plain 1/error^2 measurement sampling for a bounded observable; amplitude-estimation variants are not modeled.,sparse_cg_n2000_k1000_tol1e-04,sparse_iterative,scipy.sparse.linalg.cg,1000,999.9999999999999,0.0001,0.00479819999600295,9.327794447445907e-05,152.0,59840629.660953276,apples_to_apples_only_for_same_scalar_observable_task
hhl_s2_fixed_m,2000,4,maj_e6_floquet,0.0001,full_vector_readout_lower_bound,full classical solution vector lower-bound readout,lower_bound_not_sufficient_for_vector_accuracy,28.7127309,2000,57425.4618,At least O(N) state preparations are needed to emit N classical coordinates; signs/amplitudes require more.,dense_cholesky_n2000_k100,dense_direct,scipy.linalg.solve_assume_pos,100,100.0,0.0001,0.1843388999986928,1.9567243187360306e-15,,311521.1265793992,minimum_readout_charge_added_but_still_not_full_accuracy_tomography
hhl_s2_fixed_m,2000,4,maj_e6_floquet,0.0001,full_vector_readout_lower_bound,full classical solution vector lower-bound readout,lower_bound_not_sufficient_for_vector_accuracy,28.7127309,2000,57425.4618,At least O(N) state preparations are needed to emit N classical coordinates; signs/amplitudes require more.,sparse_cg_n2000_k100_tol1e-04,sparse_iterative,scipy.sparse.linalg.cg,100,100.0,0.0001,0.0019162000098731369,9.597792262814296e-05,48.0,29968407.005593263,minimum_readout_charge_added_but_still_not_full_accuracy_tomography
hhl_s2_fixed_m,2000,4,maj_e6_floquet,0.0001,full_vector_readout_lower_bound,full classical solution vector lower-bound readout,lower_bound_not_sufficient_for_vector_accuracy,28.7127309,2000,57425.4618,At least O(N) state preparations are needed to emit N classical coordinates; signs/amplitudes require more.,dense_cholesky_n2000_k1000,dense_direct,scipy.linalg.solve_assume_pos,1000,999.9999999999999,0.0001,0.18401830000220798,1.2293580817579675e-14,,312063.8642967084,minimum_readout_charge_added_but_still_not_full_accuracy_tomography
hhl_s2_fixed_m,2000,4,maj_e6_floquet,0.0001,full_vector_readout_lower_bound,full classical solution vector lower-bound readout,lower_bound_not_sufficient_for_vector_accuracy,28.7127309,2000,57425.4618,At least O(N) state preparations are needed to emit N classical coordinates; signs/amplitudes require more.,sparse_cg_n2000_k1000_tol1e-04,sparse_iterative,scipy.sparse.linalg.cg,1000,999.9999999999999,0.0001,0.00479819999600295,9.327794447445907e-05,152.0,11968125.932190655,minimum_readout_charge_added_but_still_not_full_accuracy_tomography
hhl_s2_fixed_m,2000,4,maj_e6_floquet,0.0001,full_vector_tomography_proxy,full classical solution vector tomography-style proxy at amplitude error about 0.01,rough_proxy_for_full_vector_output,28.7127309,20000000,574254618.0,Uses N/error^2 repetitions as a simple tomography-scale proxy; constants and algorithmic improvements are not modeled.,dense_cholesky_n2000_k100,dense_direct,scipy.linalg.solve_assume_pos,100,100.0,0.0001,0.1843388999986928,1.9567243187360306e-15,,3115211265.7939925,rough_full_vector_output_proxy_not_a_theorem
hhl_s2_fixed_m,2000,4,maj_e6_floquet,0.0001,full_vector_tomography_proxy,full classical solution vector tomography-style proxy at amplitude error about 0.01,rough_proxy_for_full_vector_output,28.7127309,20000000,574254618.0,Uses N/error^2 repetitions as a simple tomography-scale proxy; constants and algorithmic improvements are not modeled.,sparse_cg_n2000_k100_tol1e-04,sparse_iterative,scipy.sparse.linalg.cg,100,100.0,0.0001,0.0019162000098731369,9.597792262814296e-05,48.0,299684070055.9327,rough_full_vector_output_proxy_not_a_theorem
hhl_s2_fixed_m,2000,4,maj_e6_floquet,0.0001,full_vector_tomography_proxy,full classical solution vector tomography-style proxy at amplitude error about 0.01,rough_proxy_for_full_vector_output,28.7127309,20000000,574254618.0,Uses N/error^2 repetitions as a simple tomography-scale proxy; constants and algorithmic improvements are not modeled.,dense_cholesky_n2000_k1000,dense_direct,scipy.linalg.solve_assume_pos,1000,999.9999999999999,0.0001,0.18401830000220798,1.2293580817579675e-14,,3120638642.9670835,rough_full_vector_output_proxy_not_a_theorem
hhl_s2_fixed_m,2000,4,maj_e6_floquet,0.0001,full_vector_tomography_proxy,full classical solution vector tomography-style proxy at amplitude error about 0.01,rough_proxy_for_full_vector_output,28.7127309,20000000,574254618.0,Uses N/error^2 repetitions as a simple tomography-scale proxy; constants and algorithmic improvements are not modeled.,sparse_cg_n2000_k1000_tol1e-04,sparse_iterative,scipy.sparse.linalg.cg,1000,999.9999999999999,0.0001,0.00479819999600295,9.327794447445907e-05,152.0,119681259321.90656,rough_full_vector_output_proxy_not_a_theorem
hhl_s2_fixed_m,5000,4,maj_e6_floquet,0.0001,state_preparation_only,quantum_state_proportional_to_solution,not_comparable_to_classical_full_vector,71.74707330000001,1,71.74707330000001,Raw QDK estimate prepares a quantum state; it does not emit x as classical data.,dense_cholesky_n5000_k100,dense_direct,scipy.linalg.solve_assume_pos,100,100.0,0.0001,2.0019505999953253,1.1105287628522747e-15,,35.838583279810976,not_apples_to_apples_against_full_vector_classical_output
hhl_s2_fixed_m,5000,4,maj_e6_floquet,0.0001,state_preparation_only,quantum_state_proportional_to_solution,not_comparable_to_classical_full_vector,71.74707330000001,1,71.74707330000001,Raw QDK estimate prepares a quantum state; it does not emit x as classical data.,sparse_cg_n5000_k100_tol1e-04,sparse_iterative,scipy.sparse.linalg.cg,100,100.0,0.0001,0.0033279999915976077,9.55132683628695e-05,48.0,21558.61582967066,not_apples_to_apples_against_full_vector_classical_output
hhl_s2_fixed_m,5000,4,maj_e6_floquet,0.0001,state_preparation_only,quantum_state_proportional_to_solution,not_comparable_to_classical_full_vector,71.74707330000001,1,71.74707330000001,Raw QDK estimate prepares a quantum state; it does not emit x as classical data.,dense_cholesky_n5000_k1000,dense_direct,scipy.linalg.solve_assume_pos,1000,1000.0,0.0001,1.8767863999964902,7.74899203903233e-15,,38.22868350928704,not_apples_to_apples_against_full_vector_classical_output
hhl_s2_fixed_m,5000,4,maj_e6_floquet,0.0001,state_preparation_only,quantum_state_proportional_to_solution,not_comparable_to_classical_full_vector,71.74707330000001,1,71.74707330000001,Raw QDK estimate prepares a quantum state; it does not emit x as classical data.,sparse_cg_n5000_k1000_tol1e-04,sparse_iterative,scipy.sparse.linalg.cg,1000,1000.0,0.0001,0.007358999995631166,9.91475186980288e-05,150.0,9749.568330288661,not_apples_to_apples_against_full_vector_classical_output
hhl_s2_fixed_m,5000,4,maj_e6_floquet,0.0001,single_scalar_observable_sampling,one bounded scalar observable to additive error about 0.01,conditionally_comparable_only_if_classical_task_is_same_scalar_observable,71.74707330000001,10000,717470.7330000001,Uses plain 1/error^2 measurement sampling for a bounded observable; amplitude-estimation variants are not modeled.,dense_cholesky_n5000_k100,dense_direct,scipy.linalg.solve_assume_pos,100,100.0,0.0001,2.0019505999953253,1.1105287628522747e-15,,358385.83279810974,apples_to_apples_only_for_same_scalar_observable_task
hhl_s2_fixed_m,5000,4,maj_e6_floquet,0.0001,single_scalar_observable_sampling,one bounded scalar observable to additive error about 0.01,conditionally_comparable_only_if_classical_task_is_same_scalar_observable,71.74707330000001,10000,717470.7330000001,Uses plain 1/error^2 measurement sampling for a bounded observable; amplitude-estimation variants are not modeled.,sparse_cg_n5000_k100_tol1e-04,sparse_iterative,scipy.sparse.linalg.cg,100,100.0,0.0001,0.0033279999915976077,9.55132683628695e-05,48.0,215586158.29670662,apples_to_apples_only_for_same_scalar_observable_task
hhl_s2_fixed_m,5000,4,maj_e6_floquet,0.0001,single_scalar_observable_sampling,one bounded scalar observable to additive error about 0.01,conditionally_comparable_only_if_classical_task_is_same_scalar_observable,71.74707330000001,10000,717470.7330000001,Uses plain 1/error^2 measurement sampling for a bounded observable; amplitude-estimation variants are not modeled.,dense_cholesky_n5000_k1000,dense_direct,scipy.linalg.solve_assume_pos,1000,1000.0,0.0001,1.8767863999964902,7.74899203903233e-15,,382286.8350928704,apples_to_apples_only_for_same_scalar_observable_task
hhl_s2_fixed_m,5000,4,maj_e6_floquet,0.0001,single_scalar_observable_sampling,one bounded scalar observable to additive error about 0.01,conditionally_comparable_only_if_classical_task_is_same_scalar_observable,71.74707330000001,10000,717470.7330000001,Uses plain 1/error^2 measurement sampling for a bounded observable; amplitude-estimation variants are not modeled.,sparse_cg_n5000_k1000_tol1e-04,sparse_iterative,scipy.sparse.linalg.cg,1000,1000.0,0.0001,0.007358999995631166,9.91475186980288e-05,150.0,97495683.30288662,apples_to_apples_only_for_same_scalar_observable_task
hhl_s2_fixed_m,5000,4,maj_e6_floquet,0.0001,full_vector_readout_lower_bound,full classical solution vector lower-bound readout,lower_bound_not_sufficient_for_vector_accuracy,71.74707330000001,5000,358735.36650000006,At least O(N) state preparations are needed to emit N classical coordinates; signs/amplitudes require more.,dense_cholesky_n5000_k100,dense_direct,scipy.linalg.solve_assume_pos,100,100.0,0.0001,2.0019505999953253,1.1105287628522747e-15,,179192.91639905487,minimum_readout_charge_added_but_still_not_full_accuracy_tomography
hhl_s2_fixed_m,5000,4,maj_e6_floquet,0.0001,full_vector_readout_lower_bound,full classical solution vector lower-bound readout,lower_bound_not_sufficient_for_vector_accuracy,71.74707330000001,5000,358735.36650000006,At least O(N) state preparations are needed to emit N classical coordinates; signs/amplitudes require more.,sparse_cg_n5000_k100_tol1e-04,sparse_iterative,scipy.sparse.linalg.cg,100,100.0,0.0001,0.0033279999915976077,9.55132683628695e-05,48.0,107793079.14835331,minimum_readout_charge_added_but_still_not_full_accuracy_tomography
hhl_s2_fixed_m,5000,4,maj_e6_floquet,0.0001,full_vector_readout_lower_bound,full classical solution vector lower-bound readout,lower_bound_not_sufficient_for_vector_accuracy,71.74707330000001,5000,358735.36650000006,At least O(N) state preparations are needed to emit N classical coordinates; signs/amplitudes require more.,dense_cholesky_n5000_k1000,dense_direct,scipy.linalg.solve_assume_pos,1000,1000.0,0.0001,1.8767863999964902,7.74899203903233e-15,,191143.4175464352,minimum_readout_charge_added_but_still_not_full_accuracy_tomography
hhl_s2_fixed_m,5000,4,maj_e6_floquet,0.0001,full_vector_readout_lower_bound,full classical solution vector lower-bound readout,lower_bound_not_sufficient_for_vector_accuracy,71.74707330000001,5000,358735.36650000006,At least O(N) state preparations are needed to emit N classical coordinates; signs/amplitudes require more.,sparse_cg_n5000_k1000_tol1e-04,sparse_iterative,scipy.sparse.linalg.cg,1000,1000.0,0.0001,0.007358999995631166,9.91475186980288e-05,150.0,48747841.65144331,minimum_readout_charge_added_but_still_not_full_accuracy_tomography
hhl_s2_fixed_m,5000,4,maj_e6_floquet,0.0001,full_vector_tomography_proxy,full classical solution vector tomography-style proxy at amplitude error about 0.01,rough_proxy_for_full_vector_output,71.74707330000001,50000000,3587353665.0000005,Uses N/error^2 repetitions as a simple tomography-scale proxy; constants and algorithmic improvements are not modeled.,dense_cholesky_n5000_k100,dense_direct,scipy.linalg.solve_assume_pos,100,100.0,0.0001,2.0019505999953253,1.1105287628522747e-15,,1791929163.9905486,rough_full_vector_output_proxy_not_a_theorem
hhl_s2_fixed_m,5000,4,maj_e6_floquet,0.0001,full_vector_tomography_proxy,full classical solution vector tomography-style proxy at amplitude error about 0.01,rough_proxy_for_full_vector_output,71.74707330000001,50000000,3587353665.0000005,Uses N/error^2 repetitions as a simple tomography-scale proxy; constants and algorithmic improvements are not modeled.,sparse_cg_n5000_k100_tol1e-04,sparse_iterative,scipy.sparse.linalg.cg,100,100.0,0.0001,0.0033279999915976077,9.55132683628695e-05,48.0,1077930791483.533,rough_full_vector_output_proxy_not_a_theorem
hhl_s2_fixed_m,5000,4,maj_e6_floquet,0.0001,full_vector_tomography_proxy,full classical solution vector tomography-style proxy at amplitude error about 0.01,rough_proxy_for_full_vector_output,71.74707330000001,50000000,3587353665.0000005,Uses N/error^2 repetitions as a simple tomography-scale proxy; constants and algorithmic improvements are not modeled.,dense_cholesky_n5000_k1000,dense_direct,scipy.linalg.solve_assume_pos,1000,1000.0,0.0001,1.8767863999964902,7.74899203903233e-15,,1911434175.464352,rough_full_vector_output_proxy_not_a_theorem
hhl_s2_fixed_m,5000,4,maj_e6_floquet,0.0001,full_vector_tomography_proxy,full classical solution vector tomography-style proxy at amplitude error about 0.01,rough_proxy_for_full_vector_output,71.74707330000001,50000000,3587353665.0000005,Uses N/error^2 repetitions as a simple tomography-scale proxy; constants and algorithmic improvements are not modeled.,sparse_cg_n5000_k1000_tol1e-04,sparse_iterative,scipy.sparse.linalg.cg,1000,1000.0,0.0001,0.007358999995631166,9.91475186980288e-05,150.0,487478416514.43304,rough_full_vector_output_proxy_not_a_theorem
