series_kind,entity_id,m_precision_qubits,scenario_id,classical_algorithm_family,classical_target_kappa,n_value,projected_seconds,projected_repetitions,source_max_success_n,fit_exponent,fit_r2,projection_status
hhl_projection,hhl_s1_fixed_m,4,state_preparation_only,,,20.000000000000004,0.08327949614202725,1.0,10000,1.0965541176759857,0.9981055945156931,inside_observed_success_range
hhl_projection,hhl_s1_fixed_m,4,single_scalar_observable_sampling,,,20.000000000000004,832.7949614202724,10000.0,10000,1.0965541176759857,0.9981055945156931,inside_observed_success_range
hhl_projection,hhl_s1_fixed_m,4,full_vector_readout_lower_bound,,,20.000000000000004,1.6655899228405453,20.000000000000004,10000,1.0965541176759857,0.9981055945156931,inside_observed_success_range
hhl_projection,hhl_s1_fixed_m,4,full_vector_tomography_proxy,,,20.000000000000004,16655.89922840545,200000.00000000003,10000,1.0965541176759857,0.9981055945156931,inside_observed_success_range
hhl_projection,hhl_s1_fixed_m,4,state_preparation_only,,,21.887092786386024,0.09193418841051183,1.0,10000,1.0965541176759857,0.9981055945156931,inside_observed_success_range
hhl_projection,hhl_s1_fixed_m,4,single_scalar_observable_sampling,,,21.887092786386024,919.3418841051183,10000.0,10000,1.0965541176759857,0.9981055945156931,inside_observed_success_range
hhl_projection,hhl_s1_fixed_m,4,full_vector_readout_lower_bound,,,21.887092786386024,2.0121721119819673,21.887092786386024,10000,1.0965541176759857,0.9981055945156931,inside_observed_success_range
hhl_projection,hhl_s1_fixed_m,4,full_vector_tomography_proxy,,,21.887092786386024,20121.72111981967,218870.92786386024,10000,1.0965541176759857,0.9981055945156931,inside_observed_success_range
hhl_projection,hhl_s1_fixed_m,4,state_preparation_only,,,23.952241531993543,0.10148830612862245,1.0,10000,1.0965541176759857,0.9981055945156931,inside_observed_success_range
hhl_projection,hhl_s1_fixed_m,4,single_scalar_observable_sampling,,,23.952241531993543,1014.8830612862245,10000.0,10000,1.0965541176759857,0.9981055945156931,inside_observed_success_range
hhl_projection,hhl_s1_fixed_m,4,full_vector_readout_lower_bound,,,23.952241531993543,2.4308724210656654,23.952241531993543,10000,1.0965541176759857,0.9981055945156931,inside_observed_success_range
hhl_projection,hhl_s1_fixed_m,4,full_vector_tomography_proxy,,,23.952241531993543,24308.724210656652,239522.41531993542,10000,1.0965541176759857,0.9981055945156931,inside_observed_success_range
hhl_projection,hhl_s1_fixed_m,4,state_preparation_only,,,26.212246642633577,0.11203532068902544,1.0,10000,1.0965541176759857,0.9981055945156931,inside_observed_success_range
hhl_projection,hhl_s1_fixed_m,4,single_scalar_observable_sampling,,,26.212246642633577,1120.3532068902543,10000.0,10000,1.0965541176759857,0.9981055945156931,inside_observed_success_range
hhl_projection,hhl_s1_fixed_m,4,full_vector_readout_lower_bound,,,26.212246642633577,2.9366974585872834,26.212246642633577,10000,1.0965541176759857,0.9981055945156931,inside_observed_success_range
hhl_projection,hhl_s1_fixed_m,4,full_vector_tomography_proxy,,,26.212246642633577,29366.97458587283,262122.46642633577,10000,1.0965541176759857,0.9981055945156931,inside_observed_success_range
hhl_projection,hhl_s1_fixed_m,4,state_preparation_only,,,28.685493720347814,0.1236784173536698,1.0,10000,1.0965541176759857,0.9981055945156931,inside_observed_success_range
hhl_projection,hhl_s1_fixed_m,4,single_scalar_observable_sampling,,,28.685493720347814,1236.784173536698,10000.0,10000,1.0965541176759857,0.9981055945156931,inside_observed_success_range
hhl_projection,hhl_s1_fixed_m,4,full_vector_readout_lower_bound,,,28.685493720347814,3.547776464341251,28.685493720347814,10000,1.0965541176759857,0.9981055945156931,inside_observed_success_range
hhl_projection,hhl_s1_fixed_m,4,full_vector_tomography_proxy,,,28.685493720347814,35477.76464341251,286854.9372034781,10000,1.0965541176759857,0.9981055945156931,inside_observed_success_range
hhl_projection,hhl_s1_fixed_m,4,state_preparation_only,,,31.39210313402731,0.13653150475256254,1.0,10000,1.0965541176759857,0.9981055945156931,inside_observed_success_range
hhl_projection,hhl_s1_fixed_m,4,single_scalar_observable_sampling,,,31.39210313402731,1365.3150475256255,10000.0,10000,1.0965541176759857,0.9981055945156931,inside_observed_success_range
hhl_projection,hhl_s1_fixed_m,4,full_vector_readout_lower_bound,,,31.39210313402731,4.286011078236383,31.39210313402731,10000,1.0965541176759857,0.9981055945156931,inside_observed_success_range
hhl_projection,hhl_s1_fixed_m,4,full_vector_tomography_proxy,,,31.39210313402731,42860.11078236383,313921.0313402731,10000,1.0965541176759857,0.9981055945156931,inside_observed_success_range
hhl_projection,hhl_s1_fixed_m,4,state_preparation_only,,,34.35409370271275,0.15072032929313578,1.0,10000,1.0965541176759857,0.9981055945156931,inside_observed_success_range
hhl_projection,hhl_s1_fixed_m,4,single_scalar_observable_sampling,,,34.35409370271275,1507.2032929313577,10000.0,10000,1.0965541176759857,0.9981055945156931,inside_observed_success_range
hhl_projection,hhl_s1_fixed_m,4,full_vector_readout_lower_bound,,,34.35409370271275,5.177860315440109,34.35409370271275,10000,1.0965541176759857,0.9981055945156931,inside_observed_success_range
hhl_projection,hhl_s1_fixed_m,4,full_vector_tomography_proxy,,,34.35409370271275,51778.60315440108,343540.9370271275,10000,1.0965541176759857,0.9981055945156931,inside_observed_success_range
hhl_projection,hhl_s1_fixed_m,4,state_preparation_only,,,37.595561823173675,0.16638370538287742,1.0,10000,1.0965541176759857,0.9981055945156931,inside_observed_success_range
hhl_projection,hhl_s1_fixed_m,4,single_scalar_observable_sampling,,,37.595561823173675,1663.837053828774,10000.0,10000,1.0965541176759857,0.9981055945156931,inside_observed_success_range
hhl_projection,hhl_s1_fixed_m,4,full_vector_readout_lower_bound,,,37.595561823173675,6.2552888820906825,37.595561823173675,10000,1.0965541176759857,0.9981055945156931,inside_observed_success_range
hhl_projection,hhl_s1_fixed_m,4,full_vector_tomography_proxy,,,37.595561823173675,62552.88882090682,375955.6182317367,10000,1.0965541176759857,0.9981055945156931,inside_observed_success_range
hhl_projection,hhl_s1_fixed_m,4,state_preparation_only,,,41.14287749900571,0.18367487350093611,1.0,10000,1.0965541176759857,0.9981055945156931,inside_observed_success_range
hhl_projection,hhl_s1_fixed_m,4,single_scalar_observable_sampling,,,41.14287749900571,1836.748735009361,10000.0,10000,1.0965541176759857,0.9981055945156931,inside_observed_success_range
hhl_projection,hhl_s1_fixed_m,4,full_vector_readout_lower_bound,,,41.14287749900571,7.556912820094384,41.14287749900571,10000,1.0965541176759857,0.9981055945156931,inside_observed_success_range
hhl_projection,hhl_s1_fixed_m,4,full_vector_tomography_proxy,,,41.14287749900571,75569.12820094384,411428.77499005705,10000,1.0965541176759857,0.9981055945156931,inside_observed_success_range
hhl_projection,hhl_s1_fixed_m,4,state_preparation_only,,,45.02489886598256,0.20276299940520914,1.0,10000,1.0965541176759857,0.9981055945156931,inside_observed_success_range
hhl_projection,hhl_s1_fixed_m,4,single_scalar_observable_sampling,,,45.02489886598256,2027.6299940520914,10000.0,10000,1.0965541176759857,0.9981055945156931,inside_observed_success_range
hhl_projection,hhl_s1_fixed_m,4,full_vector_readout_lower_bound,,,45.02489886598256,9.129383541982824,45.02489886598256,10000,1.0965541176759857,0.9981055945156931,inside_observed_success_range
hhl_projection,hhl_s1_fixed_m,4,full_vector_tomography_proxy,,,45.02489886598256,91293.83541982822,450248.9886598255,10000,1.0965541176759857,0.9981055945156931,inside_observed_success_range
hhl_projection,hhl_s1_fixed_m,4,state_preparation_only,,,49.273206958870354,0.2238348291421979,1.0,10000,1.0965541176759857,0.9981055945156931,inside_observed_success_range
hhl_projection,hhl_s1_fixed_m,4,single_scalar_observable_sampling,,,49.273206958870354,2238.348291421979,10000.0,10000,1.0965541176759857,0.9981055945156931,inside_observed_success_range
hhl_projection,hhl_s1_fixed_m,4,full_vector_readout_lower_bound,,,49.273206958870354,11.029059860926903,49.273206958870354,10000,1.0965541176759857,0.9981055945156931,inside_observed_success_range
hhl_projection,hhl_s1_fixed_m,4,full_vector_tomography_proxy,,,49.273206958870354,110290.59860926901,492732.0695887035,10000,1.0965541176759857,0.9981055945156931,inside_observed_success_range
hhl_projection,hhl_s1_fixed_m,4,state_preparation_only,,,53.92236262957984,0.24709651605119137,1.0,10000,1.0965541176759857,0.9981055945156931,inside_observed_success_range
hhl_projection,hhl_s1_fixed_m,4,single_scalar_observable_sampling,,,53.92236262957984,2470.965160511914,10000.0,10000,1.0965541176759857,0.9981055945156931,inside_observed_success_range
hhl_projection,hhl_s1_fixed_m,4,full_vector_readout_lower_bound,,,53.92236262957984,13.324027943018136,53.92236262957984,10000,1.0965541176759857,0.9981055945156931,inside_observed_success_range
hhl_projection,hhl_s1_fixed_m,4,full_vector_tomography_proxy,,,53.92236262957984,133240.27943018134,539223.6262957983,10000,1.0965541176759857,0.9981055945156931,inside_observed_success_range
hhl_projection,hhl_s1_fixed_m,4,state_preparation_only,,,59.01018770673837,0.27277563763702073,1.0,10000,1.0965541176759857,0.9981055945156931,inside_observed_success_range
hhl_projection,hhl_s1_fixed_m,4,single_scalar_observable_sampling,,,59.01018770673837,2727.7563763702074,10000.0,10000,1.0965541176759857,0.9981055945156931,inside_observed_success_range
hhl_projection,hhl_s1_fixed_m,4,full_vector_readout_lower_bound,,,59.01018770673837,16.096541578785843,59.01018770673837,10000,1.0965541176759857,0.9981055945156931,inside_observed_success_range
hhl_projection,hhl_s1_fixed_m,4,full_vector_tomography_proxy,,,59.01018770673837,160965.41578785842,590101.8770673837,10000,1.0965541176759857,0.9981055945156931,inside_observed_success_range
hhl_projection,hhl_s1_fixed_m,4,state_preparation_only,,,64.5780726839719,0.3011234220431838,1.0,10000,1.0965541176759857,0.9981055945156931,inside_observed_success_range
hhl_projection,hhl_s1_fixed_m,4,single_scalar_observable_sampling,,,64.5780726839719,3011.2342204318384,10000.0,10000,1.0965541176759857,0.9981055945156931,inside_observed_success_range
hhl_projection,hhl_s1_fixed_m,4,full_vector_readout_lower_bound,,,64.5780726839719,19.44597023555107,64.5780726839719,10000,1.0965541176759857,0.9981055945156931,inside_observed_success_range
hhl_projection,hhl_s1_fixed_m,4,full_vector_tomography_proxy,,,64.5780726839719,194459.7023555107,645780.726839719,10000,1.0965541176759857,0.9981055945156931,inside_observed_success_range
hhl_projection,hhl_s1_fixed_m,4,state_preparation_only,,,70.67131344000367,0.3324172059077286,1.0,10000,1.0965541176759857,0.9981055945156931,inside_observed_success_range
hhl_projection,hhl_s1_fixed_m,4,single_scalar_observable_sampling,,,70.67131344000367,3324.172059077286,10000.0,10000,1.0965541176759857,0.9981055945156931,inside_observed_success_range
hhl_projection,hhl_s1_fixed_m,4,full_vector_readout_lower_bound,,,70.67131344000367,23.49236055155533,70.67131344000367,10000,1.0965541176759857,0.9981055945156931,inside_observed_success_range
hhl_projection,hhl_s1_fixed_m,4,full_vector_tomography_proxy,,,70.67131344000367,234923.60551555327,706713.1344000367,10000,1.0965541176759857,0.9981055945156931,inside_observed_success_range
hhl_projection,hhl_s1_fixed_m,4,state_preparation_only,,,77.33947972985649,0.3669631476479912,1.0,10000,1.0965541176759857,0.9981055945156931,inside_observed_success_range
hhl_projection,hhl_s1_fixed_m,4,single_scalar_observable_sampling,,,77.33947972985649,3669.631476479912,10000.0,10000,1.0965541176759857,0.9981055945156931,inside_observed_success_range
hhl_projection,hhl_s1_fixed_m,4,full_vector_readout_lower_bound,,,77.33947972985649,28.380738919126152,77.33947972985649,10000,1.0965541176759857,0.9981055945156931,inside_observed_success_range
hhl_projection,hhl_s1_fixed_m,4,full_vector_tomography_proxy,,,77.33947972985649,283807.3891912615,773394.7972985649,10000,1.0965541176759857,0.9981055945156931,inside_observed_success_range
hhl_projection,hhl_s1_fixed_m,4,state_preparation_only,,,84.63681844490951,0.40509922271923654,1.0,10000,1.0965541176759857,0.9981055945156931,inside_observed_success_range
hhl_projection,hhl_s1_fixed_m,4,single_scalar_observable_sampling,,,84.63681844490951,4050.9922271923656,10000.0,10000,1.0965541176759857,0.9981055945156931,inside_observed_success_range
hhl_projection,hhl_s1_fixed_m,4,full_vector_readout_lower_bound,,,84.63681844490951,34.28630936546198,84.63681844490951,10000,1.0965541176759857,0.9981055945156931,inside_observed_success_range
hhl_projection,hhl_s1_fixed_m,4,full_vector_tomography_proxy,,,84.63681844490951,342863.0936546198,846368.184449095,10000,1.0965541176759857,0.9981055945156931,inside_observed_success_range
hhl_projection,hhl_s1_fixed_m,4,state_preparation_only,,,92.62269492241207,0.4471985301509007,1.0,10000,1.0965541176759857,0.9981055945156931,inside_observed_success_range
hhl_projection,hhl_s1_fixed_m,4,single_scalar_observable_sampling,,,92.62269492241207,4471.9853015090075,10000.0,10000,1.0965541176759857,0.9981055945156931,inside_observed_success_range
hhl_projection,hhl_s1_fixed_m,4,full_vector_readout_lower_bound,,,92.62269492241207,41.42073302791797,92.62269492241207,10000,1.0965541176759857,0.9981055945156931,inside_observed_success_range
hhl_projection,hhl_s1_fixed_m,4,full_vector_tomography_proxy,,,92.62269492241207,414207.3302791797,926226.9492241206,10000,1.0965541176759857,0.9981055945156931,inside_observed_success_range
hhl_projection,hhl_s1_fixed_m,4,state_preparation_only,,,101.36207589459785,0.4936729427094738,1.0,10000,1.0965541176759857,0.9981055945156931,inside_observed_success_range
hhl_projection,hhl_s1_fixed_m,4,single_scalar_observable_sampling,,,101.36207589459785,4936.729427094738,10000.0,10000,1.0965541176759857,0.9981055945156931,inside_observed_success_range
hhl_projection,hhl_s1_fixed_m,4,full_vector_readout_lower_bound,,,101.36207589459785,50.03971428602714,101.36207589459785,10000,1.0965541176759857,0.9981055945156931,inside_observed_success_range
hhl_projection,hhl_s1_fixed_m,4,full_vector_tomography_proxy,,,101.36207589459785,500397.1428602714,1013620.7589459785,10000,1.0965541176759857,0.9981055945156931,inside_observed_success_range
hhl_projection,hhl_s1_fixed_m,4,state_preparation_only,,,110.92605800628826,0.5449771363988926,1.0,10000,1.0965541176759857,0.9981055945156931,inside_observed_success_range
hhl_projection,hhl_s1_fixed_m,4,single_scalar_observable_sampling,,,110.92605800628826,5449.771363988925,10000.0,10000,1.0965541176759857,0.9981055945156931,inside_observed_success_range
hhl_projection,hhl_s1_fixed_m,4,full_vector_readout_lower_bound,,,110.92605800628826,60.452165444284425,110.92605800628826,10000,1.0965541176759857,0.9981055945156931,inside_observed_success_range
hhl_projection,hhl_s1_fixed_m,4,full_vector_tomography_proxy,,,110.92605800628826,604521.6544428442,1109260.5800628825,10000,1.0965541176759857,0.9981055945156931,inside_observed_success_range
hhl_projection,hhl_s1_fixed_m,4,state_preparation_only,,,121.39244620058346,0.6016130387204979,1.0,10000,1.0965541176759857,0.9981055945156931,inside_observed_success_range
hhl_projection,hhl_s1_fixed_m,4,single_scalar_observable_sampling,,,121.39244620058346,6016.130387204978,10000.0,10000,1.0965541176759857,0.9981055945156931,inside_observed_success_range
hhl_projection,hhl_s1_fixed_m,4,full_vector_readout_lower_bound,,,121.39244620058346,73.03127843644758,121.39244620058346,10000,1.0965541176759857,0.9981055945156931,inside_observed_success_range
hhl_projection,hhl_s1_fixed_m,4,full_vector_tomography_proxy,,,121.39244620058346,730312.7843644758,1213924.4620058346,10000,1.0965541176759857,0.9981055945156931,inside_observed_success_range
hhl_projection,hhl_s1_fixed_m,4,state_preparation_only,,,132.84638667792717,0.6641347392115051,1.0,10000,1.0965541176759857,0.9981055945156931,inside_observed_success_range
hhl_projection,hhl_s1_fixed_m,4,single_scalar_observable_sampling,,,132.84638667792717,6641.347392115051,10000.0,10000,1.0965541176759857,0.9981055945156931,inside_observed_success_range
hhl_projection,hhl_s1_fixed_m,4,full_vector_readout_lower_bound,,,132.84638667792717,88.22790037153592,132.84638667792717,10000,1.0965541176759857,0.9981055945156931,inside_observed_success_range
hhl_projection,hhl_s1_fixed_m,4,full_vector_tomography_proxy,,,132.84638667792717,882279.0037153594,1328463.8667792717,10000,1.0965541176759857,0.9981055945156931,inside_observed_success_range
hhl_projection,hhl_s1_fixed_m,4,state_preparation_only,,,145.38105957779538,0.7331539103035503,1.0,10000,1.0965541176759857,0.9981055945156931,inside_observed_success_range
hhl_projection,hhl_s1_fixed_m,4,single_scalar_observable_sampling,,,145.38105957779538,7331.539103035502,10000.0,10000,1.0965541176759857,0.9981055945156931,inside_observed_success_range
hhl_projection,hhl_s1_fixed_m,4,full_vector_readout_lower_bound,,,145.38105957779538,106.58669231353409,145.38105957779538,10000,1.0965541176759857,0.9981055945156931,inside_observed_success_range
hhl_projection,hhl_s1_fixed_m,4,full_vector_tomography_proxy,,,145.38105957779538,1065866.923135341,1453810.5957779537,10000,1.0965541176759857,0.9981055945156931,inside_observed_success_range
hhl_projection,hhl_s1_fixed_m,4,state_preparation_only,,,159.09843701811593,0.8093457915355404,1.0,10000,1.0965541176759857,0.9981055945156931,inside_observed_success_range
hhl_projection,hhl_s1_fixed_m,4,single_scalar_observable_sampling,,,159.09843701811593,8093.457915355404,10000.0,10000,1.0965541176759857,0.9981055945156931,inside_observed_success_range
hhl_projection,hhl_s1_fixed_m,4,full_vector_readout_lower_bound,,,159.09843701811593,128.76565044049437,159.09843701811593,10000,1.0965541176759857,0.9981055945156931,inside_observed_success_range
hhl_projection,hhl_s1_fixed_m,4,full_vector_tomography_proxy,,,159.09843701811593,1287656.5044049434,1590984.370181159,10000,1.0965541176759857,0.9981055945156931,inside_observed_success_range
hhl_projection,hhl_s1_fixed_m,4,state_preparation_only,,,174.11011265922482,0.8934557956665373,1.0,10000,1.0965541176759857,0.9981055945156931,inside_observed_success_range
hhl_projection,hhl_s1_fixed_m,4,single_scalar_observable_sampling,,,174.11011265922482,8934.557956665372,10000.0,10000,1.0965541176759857,0.9981055945156931,inside_observed_success_range
hhl_projection,hhl_s1_fixed_m,4,full_vector_readout_lower_bound,,,174.11011265922482,155.55968923953816,174.11011265922482,10000,1.0965541176759857,0.9981055945156931,inside_observed_success_range
hhl_projection,hhl_s1_fixed_m,4,full_vector_tomography_proxy,,,174.11011265922482,1555596.8923953816,1741101.1265922482,10000,1.0965541176759857,0.9981055945156931,inside_observed_success_range
hhl_projection,hhl_s1_fixed_m,4,state_preparation_only,,,190.53820954102883,0.9863068013186445,1.0,10000,1.0965541176759857,0.9981055945156931,inside_observed_success_range
hhl_projection,hhl_s1_fixed_m,4,single_scalar_observable_sampling,,,190.53820954102883,9863.068013186445,10000.0,10000,1.0965541176759857,0.9981055945156931,inside_observed_success_range
hhl_projection,hhl_s1_fixed_m,4,full_vector_readout_lower_bound,,,190.53820954102883,187.92913198139377,190.53820954102883,10000,1.0965541176759857,0.9981055945156931,inside_observed_success_range
hhl_projection,hhl_s1_fixed_m,4,full_vector_tomography_proxy,,,190.53820954102883,1879291.3198139376,1905382.0954102883,10000,1.0965541176759857,0.9981055945156931,inside_observed_success_range
hhl_projection,hhl_s1_fixed_m,4,state_preparation_only,,,208.51637357881782,1.0888072034964904,1.0,10000,1.0965541176759857,0.9981055945156931,inside_observed_success_range
hhl_projection,hhl_s1_fixed_m,4,single_scalar_observable_sampling,,,208.51637357881782,10888.072034964904,10000.0,10000,1.0965541176759857,0.9981055945156931,inside_observed_success_range
hhl_projection,hhl_s1_fixed_m,4,full_vector_readout_lower_bound,,,208.51637357881782,227.03412959958212,208.51637357881782,10000,1.0965541176759857,0.9981055945156931,inside_observed_success_range
hhl_projection,hhl_s1_fixed_m,4,full_vector_tomography_proxy,,,208.51637357881782,2270341.2959958212,2085163.7357881782,10000,1.0965541176759857,0.9981055945156931,inside_observed_success_range
hhl_projection,hhl_s1_fixed_m,4,state_preparation_only,,,228.19086080001605,1.2019598007444472,1.0,10000,1.0965541176759857,0.9981055945156931,inside_observed_success_range
hhl_projection,hhl_s1_fixed_m,4,single_scalar_observable_sampling,,,228.19086080001605,12019.598007444472,10000.0,10000,1.0965541176759857,0.9981055945156931,inside_observed_success_range
hhl_projection,hhl_s1_fixed_m,4,full_vector_readout_lower_bound,,,228.19086080001605,274.2762415788912,228.19086080001605,10000,1.0965541176759857,0.9981055945156931,inside_observed_success_range
hhl_projection,hhl_s1_fixed_m,4,full_vector_tomography_proxy,,,228.19086080001605,2742762.4157889117,2281908.6080001607,10000,1.0965541176759857,0.9981055945156931,inside_observed_success_range
hhl_projection,hhl_s1_fixed_m,4,state_preparation_only,,,249.72172716676215,1.3268716058878318,1.0,10000,1.0965541176759857,0.9981055945156931,inside_observed_success_range
hhl_projection,hhl_s1_fixed_m,4,single_scalar_observable_sampling,,,249.72172716676215,13268.716058878319,10000.0,10000,1.0965541176759857,0.9981055945156931,inside_observed_success_range
hhl_projection,hhl_s1_fixed_m,4,full_vector_readout_lower_bound,,,249.72172716676215,331.34866915084467,249.72172716676215,10000,1.0965541176759857,0.9981055945156931,inside_observed_success_range
hhl_projection,hhl_s1_fixed_m,4,full_vector_tomography_proxy,,,249.72172716676215,3313486.691508447,2497217.2716676216,10000,1.0965541176759857,0.9981055945156931,inside_observed_success_range
hhl_projection,hhl_s1_fixed_m,4,state_preparation_only,,,273.28413066377493,1.4647646763401876,1.0,10000,1.0965541176759857,0.9981055945156931,inside_observed_success_range
hhl_projection,hhl_s1_fixed_m,4,single_scalar_observable_sampling,,,273.28413066377493,14647.646763401875,10000.0,10000,1.0965541176759857,0.9981055945156931,inside_observed_success_range
hhl_projection,hhl_s1_fixed_m,4,full_vector_readout_lower_bound,,,273.28413066377493,400.2969412006338,273.28413066377493,10000,1.0965541176759857,0.9981055945156931,inside_observed_success_range
hhl_projection,hhl_s1_fixed_m,4,full_vector_tomography_proxy,,,273.28413066377493,4002969.4120063377,2732841.306637749,10000,1.0965541176759857,0.9981055945156931,inside_observed_success_range
hhl_projection,hhl_s1_fixed_m,4,state_preparation_only,,,299.06975624424416,1.6169880699333838,1.0,10000,1.0965541176759857,0.9981055945156931,inside_observed_success_range
hhl_projection,hhl_s1_fixed_m,4,single_scalar_observable_sampling,,,299.06975624424416,16169.880699333838,10000.0,10000,1.0965541176759857,0.9981055945156931,inside_observed_success_range
hhl_projection,hhl_s1_fixed_m,4,full_vector_readout_lower_bound,,,299.06975624424416,483.5922279248279,299.06975624424416,10000,1.0965541176759857,0.9981055945156931,inside_observed_success_range
hhl_projection,hhl_s1_fixed_m,4,full_vector_tomography_proxy,,,299.06975624424416,4835922.2792482795,2990697.5624424415,10000,1.0965541176759857,0.9981055945156931,inside_observed_success_range
hhl_projection,hhl_s1_fixed_m,4,state_preparation_only,,,327.28837522598076,1.7850310432388115,1.0,10000,1.0965541176759857,0.9981055945156931,inside_observed_success_range
hhl_projection,hhl_s1_fixed_m,4,single_scalar_observable_sampling,,,327.28837522598076,17850.310432388116,10000.0,10000,1.0965541176759857,0.9981055945156931,inside_observed_success_range
hhl_projection,hhl_s1_fixed_m,4,full_vector_readout_lower_bound,,,327.28837522598076,584.219909869568,327.28837522598076,10000,1.0965541176759857,0.9981055945156931,inside_observed_success_range
hhl_projection,hhl_s1_fixed_m,4,full_vector_tomography_proxy,,,327.28837522598076,5842199.09869568,3272883.752259807,10000,1.0965541176759857,0.9981055945156931,inside_observed_success_range
hhl_projection,hhl_s1_fixed_m,4,state_preparation_only,,,358.1695518238286,1.9705376215036112,1.0,10000,1.0965541176759857,0.9981055945156931,inside_observed_success_range
hhl_projection,hhl_s1_fixed_m,4,single_scalar_observable_sampling,,,358.1695518238286,19705.37621503611,10000.0,10000,1.0965541176759857,0.9981055945156931,inside_observed_success_range
hhl_projection,hhl_s1_fixed_m,4,full_vector_readout_lower_bound,,,358.1695518238286,705.7865767459416,358.1695518238286,10000,1.0965541176759857,0.9981055945156931,inside_observed_success_range
hhl_projection,hhl_s1_fixed_m,4,full_vector_tomography_proxy,,,358.1695518238286,7057865.767459417,3581695.518238286,10000,1.0965541176759857,0.9981055945156931,inside_observed_success_range
hhl_projection,hhl_s1_fixed_m,4,state_preparation_only,,,391.9645107013213,2.1753226827448593,1.0,10000,1.0965541176759857,0.9981055945156931,inside_observed_success_range
hhl_projection,hhl_s1_fixed_m,4,single_scalar_observable_sampling,,,391.9645107013213,21753.226827448594,10000.0,10000,1.0965541176759857,0.9981055945156931,inside_observed_success_range
hhl_projection,hhl_s1_fixed_m,4,full_vector_readout_lower_bound,,,391.9645107013213,852.6492909595743,391.9645107013213,10000,1.0965541176759857,0.9981055945156931,inside_observed_success_range
hhl_projection,hhl_s1_fixed_m,4,full_vector_tomography_proxy,,,391.9645107013213,8526492.909595743,3919645.1070132125,10000,1.0965541176759857,0.9981055945156931,inside_observed_success_range
hhl_projection,hhl_s1_fixed_m,4,state_preparation_only,,,428.9481807345108,2.401389713358296,1.0,10000,1.0965541176759857,0.9981055945156931,inside_observed_success_range
hhl_projection,hhl_s1_fixed_m,4,single_scalar_observable_sampling,,,428.9481807345108,24013.89713358296,10000.0,10000,1.0965541176759857,0.9981055945156931,inside_observed_success_range
hhl_projection,hhl_s1_fixed_m,4,full_vector_readout_lower_bound,,,428.9481807345108,1030.0717487796094,428.9481807345108,10000,1.0965541176759857,0.9981055945156931,inside_observed_success_range
hhl_projection,hhl_s1_fixed_m,4,full_vector_tomography_proxy,,,428.9481807345108,10300717.487796094,4289481.807345108,10000,1.0965541176759857,0.9981055945156931,inside_observed_success_range
hhl_projection,hhl_s1_fixed_m,4,state_preparation_only,,,469.42143161438594,2.650950408951075,1.0,10000,1.0965541176759857,0.9981055945156931,inside_observed_success_range
hhl_projection,hhl_s1_fixed_m,4,single_scalar_observable_sampling,,,469.42143161438594,26509.504089510752,10000.0,10000,1.0965541176759857,0.9981055945156931,inside_observed_success_range
hhl_projection,hhl_s1_fixed_m,4,full_vector_readout_lower_bound,,,469.42143161438594,1244.4129361085556,469.42143161438594,10000,1.0965541176759857,0.9981055945156931,inside_observed_success_range
hhl_projection,hhl_s1_fixed_m,4,full_vector_tomography_proxy,,,469.42143161438594,12444129.361085555,4694214.316143859,10000,1.0965541176759857,0.9981055945156931,inside_observed_success_range
hhl_projection,hhl_s1_fixed_m,4,state_preparation_only,,,513.7135214831108,2.926446312160636,1.0,10000,1.0965541176759857,0.9981055945156931,inside_observed_success_range
hhl_projection,hhl_s1_fixed_m,4,single_scalar_observable_sampling,,,513.7135214831108,29264.463121606357,10000.0,10000,1.0965541176759857,0.9981055945156931,inside_observed_success_range
hhl_projection,hhl_s1_fixed_m,4,full_vector_readout_lower_bound,,,513.7135214831108,1503.355040451303,513.7135214831108,10000,1.0965541176759857,0.9981055945156931,inside_observed_success_range
hhl_projection,hhl_s1_fixed_m,4,full_vector_tomography_proxy,,,513.7135214831108,15033550.40451303,5137135.214831107,10000,1.0965541176759857,0.9981055945156931,inside_observed_success_range
hhl_projection,hhl_s1_fixed_m,4,state_preparation_only,,,562.1847755160983,3.230572699150276,1.0,10000,1.0965541176759857,0.9981055945156931,inside_observed_success_range
hhl_projection,hhl_s1_fixed_m,4,single_scalar_observable_sampling,,,562.1847755160983,32305.726991502757,10000.0,10000,1.0965541176759857,0.9981055945156931,inside_observed_success_range
hhl_projection,hhl_s1_fixed_m,4,full_vector_readout_lower_bound,,,562.1847755160983,1816.1787876602336,562.1847755160983,10000,1.0965541176759857,0.9981055945156931,inside_observed_success_range
hhl_projection,hhl_s1_fixed_m,4,full_vector_tomography_proxy,,,562.1847755160983,18161787.876602337,5621847.755160983,10000,1.0965541176759857,0.9981055945156931,inside_observed_success_range
hhl_projection,hhl_s1_fixed_m,4,state_preparation_only,,,615.2295172407213,3.566304948471641,1.0,10000,1.0965541176759857,0.9981055945156931,inside_observed_success_range
hhl_projection,hhl_s1_fixed_m,4,single_scalar_observable_sampling,,,615.2295172407213,35663.04948471641,10000.0,10000,1.0965541176759857,0.9981055945156931,inside_observed_success_range
hhl_projection,hhl_s1_fixed_m,4,full_vector_readout_lower_bound,,,615.2295172407213,2194.096071781403,615.2295172407213,10000,1.0965541176759857,0.9981055945156931,inside_observed_success_range
hhl_projection,hhl_s1_fixed_m,4,full_vector_tomography_proxy,,,615.2295172407213,21940960.71781403,6152295.172407213,10000,1.0965541176759857,0.9981055945156931,inside_observed_success_range
hhl_projection,hhl_s1_fixed_m,4,state_preparation_only,,,673.2792764385573,3.936927650270384,1.0,10000,1.0965541176759857,0.9981055945156931,inside_observed_success_range
hhl_projection,hhl_s1_fixed_m,4,single_scalar_observable_sampling,,,673.2792764385573,39369.27650270384,10000.0,10000,1.0965541176759857,0.9981055945156931,inside_observed_success_range
hhl_projection,hhl_s1_fixed_m,4,full_vector_readout_lower_bound,,,673.2792764385573,2650.651799764994,673.2792764385573,10000,1.0965541176759857,0.9981055945156931,inside_observed_success_range
hhl_projection,hhl_s1_fixed_m,4,full_vector_tomography_proxy,,,673.2792764385573,26506517.997649934,6732792.764385573,10000,1.0965541176759857,0.9981055945156931,inside_observed_success_range
hhl_projection,hhl_s1_fixed_m,4,state_preparation_only,,,736.8062997280774,4.346066740620663,1.0,10000,1.0965541176759857,0.9981055945156931,inside_observed_success_range
hhl_projection,hhl_s1_fixed_m,4,single_scalar_observable_sampling,,,736.8062997280774,43460.66740620663,10000.0,10000,1.0965541176759857,0.9981055945156931,inside_observed_success_range
hhl_projection,hhl_s1_fixed_m,4,full_vector_readout_lower_bound,,,736.8062997280774,3202.209353527977,736.8062997280774,10000,1.0965541176759857,0.9981055945156931,inside_observed_success_range
hhl_projection,hhl_s1_fixed_m,4,full_vector_tomography_proxy,,,736.8062997280774,32022093.535279766,7368062.997280774,10000,1.0965541176759857,0.9981055945156931,inside_observed_success_range
hhl_projection,hhl_s1_fixed_m,4,state_preparation_only,,,806.3273923871081,4.797724975370546,1.0,10000,1.0965541176759857,0.9981055945156931,inside_observed_success_range
hhl_projection,hhl_s1_fixed_m,4,single_scalar_observable_sampling,,,806.3273923871081,47977.24975370546,10000.0,10000,1.0965541176759857,0.9981055945156931,inside_observed_success_range
hhl_projection,hhl_s1_fixed_m,4,full_vector_readout_lower_bound,,,806.3273923871081,3868.537068781035,806.3273923871081,10000,1.0965541176759857,0.9981055945156931,inside_observed_success_range
hhl_projection,hhl_s1_fixed_m,4,full_vector_tomography_proxy,,,806.3273923871081,38685370.68781035,8063273.923871081,10000,1.0965541176759857,0.9981055945156931,inside_observed_success_range
hhl_projection,hhl_s1_fixed_m,4,state_preparation_only,,,882.4081226690672,5.296321090551664,1.0,10000,1.0965541176759857,0.9981055945156931,inside_observed_success_range
hhl_projection,hhl_s1_fixed_m,4,single_scalar_observable_sampling,,,882.4081226690672,52963.21090551664,10000.0,10000,1.0965541176759857,0.9981055945156931,inside_observed_success_range
hhl_projection,hhl_s1_fixed_m,4,full_vector_readout_lower_bound,,,882.4081226690672,4673.51675056628,882.4081226690672,10000,1.0965541176759857,0.9981055945156931,inside_observed_success_range
hhl_projection,hhl_s1_fixed_m,4,full_vector_tomography_proxy,,,882.4081226690672,46735167.50566281,8824081.226690672,10000,1.0965541176759857,0.9981055945156931,inside_observed_success_range
hhl_projection,hhl_s1_fixed_m,4,state_preparation_only,,,965.6674228159277,5.846733032473539,1.0,10000,1.0965541176759857,0.9981055945156931,inside_observed_success_range
hhl_projection,hhl_s1_fixed_m,4,single_scalar_observable_sampling,,,965.6674228159277,58467.33032473539,10000.0,10000,1.0965541176759857,0.9981055945156931,inside_observed_success_range
hhl_projection,hhl_s1_fixed_m,4,full_vector_readout_lower_bound,,,965.6674228159277,5645.999619361476,965.6674228159277,10000,1.0965541176759857,0.9981055945156931,inside_observed_success_range
hhl_projection,hhl_s1_fixed_m,4,full_vector_tomography_proxy,,,965.6674228159277,56459996.19361476,9656674.228159277,10000,1.0965541176759857,0.9981055945156931,inside_observed_success_range
hhl_projection,hhl_s1_fixed_m,4,state_preparation_only,,,1056.7826241981236,6.454345680438473,1.0,10000,1.0965541176759857,0.9981055945156931,inside_observed_success_range
hhl_projection,hhl_s1_fixed_m,4,single_scalar_observable_sampling,,,1056.7826241981236,64543.456804384725,10000.0,10000,1.0965541176759857,0.9981055945156931,inside_observed_success_range
hhl_projection,hhl_s1_fixed_m,4,full_vector_readout_lower_bound,,,1056.7826241981236,6820.840365655593,1056.7826241981236,10000,1.0965541176759857,0.9981055945156931,inside_observed_success_range
hhl_projection,hhl_s1_fixed_m,4,full_vector_tomography_proxy,,,1056.7826241981236,68208403.65655594,10567826.241981236,10000,1.0965541176759857,0.9981055945156931,inside_observed_success_range
hhl_projection,hhl_s1_fixed_m,4,state_preparation_only,,,1156.494967543242,7.125103528965227,1.0,10000,1.0965541176759857,0.9981055945156931,inside_observed_success_range
hhl_projection,hhl_s1_fixed_m,4,single_scalar_observable_sampling,,,1156.494967543242,71251.03528965227,10000.0,10000,1.0965541176759857,0.9981055945156931,inside_observed_success_range
hhl_projection,hhl_s1_fixed_m,4,full_vector_readout_lower_bound,,,1156.494967543242,8240.146374472879,1156.494967543242,10000,1.0965541176759857,0.9981055945156931,inside_observed_success_range
hhl_projection,hhl_s1_fixed_m,4,full_vector_tomography_proxy,,,1156.494967543242,82401463.74472879,11564949.67543242,10000,1.0965541176759857,0.9981055945156931,inside_observed_success_range
hhl_projection,hhl_s1_fixed_m,4,state_preparation_only,,,1265.6156330803701,7.865568844931126,1.0,10000,1.0965541176759857,0.9981055945156931,inside_observed_success_range
hhl_projection,hhl_s1_fixed_m,4,single_scalar_observable_sampling,,,1265.6156330803701,78655.68844931126,10000.0,10000,1.0965541176759857,0.9981055945156931,inside_observed_success_range
hhl_projection,hhl_s1_fixed_m,4,full_vector_readout_lower_bound,,,1265.6156330803701,9954.786893214741,1265.6156330803701,10000,1.0965541176759857,0.9981055945156931,inside_observed_success_range
hhl_projection,hhl_s1_fixed_m,4,full_vector_tomography_proxy,,,1265.6156330803701,99547868.93214741,12656156.3308037,10000,1.0965541176759857,0.9981055945156931,inside_observed_success_range
hhl_projection,hhl_s1_fixed_m,4,state_preparation_only,,,1385.0323396565386,8.68298586860481,1.0,10000,1.0965541176759857,0.9981055945156931,inside_observed_success_range
hhl_projection,hhl_s1_fixed_m,4,single_scalar_observable_sampling,,,1385.0323396565386,86829.8586860481,10000.0,10000,1.0965541176759857,0.9981055945156931,inside_observed_success_range
hhl_projection,hhl_s1_fixed_m,4,full_vector_readout_lower_bound,,,1385.0323396565386,12026.216232798382,1385.0323396565386,10000,1.0965541176759857,0.9981055945156931,inside_observed_success_range
hhl_projection,hhl_s1_fixed_m,4,full_vector_tomography_proxy,,,1385.0323396565386,120262162.32798381,13850323.396565385,10000,1.0965541176759857,0.9981055945156931,inside_observed_success_range
hhl_projection,hhl_s1_fixed_m,4,state_preparation_only,,,1515.7165665103976,9.585351686671414,1.0,10000,1.0965541176759857,0.9981055945156931,inside_observed_success_range
hhl_projection,hhl_s1_fixed_m,4,single_scalar_observable_sampling,,,1515.7165665103976,95853.51686671414,10000.0,10000,1.0965541176759857,0.9981055945156931,inside_observed_success_range
hhl_projection,hhl_s1_fixed_m,4,full_vector_readout_lower_bound,,,1515.7165665103976,14528.676347316245,1515.7165665103976,10000,1.0965541176759857,0.9981055945156931,inside_observed_success_range
hhl_projection,hhl_s1_fixed_m,4,full_vector_tomography_proxy,,,1515.7165665103976,145286763.47316244,15157165.665103976,10000,1.0965541176759857,0.9981055945156931,inside_observed_success_range
hhl_projection,hhl_s1_fixed_m,4,state_preparation_only,,,1658.7314564537755,10.58149447062705,1.0,10000,1.0965541176759857,0.9981055945156931,inside_observed_success_range
hhl_projection,hhl_s1_fixed_m,4,single_scalar_observable_sampling,,,1658.7314564537755,105814.9447062705,10000.0,10000,1.0965541176759857,0.9981055945156931,inside_observed_success_range
hhl_projection,hhl_s1_fixed_m,4,full_vector_readout_lower_bound,,,1658.7314564537755,17551.85773472078,1658.7314564537755,10000,1.0965541176759857,0.9981055945156931,inside_observed_success_range
hhl_projection,hhl_s1_fixed_m,4,full_vector_tomography_proxy,,,1658.7314564537755,175518577.34720778,16587314.564537754,10000,1.0965541176759857,0.9981055945156931,inside_observed_success_range
hhl_projection,hhl_s1_fixed_m,4,state_preparation_only,,,1815.2404647550507,11.681159845976644,1.0,10000,1.0965541176759857,0.9981055945156931,inside_observed_success_range
hhl_projection,hhl_s1_fixed_m,4,single_scalar_observable_sampling,,,1815.2404647550507,116811.59845976645,10000.0,10000,1.0965541176759857,0.9981055945156931,inside_observed_success_range
hhl_projection,hhl_s1_fixed_m,4,full_vector_readout_lower_bound,,,1815.2404647550507,21204.11402768868,1815.2404647550507,10000,1.0965541176759857,0.9981055945156931,inside_observed_success_range
hhl_projection,hhl_s1_fixed_m,4,full_vector_tomography_proxy,,,1815.2404647550507,212041140.2768868,18152404.647550505,10000,1.0965541176759857,0.9981055945156931,inside_observed_success_range
hhl_projection,hhl_s1_fixed_m,4,state_preparation_only,,,1986.5168240848118,12.895106237216721,1.0,10000,1.0965541176759857,0.9981055945156931,inside_observed_success_range
hhl_projection,hhl_s1_fixed_m,4,single_scalar_observable_sampling,,,1986.5168240848118,128951.06237216722,10000.0,10000,1.0965541176759857,0.9981055945156931,inside_observed_success_range
hhl_projection,hhl_s1_fixed_m,4,full_vector_readout_lower_bound,,,1986.5168240848118,25616.345488592007,1986.5168240848118,10000,1.0965541176759857,0.9981055945156931,inside_observed_success_range
hhl_projection,hhl_s1_fixed_m,4,full_vector_tomography_proxy,,,1986.5168240848118,256163454.88592008,19865168.240848117,10000,1.0965541176759857,0.9981055945156931,inside_observed_success_range
hhl_projection,hhl_s1_fixed_m,4,state_preparation_only,,,2173.953902523058,14.235210121397248,1.0,10000,1.0965541176759857,0.9981055945156931,inside_observed_success_range
hhl_projection,hhl_s1_fixed_m,4,single_scalar_observable_sampling,,,2173.953902523058,142352.1012139725,10000.0,10000,1.0965541176759857,0.9981055945156931,inside_observed_success_range
hhl_projection,hhl_s1_fixed_m,4,full_vector_readout_lower_bound,,,2173.953902523058,30946.69059664728,2173.953902523058,10000,1.0965541176759857,0.9981055945156931,inside_observed_success_range
hhl_projection,hhl_s1_fixed_m,4,full_vector_tomography_proxy,,,2173.953902523058,309466905.9664728,21739539.02523058,10000,1.0965541176759857,0.9981055945156931,inside_observed_success_range
hhl_projection,hhl_s1_fixed_m,4,state_preparation_only,,,2379.076538892408,15.714582219996409,1.0,10000,1.0965541176759857,0.9981055945156931,inside_observed_success_range
hhl_projection,hhl_s1_fixed_m,4,single_scalar_observable_sampling,,,2379.076538892408,157145.82219996408,10000.0,10000,1.0965541176759857,0.9981055945156931,inside_observed_success_range
hhl_projection,hhl_s1_fixed_m,4,full_vector_readout_lower_bound,,,2379.076538892408,37386.19387808922,2379.076538892408,10000,1.0965541176759857,0.9981055945156931,inside_observed_success_range
hhl_projection,hhl_s1_fixed_m,4,full_vector_tomography_proxy,,,2379.076538892408,373861938.78089225,23790765.388924077,10000,1.0965541176759857,0.9981055945156931,inside_observed_success_range
hhl_projection,hhl_s1_fixed_m,4,state_preparation_only,,,2603.553447632612,17.347695765855562,1.0,10000,1.0965541176759857,0.9981055945156931,inside_observed_success_range
hhl_projection,hhl_s1_fixed_m,4,single_scalar_observable_sampling,,,2603.553447632612,173476.95765855562,10000.0,10000,1.0965541176759857,0.9981055945156931,inside_observed_success_range
hhl_projection,hhl_s1_fixed_m,4,full_vector_readout_lower_bound,,,2603.553447632612,45165.65311967491,2603.553447632612,10000,1.0965541176759857,0.9981055945156931,inside_observed_success_range
hhl_projection,hhl_s1_fixed_m,4,full_vector_tomography_proxy,,,2603.553447632612,451656531.19674915,26035534.47632612,10000,1.0965541176759857,0.9981055945156931,inside_observed_success_range
hhl_projection,hhl_s1_fixed_m,4,state_preparation_only,,,2849.2107941325103,19.150528100056086,1.0,10000,1.0965541176759857,0.9981055945156931,inside_observed_success_range
hhl_projection,hhl_s1_fixed_m,4,single_scalar_observable_sampling,,,2849.2107941325103,191505.28100056085,10000.0,10000,1.0965541176759857,0.9981055945156931,inside_observed_success_range
hhl_projection,hhl_s1_fixed_m,4,full_vector_readout_lower_bound,,,2849.2107941325103,54563.89137601775,2849.2107941325103,10000,1.0965541176759857,0.9981055945156931,inside_observed_success_range
hhl_projection,hhl_s1_fixed_m,4,full_vector_tomography_proxy,,,2849.2107941325103,545638913.7601775,28492107.941325102,10000,1.0965541176759857,0.9981055945156931,inside_observed_success_range
hhl_projection,hhl_s1_fixed_m,4,state_preparation_only,,,3118.0470509575425,21.140716984031677,1.0,10000,1.0965541176759857,0.9981055945156931,inside_observed_success_range
hhl_projection,hhl_s1_fixed_m,4,single_scalar_observable_sampling,,,3118.0470509575425,211407.16984031678,10000.0,10000,1.0965541176759857,0.9981055945156931,inside_observed_success_range
hhl_projection,hhl_s1_fixed_m,4,full_vector_readout_lower_bound,,,3118.0470509575425,65917.750247188,3118.0470509575425,10000,1.0965541176759857,0.9981055945156931,inside_observed_success_range
hhl_projection,hhl_s1_fixed_m,4,full_vector_tomography_proxy,,,3118.0470509575425,659177502.47188,31180470.509575423,10000,1.0965541176759857,0.9981055945156931,inside_observed_success_range
hhl_projection,hhl_s1_fixed_m,4,state_preparation_only,,,3412.2492558312483,23.33773315617428,1.0,10000,1.0965541176759857,0.9981055945156931,inside_observed_success_range
hhl_projection,hhl_s1_fixed_m,4,single_scalar_observable_sampling,,,3412.2492558312483,233377.33156174282,10000.0,10000,1.0965541176759857,0.9981055945156931,inside_observed_success_range
hhl_projection,hhl_s1_fixed_m,4,full_vector_readout_lower_bound,,,3412.2492558312483,79634.16259494393,3412.2492558312483,10000,1.0965541176759857,0.9981055945156931,inside_observed_success_range
hhl_projection,hhl_s1_fixed_m,4,full_vector_tomography_proxy,,,3412.2492558312483,796341625.9494394,34122492.55831248,10000,1.0965541176759857,0.9981055945156931,inside_observed_success_range
hhl_projection,hhl_s1_fixed_m,4,state_preparation_only,,,3734.2108036327595,25.763070821116873,1.0,10000,1.0965541176759857,0.9981055945156931,inside_observed_success_range
hhl_projection,hhl_s1_fixed_m,4,single_scalar_observable_sampling,,,3734.2108036327595,257630.70821116873,10000.0,10000,1.0965541176759857,0.9981055945156931,inside_observed_success_range
hhl_projection,hhl_s1_fixed_m,4,full_vector_readout_lower_bound,,,3734.2108036327595,96204.73739497054,3734.2108036327595,10000,1.0965541176759857,0.9981055945156931,inside_observed_success_range
hhl_projection,hhl_s1_fixed_m,4,full_vector_tomography_proxy,,,3734.2108036327595,962047373.9497054,37342108.03632759,10000,1.0965541176759857,0.9981055945156931,inside_observed_success_range
hhl_projection,hhl_s1_fixed_m,4,state_preparation_only,,,4086.5509171517656,28.440457935319355,1.0,10000,1.0965541176759857,0.9981055945156931,inside_observed_success_range
hhl_projection,hhl_s1_fixed_m,4,single_scalar_observable_sampling,,,4086.5509171517656,284404.5793531935,10000.0,10000,1.0965541176759857,0.9981055945156931,inside_observed_success_range
hhl_projection,hhl_s1_fixed_m,4,full_vector_readout_lower_bound,,,4086.5509171517656,116223.37945979551,4086.5509171517656,10000,1.0965541176759857,0.9981055945156931,inside_observed_success_range
hhl_projection,hhl_s1_fixed_m,4,full_vector_tomography_proxy,,,4086.5509171517656,1162233794.5979552,40865509.171517655,10000,1.0965541176759857,0.9981055945156931,inside_observed_success_range
hhl_projection,hhl_s1_fixed_m,4,state_preparation_only,,,4472.13595499958,31.396088346257386,1.0,10000,1.0965541176759857,0.9981055945156931,inside_observed_success_range
hhl_projection,hhl_s1_fixed_m,4,single_scalar_observable_sampling,,,4472.13595499958,313960.88346257387,10000.0,10000,1.0965541176759857,0.9981055945156931,inside_observed_success_range
hhl_projection,hhl_s1_fixed_m,4,full_vector_readout_lower_bound,,,4472.13595499958,140407.57553964094,4472.13595499958,10000,1.0965541176759857,0.9981055945156931,inside_observed_success_range
hhl_projection,hhl_s1_fixed_m,4,full_vector_tomography_proxy,,,4472.13595499958,1404075755.3964095,44721359.549995795,10000,1.0965541176759857,0.9981055945156931,inside_observed_success_range
hhl_projection,hhl_s1_fixed_m,4,state_preparation_only,,,4894.102730020443,34.65887805631532,1.0,10000,1.0965541176759857,0.9981055945156931,inside_observed_success_range
hhl_projection,hhl_s1_fixed_m,4,single_scalar_observable_sampling,,,4894.102730020443,346588.78056315315,10000.0,10000,1.0965541176759857,0.9981055945156931,inside_observed_success_range
hhl_projection,hhl_s1_fixed_m,4,full_vector_readout_lower_bound,,,4894.102730020443,169624.10971485844,4894.102730020443,10000,1.0965541176759857,0.9981055945156931,inside_observed_success_range
hhl_projection,hhl_s1_fixed_m,4,full_vector_tomography_proxy,,,4894.102730020443,1696241097.1485844,48941027.30020443,10000,1.0965541176759857,0.9981055945156931,inside_observed_success_range
hhl_projection,hhl_s1_fixed_m,4,state_preparation_only,,,5355.884027903124,38.26074811850663,1.0,10000,1.0965541176759857,0.9981055945156931,inside_observed_success_range
hhl_projection,hhl_s1_fixed_m,4,single_scalar_observable_sampling,,,5355.884027903124,382607.48118506634,10000.0,10000,1.0965541176759857,0.9981055945156931,inside_observed_success_range
hhl_projection,hhl_s1_fixed_m,4,full_vector_readout_lower_bound,,,5355.884027903124,204920.12974353417,5355.884027903124,10000,1.0965541176759857,0.9981055945156931,inside_observed_success_range
hhl_projection,hhl_s1_fixed_m,4,full_vector_tomography_proxy,,,5355.884027903124,2049201297.4353416,53558840.27903123,10000,1.0965541176759857,0.9981055945156931,inside_observed_success_range
hhl_projection,hhl_s1_fixed_m,4,state_preparation_only,,,5861.2365335919285,42.236936931692284,1.0,10000,1.0965541176759857,0.9981055945156931,inside_observed_success_range
hhl_projection,hhl_s1_fixed_m,4,single_scalar_observable_sampling,,,5861.2365335919285,422369.36931692285,10000.0,10000,1.0965541176759857,0.9981055945156931,inside_observed_success_range
hhl_projection,hhl_s1_fixed_m,4,full_vector_readout_lower_bound,,,5861.2365335919285,247560.677811053,5861.2365335919285,10000,1.0965541176759857,0.9981055945156931,inside_observed_success_range
hhl_projection,hhl_s1_fixed_m,4,full_vector_tomography_proxy,,,5861.2365335919285,2475606778.11053,58612365.33591928,10000,1.0965541176759857,0.9981055945156931,inside_observed_success_range
hhl_projection,hhl_s1_fixed_m,4,state_preparation_only,,,6414.271392684105,46.62634499059524,1.0,10000,1.0965541176759857,0.9981055945156931,inside_observed_success_range
hhl_projection,hhl_s1_fixed_m,4,single_scalar_observable_sampling,,,6414.271392684105,466263.44990595244,10000.0,10000,1.0965541176759857,0.9981055945156931,inside_observed_success_range
hhl_projection,hhl_s1_fixed_m,4,full_vector_readout_lower_bound,,,6414.271392684105,299074.0308185949,6414.271392684105,10000,1.0965541176759857,0.9981055945156931,inside_observed_success_range
hhl_projection,hhl_s1_fixed_m,4,full_vector_tomography_proxy,,,6414.271392684105,2990740308.185949,64142713.92684105,10000,1.0965541176759857,0.9981055945156931,inside_observed_success_range
hhl_projection,hhl_s1_fixed_m,4,state_preparation_only,,,7019.487656436925,51.47191546342328,1.0,10000,1.0965541176759857,0.9981055945156931,inside_observed_success_range
hhl_projection,hhl_s1_fixed_m,4,single_scalar_observable_sampling,,,7019.487656436925,514719.1546342328,10000.0,10000,1.0965541176759857,0.9981055945156931,inside_observed_success_range
hhl_projection,hhl_s1_fixed_m,4,full_vector_readout_lower_bound,,,7019.487656436925,361306.4752486646,7019.487656436925,10000,1.0965541176759857,0.9981055945156931,inside_observed_success_range
hhl_projection,hhl_s1_fixed_m,4,full_vector_tomography_proxy,,,7019.487656436925,3613064752.4866457,70194876.56436925,10000,1.0965541176759857,0.9981055945156931,inside_observed_success_range
hhl_projection,hhl_s1_fixed_m,4,state_preparation_only,,,7681.808882466317,56.82105432043152,1.0,10000,1.0965541176759857,0.9981055945156931,inside_observed_success_range
hhl_projection,hhl_s1_fixed_m,4,single_scalar_observable_sampling,,,7681.808882466317,568210.5432043152,10000.0,10000,1.0965541176759857,0.9981055945156931,inside_observed_success_range
hhl_projection,hhl_s1_fixed_m,4,full_vector_readout_lower_bound,,,7681.808882466317,436488.479789792,7681.808882466317,10000,1.0965541176759857,0.9981055945156931,inside_observed_success_range
hhl_projection,hhl_s1_fixed_m,4,full_vector_tomography_proxy,,,7681.808882466317,4364884797.897919,76818088.82466316,10000,1.0965541176759857,0.9981055945156931,inside_observed_success_range
hhl_projection,hhl_s1_fixed_m,4,state_preparation_only,,,8406.62318889122,62.72609412369235,1.0,10000,1.0965541176759857,0.9981055945156931,inside_observed_success_range
hhl_projection,hhl_s1_fixed_m,4,single_scalar_observable_sampling,,,8406.62318889122,627260.9412369234,10000.0,10000,1.0965541176759857,0.9981055945156931,inside_observed_success_range
hhl_projection,hhl_s1_fixed_m,4,full_vector_readout_lower_bound,,,8406.62318889122,527314.6374088054,8406.62318889122,10000,1.0965541176759857,0.9981055945156931,inside_observed_success_range
hhl_projection,hhl_s1_fixed_m,4,full_vector_tomography_proxy,,,8406.62318889122,5273146374.088054,84066231.8889122,10000,1.0965541176759857,0.9981055945156931,inside_observed_success_range
hhl_projection,hhl_s1_fixed_m,4,state_preparation_only,,,9199.827087772324,69.24480601549735,1.0,10000,1.0965541176759857,0.9981055945156931,inside_observed_success_range
hhl_projection,hhl_s1_fixed_m,4,single_scalar_observable_sampling,,,9199.827087772324,692448.0601549734,10000.0,10000,1.0965541176759857,0.9981055945156931,inside_observed_success_range
hhl_projection,hhl_s1_fixed_m,4,full_vector_readout_lower_bound,,,9199.827087772324,637040.2420689125,9199.827087772324,10000,1.0965541176759857,0.9981055945156931,inside_observed_success_range
hhl_projection,hhl_s1_fixed_m,4,full_vector_tomography_proxy,,,9199.827087772324,6370402420.689124,91998270.87772323,10000,1.0965541176759857,0.9981055945156931,inside_observed_success_range
hhl_projection,hhl_s1_fixed_m,4,state_preparation_only,,,10067.873454439028,76.44096491435772,1.0,10000,1.0965541176759857,0.9981055945156931,extrapolated_beyond_successful_hhl_range
hhl_projection,hhl_s1_fixed_m,4,single_scalar_observable_sampling,,,10067.873454439028,764409.6491435772,10000.0,10000,1.0965541176759857,0.9981055945156931,extrapolated_beyond_successful_hhl_range
hhl_projection,hhl_s1_fixed_m,4,full_vector_readout_lower_bound,,,10067.873454439028,769597.9614929672,10067.873454439028,10000,1.0965541176759857,0.9981055945156931,extrapolated_beyond_successful_hhl_range
hhl_projection,hhl_s1_fixed_m,4,full_vector_tomography_proxy,,,10067.873454439028,7695979614.929672,100678734.54439028,10000,1.0965541176759857,0.9981055945156931,extrapolated_beyond_successful_hhl_range
hhl_projection,hhl_s1_fixed_m,4,state_preparation_only,,,11017.824022944978,84.3849734481212,1.0,10000,1.0965541176759857,0.9981055945156931,extrapolated_beyond_successful_hhl_range
hhl_projection,hhl_s1_fixed_m,4,single_scalar_observable_sampling,,,11017.824022944978,843849.734481212,10000.0,10000,1.0965541176759857,0.9981055945156931,extrapolated_beyond_successful_hhl_range
hhl_projection,hhl_s1_fixed_m,4,full_vector_readout_lower_bound,,,11017.824022944978,929738.7876322839,11017.824022944978,10000,1.0965541176759857,0.9981055945156931,extrapolated_beyond_successful_hhl_range
hhl_projection,hhl_s1_fixed_m,4,full_vector_tomography_proxy,,,11017.824022944978,9297387876.322838,110178240.22944978,10000,1.0965541176759857,0.9981055945156931,extrapolated_beyond_successful_hhl_range
hhl_projection,hhl_s1_fixed_m,4,state_preparation_only,,,12057.40683471347,93.15455072837044,1.0,10000,1.0965541176759857,0.9981055945156931,extrapolated_beyond_successful_hhl_range
hhl_projection,hhl_s1_fixed_m,4,single_scalar_observable_sampling,,,12057.40683471347,931545.5072837044,10000.0,10000,1.0965541176759857,0.9981055945156931,extrapolated_beyond_successful_hhl_range
hhl_projection,hhl_s1_fixed_m,4,full_vector_readout_lower_bound,,,12057.40683471347,1123202.3166369165,12057.40683471347,10000,1.0965541176759857,0.9981055945156931,extrapolated_beyond_successful_hhl_range
hhl_projection,hhl_s1_fixed_m,4,full_vector_tomography_proxy,,,12057.40683471347,11232023166.369164,120574068.3471347,10000,1.0965541176759857,0.9981055945156931,extrapolated_beyond_successful_hhl_range
hhl_projection,hhl_s1_fixed_m,4,state_preparation_only,,,13195.079107728921,102.83549270462872,1.0,10000,1.0965541176759857,0.9981055945156931,extrapolated_beyond_successful_hhl_range
hhl_projection,hhl_s1_fixed_m,4,single_scalar_observable_sampling,,,13195.079107728921,1028354.9270462872,10000.0,10000,1.0965541176759857,0.9981055945156931,extrapolated_beyond_successful_hhl_range
hhl_projection,hhl_s1_fixed_m,4,full_vector_readout_lower_bound,,,13195.079107728921,1356922.4613198563,13195.079107728921,10000,1.0965541176759857,0.9981055945156931,extrapolated_beyond_successful_hhl_range
hhl_projection,hhl_s1_fixed_m,4,full_vector_tomography_proxy,,,13195.079107728921,13569224613.198563,131950791.07728921,10000,1.0965541176759857,0.9981055945156931,extrapolated_beyond_successful_hhl_range
hhl_projection,hhl_s1_fixed_m,4,state_preparation_only,,,14440.096037728345,113.52251153719583,1.0,10000,1.0965541176759857,0.9981055945156931,extrapolated_beyond_successful_hhl_range
hhl_projection,hhl_s1_fixed_m,4,single_scalar_observable_sampling,,,14440.096037728345,1135225.1153719584,10000.0,10000,1.0965541176759857,0.9981055945156931,extrapolated_beyond_successful_hhl_range
hhl_projection,hhl_s1_fixed_m,4,full_vector_readout_lower_bound,,,14440.096037728345,1639275.9690412318,14440.096037728345,10000,1.0965541176759857,0.9981055945156931,extrapolated_beyond_successful_hhl_range
hhl_projection,hhl_s1_fixed_m,4,full_vector_tomography_proxy,,,14440.096037728345,16392759690.412315,144400960.37728342,10000,1.0965541176759857,0.9981055945156931,extrapolated_beyond_successful_hhl_range
hhl_projection,hhl_s1_fixed_m,4,state_preparation_only,,,15802.586091104287,125.32016220050411,1.0,10000,1.0965541176759857,0.9981055945156931,extrapolated_beyond_successful_hhl_range
hhl_projection,hhl_s1_fixed_m,4,single_scalar_observable_sampling,,,15802.586091104287,1253201.6220050412,10000.0,10000,1.0965541176759857,0.9981055945156931,extrapolated_beyond_successful_hhl_range
hhl_projection,hhl_s1_fixed_m,4,full_vector_readout_lower_bound,,,15802.586091104287,1980382.6521246196,15802.586091104287,10000,1.0965541176759857,0.9981055945156931,extrapolated_beyond_successful_hhl_range
hhl_projection,hhl_s1_fixed_m,4,full_vector_tomography_proxy,,,15802.586091104287,19803826521.246197,158025860.91104287,10000,1.0965541176759857,0.9981055945156931,extrapolated_beyond_successful_hhl_range
hhl_projection,hhl_s1_fixed_m,4,state_preparation_only,,,17293.63340204262,138.34386538228355,1.0,10000,1.0965541176759857,0.9981055945156931,extrapolated_beyond_successful_hhl_range
hhl_projection,hhl_s1_fixed_m,4,single_scalar_observable_sampling,,,17293.63340204262,1383438.6538228355,10000.0,10000,1.0965541176759857,0.9981055945156931,extrapolated_beyond_successful_hhl_range
hhl_projection,hhl_s1_fixed_m,4,full_vector_readout_lower_bound,,,17293.63340204262,2392468.0913427463,17293.63340204262,10000,1.0965541176759857,0.9981055945156931,extrapolated_beyond_successful_hhl_range
hhl_projection,hhl_s1_fixed_m,4,full_vector_tomography_proxy,,,17293.63340204262,23924680913.427464,172936334.02042618,10000,1.0965541176759857,0.9981055945156931,extrapolated_beyond_successful_hhl_range
hhl_projection,hhl_s1_fixed_m,4,state_preparation_only,,,18925.367944212547,152.72103668594227,1.0,10000,1.0965541176759857,0.9981055945156931,extrapolated_beyond_successful_hhl_range
hhl_projection,hhl_s1_fixed_m,4,single_scalar_observable_sampling,,,18925.367944212547,1527210.3668594228,10000.0,10000,1.0965541176759857,0.9981055945156931,extrapolated_beyond_successful_hhl_range
hhl_projection,hhl_s1_fixed_m,4,full_vector_readout_lower_bound,,,18925.367944212547,2890301.81210304,18925.367944212547,10000,1.0965541176759857,0.9981055945156931,extrapolated_beyond_successful_hhl_range
hhl_projection,hhl_s1_fixed_m,4,full_vector_tomography_proxy,,,18925.367944212547,28903018121.030403,189253679.44212547,10000,1.0965541176759857,0.9981055945156931,extrapolated_beyond_successful_hhl_range
hhl_projection,hhl_s1_fixed_m,4,state_preparation_only,,,20711.064210573764,168.59233318354123,1.0,10000,1.0965541176759857,0.9981055945156931,extrapolated_beyond_successful_hhl_range
hhl_projection,hhl_s1_fixed_m,4,single_scalar_observable_sampling,,,20711.064210573764,1685923.3318354122,10000.0,10000,1.0965541176759857,0.9981055945156931,extrapolated_beyond_successful_hhl_range
hhl_projection,hhl_s1_fixed_m,4,full_vector_readout_lower_bound,,,20711.064210573764,3491726.6379747684,20711.064210573764,10000,1.0965541176759857,0.9981055945156931,extrapolated_beyond_successful_hhl_range
hhl_projection,hhl_s1_fixed_m,4,full_vector_tomography_proxy,,,20711.064210573764,34917266379.74768,207110642.10573763,10000,1.0965541176759857,0.9981055945156931,extrapolated_beyond_successful_hhl_range
hhl_projection,hhl_s1_fixed_m,4,state_preparation_only,,,22665.24920408136,186.11302951485666,1.0,10000,1.0965541176759857,0.9981055945156931,extrapolated_beyond_successful_hhl_range
hhl_projection,hhl_s1_fixed_m,4,single_scalar_observable_sampling,,,22665.24920408136,1861130.2951485666,10000.0,10000,1.0965541176759857,0.9981055945156931,extrapolated_beyond_successful_hhl_range
hhl_projection,hhl_s1_fixed_m,4,full_vector_readout_lower_bound,,,22665.24920408136,4218298.194080776,22665.24920408136,10000,1.0965541176759857,0.9981055945156931,extrapolated_beyond_successful_hhl_range
hhl_projection,hhl_s1_fixed_m,4,full_vector_tomography_proxy,,,22665.24920408136,42182981940.807755,226652492.0408136,10000,1.0965541176759857,0.9981055945156931,extrapolated_beyond_successful_hhl_range
hhl_projection,hhl_s1_fixed_m,4,state_preparation_only,,,24803.82061781456,205.45453699539507,1.0,10000,1.0965541176759857,0.9981055945156931,extrapolated_beyond_successful_hhl_range
hhl_projection,hhl_s1_fixed_m,4,single_scalar_observable_sampling,,,24803.82061781456,2054545.3699539506,10000.0,10000,1.0965541176759857,0.9981055945156931,extrapolated_beyond_successful_hhl_range
hhl_projection,hhl_s1_fixed_m,4,full_vector_readout_lower_bound,,,24803.82061781456,5096057.480749925,24803.82061781456,10000,1.0965541176759857,0.9981055945156931,extrapolated_beyond_successful_hhl_range
hhl_projection,hhl_s1_fixed_m,4,full_vector_tomography_proxy,,,24803.82061781456,50960574807.499245,248038206.1781456,10000,1.0965541176759857,0.9981055945156931,extrapolated_beyond_successful_hhl_range
hhl_projection,hhl_s1_fixed_m,4,state_preparation_only,,,27144.176165949066,226.80608059535444,1.0,10000,1.0965541176759857,0.9981055945156931,extrapolated_beyond_successful_hhl_range
hhl_projection,hhl_s1_fixed_m,4,single_scalar_observable_sampling,,,27144.176165949066,2268060.8059535446,10000.0,10000,1.0965541176759857,0.9981055945156931,extrapolated_beyond_successful_hhl_range
hhl_projection,hhl_s1_fixed_m,4,full_vector_readout_lower_bound,,,27144.176165949066,6156464.207188743,27144.176165949066,10000,1.0965541176759857,0.9981055945156931,extrapolated_beyond_successful_hhl_range
hhl_projection,hhl_s1_fixed_m,4,full_vector_tomography_proxy,,,27144.176165949066,61564642071.88743,271441761.65949064,10000,1.0965541176759857,0.9981055945156931,extrapolated_beyond_successful_hhl_range
hhl_projection,hhl_s1_fixed_m,4,state_preparation_only,,,29705.35511770673,250.3765501960139,1.0,10000,1.0965541176759857,0.9981055945156931,extrapolated_beyond_successful_hhl_range
hhl_projection,hhl_s1_fixed_m,4,single_scalar_observable_sampling,,,29705.35511770673,2503765.5019601393,10000.0,10000,1.0965541176759857,0.9981055945156931,extrapolated_beyond_successful_hhl_range
hhl_projection,hhl_s1_fixed_m,4,full_vector_readout_lower_bound,,,29705.35511770673,7437524.336718918,29705.35511770673,10000,1.0965541176759857,0.9981055945156931,extrapolated_beyond_successful_hhl_range
hhl_projection,hhl_s1_fixed_m,4,full_vector_tomography_proxy,,,29705.35511770673,74375243367.18918,297053551.1770673,10000,1.0965541176759857,0.9981055945156931,extrapolated_beyond_successful_hhl_range
hhl_projection,hhl_s1_fixed_m,4,state_preparation_only,,,32508.19318568967,276.3965442350715,1.0,10000,1.0965541176759857,0.9981055945156931,extrapolated_beyond_successful_hhl_range
hhl_projection,hhl_s1_fixed_m,4,single_scalar_observable_sampling,,,32508.19318568967,2763965.442350715,10000.0,10000,1.0965541176759857,0.9981055945156931,extrapolated_beyond_successful_hhl_range
hhl_projection,hhl_s1_fixed_m,4,full_vector_readout_lower_bound,,,32508.19318568967,8985152.255850723,32508.19318568967,10000,1.0965541176759857,0.9981055945156931,extrapolated_beyond_successful_hhl_range
hhl_projection,hhl_s1_fixed_m,4,full_vector_tomography_proxy,,,32508.19318568967,89851522558.50723,325081931.8568967,10000,1.0965541176759857,0.9981055945156931,extrapolated_beyond_successful_hhl_range
hhl_projection,hhl_s1_fixed_m,4,state_preparation_only,,,35575.49202864762,305.12062573464726,1.0,10000,1.0965541176759857,0.9981055945156931,extrapolated_beyond_successful_hhl_range
hhl_projection,hhl_s1_fixed_m,4,single_scalar_observable_sampling,,,35575.49202864762,3051206.2573464727,10000.0,10000,1.0965541176759857,0.9981055945156931,extrapolated_beyond_successful_hhl_range
hhl_projection,hhl_s1_fixed_m,4,full_vector_readout_lower_bound,,,35575.49202864762,10854816.388598917,35575.49202864762,10000,1.0965541176759857,0.9981055945156931,extrapolated_beyond_successful_hhl_range
hhl_projection,hhl_s1_fixed_m,4,full_vector_tomography_proxy,,,35575.49202864762,108548163885.98918,355754920.2864762,10000,1.0965541176759857,0.9981055945156931,extrapolated_beyond_successful_hhl_range
hhl_projection,hhl_s1_fixed_m,4,state_preparation_only,,,38932.204747617376,336.8298127834893,1.0,10000,1.0965541176759857,0.9981055945156931,extrapolated_beyond_successful_hhl_range
hhl_projection,hhl_s1_fixed_m,4,single_scalar_observable_sampling,,,38932.204747617376,3368298.127834893,10000.0,10000,1.0965541176759857,0.9981055945156931,extrapolated_beyond_successful_hhl_range
hhl_projection,hhl_s1_fixed_m,4,full_vector_readout_lower_bound,,,38932.204747617376,13113527.236388434,38932.204747617376,10000,1.0965541176759857,0.9981055945156931,extrapolated_beyond_successful_hhl_range
hhl_projection,hhl_s1_fixed_m,4,full_vector_tomography_proxy,,,38932.204747617376,131135272363.88432,389322047.47617376,10000,1.0965541176759857,0.9981055945156931,extrapolated_beyond_successful_hhl_range
hhl_projection,hhl_s1_fixed_m,4,state_preparation_only,,,42605.638884483946,371.83432783868005,1.0,10000,1.0965541176759857,0.9981055945156931,extrapolated_beyond_successful_hhl_range
hhl_projection,hhl_s1_fixed_m,4,single_scalar_observable_sampling,,,42605.638884483946,3718343.2783868005,10000.0,10000,1.0965541176759857,0.9981055945156931,extrapolated_beyond_successful_hhl_range
hhl_projection,hhl_s1_fixed_m,4,full_vector_readout_lower_bound,,,42605.638884483946,15842239.096749619,42605.638884483946,10000,1.0965541176759857,0.9981055945156931,extrapolated_beyond_successful_hhl_range
hhl_projection,hhl_s1_fixed_m,4,full_vector_tomography_proxy,,,42605.638884483946,158422390967.4962,426056388.84483945,10000,1.0965541176759857,0.9981055945156931,extrapolated_beyond_successful_hhl_range
hhl_projection,hhl_s1_fixed_m,4,state_preparation_only,,,46625.678574397774,410.476632744252,1.0,10000,1.0965541176759857,0.9981055945156931,extrapolated_beyond_successful_hhl_range
hhl_projection,hhl_s1_fixed_m,4,single_scalar_observable_sampling,,,46625.678574397774,4104766.3274425203,10000.0,10000,1.0965541176759857,0.9981055945156931,extrapolated_beyond_successful_hhl_range
hhl_projection,hhl_s1_fixed_m,4,full_vector_readout_lower_bound,,,46625.678574397774,19138751.540634613,46625.678574397774,10000,1.0965541176759857,0.9981055945156931,extrapolated_beyond_successful_hhl_range
hhl_projection,hhl_s1_fixed_m,4,full_vector_tomography_proxy,,,46625.678574397774,191387515406.34613,466256785.7439777,10000,1.0965541176759857,0.9981055945156931,extrapolated_beyond_successful_hhl_range
hhl_projection,hhl_s1_fixed_m,4,state_preparation_only,,,51025.02765930269,453.1347791593866,1.0,10000,1.0965541176759857,0.9981055945156931,extrapolated_beyond_successful_hhl_range
hhl_projection,hhl_s1_fixed_m,4,single_scalar_observable_sampling,,,51025.02765930269,4531347.791593866,10000.0,10000,1.0965541176759857,0.9981055945156931,extrapolated_beyond_successful_hhl_range
hhl_projection,hhl_s1_fixed_m,4,full_vector_readout_lower_bound,,,51025.02765930269,23121214.639999717,51025.02765930269,10000,1.0965541176759857,0.9981055945156931,extrapolated_beyond_successful_hhl_range
hhl_projection,hhl_s1_fixed_m,4,full_vector_tomography_proxy,,,51025.02765930269,231212146399.99713,510250276.5930268,10000,1.0965541176759857,0.9981055945156931,extrapolated_beyond_successful_hhl_range
hhl_projection,hhl_s1_fixed_m,4,state_preparation_only,,,55839.47574035361,500.2261071746771,1.0,10000,1.0965541176759857,0.9981055945156931,extrapolated_beyond_successful_hhl_range
hhl_projection,hhl_s1_fixed_m,4,single_scalar_observable_sampling,,,55839.47574035361,5002261.071746771,10000.0,10000,1.0965541176759857,0.9981055945156931,extrapolated_beyond_successful_hhl_range
hhl_projection,hhl_s1_fixed_m,4,full_vector_readout_lower_bound,,,55839.47574035361,27932363.57627191,55839.47574035361,10000,1.0965541176759857,0.9981055945156931,extrapolated_beyond_successful_hhl_range
hhl_projection,hhl_s1_fixed_m,4,full_vector_tomography_proxy,,,55839.47574035361,279323635762.71906,558394757.4035361,10000,1.0965541176759857,0.9981055945156931,extrapolated_beyond_successful_hhl_range
hhl_projection,hhl_s1_fixed_m,4,state_preparation_only,,,61108.1893336136,552.211328301322,1.0,10000,1.0965541176759857,0.9981055945156931,extrapolated_beyond_successful_hhl_range
hhl_projection,hhl_s1_fixed_m,4,single_scalar_observable_sampling,,,61108.1893336136,5522113.283013221,10000.0,10000,1.0965541176759857,0.9981055945156931,extrapolated_beyond_successful_hhl_range
hhl_projection,hhl_s1_fixed_m,4,full_vector_readout_lower_bound,,,61108.1893336136,33744634.402003445,61108.1893336136,10000,1.0965541176759857,0.9981055945156931,extrapolated_beyond_successful_hhl_range
hhl_projection,hhl_s1_fixed_m,4,full_vector_tomography_proxy,,,61108.1893336136,337446344020.0344,611081893.336136,10000,1.0965541176759857,0.9981055945156931,extrapolated_beyond_successful_hhl_range
hhl_projection,hhl_s1_fixed_m,4,state_preparation_only,,,66874.0304976422,609.599032778645,1.0,10000,1.0965541176759857,0.9981055945156931,extrapolated_beyond_successful_hhl_range
hhl_projection,hhl_s1_fixed_m,4,single_scalar_observable_sampling,,,66874.0304976422,6095990.32778645,10000.0,10000,1.0965541176759857,0.9981055945156931,extrapolated_beyond_successful_hhl_range
hhl_projection,hhl_s1_fixed_m,4,full_vector_readout_lower_bound,,,66874.0304976422,40766344.30937229,66874.0304976422,10000,1.0965541176759857,0.9981055945156931,extrapolated_beyond_successful_hhl_range
hhl_projection,hhl_s1_fixed_m,4,full_vector_tomography_proxy,,,66874.0304976422,407663443093.72296,668740304.9764221,10000,1.0965541176759857,0.9981055945156931,extrapolated_beyond_successful_hhl_range
hhl_projection,hhl_s1_fixed_m,4,state_preparation_only,,,73183.9055250751,672.9506652965389,1.0,10000,1.0965541176759857,0.9981055945156931,extrapolated_beyond_successful_hhl_range
hhl_projection,hhl_s1_fixed_m,4,single_scalar_observable_sampling,,,73183.9055250751,6729506.652965389,10000.0,10000,1.0965541176759857,0.9981055945156931,extrapolated_beyond_successful_hhl_range
hhl_projection,hhl_s1_fixed_m,4,full_vector_readout_lower_bound,,,73183.9055250751,49249157.91209833,73183.9055250751,10000,1.0965541176759857,0.9981055945156931,extrapolated_beyond_successful_hhl_range
hhl_projection,hhl_s1_fixed_m,4,full_vector_tomography_proxy,,,73183.9055250751,492491579120.9833,731839055.2507509,10000,1.0965541176759857,0.9981055945156931,extrapolated_beyond_successful_hhl_range
hhl_projection,hhl_s1_fixed_m,4,state_preparation_only,,,80089.14653487128,742.8860178121298,1.0,10000,1.0965541176759857,0.9981055945156931,extrapolated_beyond_successful_hhl_range
hhl_projection,hhl_s1_fixed_m,4,single_scalar_observable_sampling,,,80089.14653487128,7428860.178121298,10000.0,10000,1.0965541176759857,0.9981055945156931,extrapolated_beyond_successful_hhl_range
hhl_projection,hhl_s1_fixed_m,4,full_vector_readout_lower_bound,,,80089.14653487128,59497107.13926266,80089.14653487128,10000,1.0965541176759857,0.9981055945156931,extrapolated_beyond_successful_hhl_range
hhl_projection,hhl_s1_fixed_m,4,full_vector_tomography_proxy,,,80089.14653487128,594971071392.6266,800891465.3487128,10000,1.0965541176759857,0.9981055945156931,extrapolated_beyond_successful_hhl_range
hhl_projection,hhl_s1_fixed_m,4,state_preparation_only,,,87645.9290695598,820.0892931988953,1.0,10000,1.0965541176759857,0.9981055945156931,extrapolated_beyond_successful_hhl_range
hhl_projection,hhl_s1_fixed_m,4,single_scalar_observable_sampling,,,87645.9290695598,8200892.931988954,10000.0,10000,1.0965541176759857,0.9981055945156931,extrapolated_beyond_successful_hhl_range
hhl_projection,hhl_s1_fixed_m,4,full_vector_readout_lower_bound,,,87645.9290695598,71877488.02241582,87645.9290695598,10000,1.0965541176759857,0.9981055945156931,extrapolated_beyond_successful_hhl_range
hhl_projection,hhl_s1_fixed_m,4,full_vector_tomography_proxy,,,87645.9290695598,718774880224.1581,876459290.695598,10000,1.0965541176759857,0.9981055945156931,extrapolated_beyond_successful_hhl_range
hhl_projection,hhl_s1_fixed_m,4,state_preparation_only,,,95915.72909472327,905.3157990510824,1.0,10000,1.0965541176759857,0.9981055945156931,extrapolated_beyond_successful_hhl_range
hhl_projection,hhl_s1_fixed_m,4,single_scalar_observable_sampling,,,95915.72909472327,9053157.990510825,10000.0,10000,1.0965541176759857,0.9981055945156931,extrapolated_beyond_successful_hhl_range
hhl_projection,hhl_s1_fixed_m,4,full_vector_readout_lower_bound,,,95915.72909472327,86834024.92695655,95915.72909472327,10000,1.0965541176759857,0.9981055945156931,extrapolated_beyond_successful_hhl_range
hhl_projection,hhl_s1_fixed_m,4,full_vector_tomography_proxy,,,95915.72909472327,868340249269.5654,959157290.9472326,10000,1.0965541176759857,0.9981055945156931,extrapolated_beyond_successful_hhl_range
hhl_projection,hhl_s1_fixed_m,4,state_preparation_only,,,104965.82311850357,999.3993371313543,1.0,10000,1.0965541176759857,0.9981055945156931,extrapolated_beyond_successful_hhl_range
hhl_projection,hhl_s1_fixed_m,4,single_scalar_observable_sampling,,,104965.82311850357,9993993.371313542,10000.0,10000,1.0965541176759857,0.9981055945156931,extrapolated_beyond_successful_hhl_range
hhl_projection,hhl_s1_fixed_m,4,full_vector_readout_lower_bound,,,104965.82311850357,104902774.04607946,104965.82311850357,10000,1.0965541176759857,0.9981055945156931,extrapolated_beyond_successful_hhl_range
hhl_projection,hhl_s1_fixed_m,4,full_vector_tomography_proxy,,,104965.82311850357,1049027740460.7944,1049658231.1850356,10000,1.0965541176759857,0.9981055945156931,extrapolated_beyond_successful_hhl_range
hhl_projection,hhl_s1_fixed_m,4,state_preparation_only,,,114869.8354997034,1103.2603607553208,1.0,10000,1.0965541176759857,0.9981055945156931,extrapolated_beyond_successful_hhl_range
hhl_projection,hhl_s1_fixed_m,4,single_scalar_observable_sampling,,,114869.8354997034,11032603.607553208,10000.0,10000,1.0965541176759857,0.9981055945156931,extrapolated_beyond_successful_hhl_range
hhl_projection,hhl_s1_fixed_m,4,full_vector_readout_lower_bound,,,114869.8354997034,126731336.15330712,114869.8354997034,10000,1.0965541176759857,0.9981055945156931,extrapolated_beyond_successful_hhl_range
hhl_projection,hhl_s1_fixed_m,4,full_vector_tomography_proxy,,,114869.8354997034,1267313361533.0713,1148698354.997034,10000,1.0965541176759857,0.9981055945156931,extrapolated_beyond_successful_hhl_range
hhl_projection,hhl_s1_fixed_m,4,state_preparation_only,,,125708.33739694525,1217.9149799195698,1.0,10000,1.0965541176759857,0.9981055945156931,extrapolated_beyond_successful_hhl_range
hhl_projection,hhl_s1_fixed_m,4,single_scalar_observable_sampling,,,125708.33739694525,12179149.799195698,10000.0,10000,1.0965541176759857,0.9981055945156931,extrapolated_beyond_successful_hhl_range
hhl_projection,hhl_s1_fixed_m,4,full_vector_readout_lower_bound,,,125708.33739694525,153102067.21652308,125708.33739694525,10000,1.0965541176759857,0.9981055945156931,extrapolated_beyond_successful_hhl_range
hhl_projection,hhl_s1_fixed_m,4,full_vector_tomography_proxy,,,125708.33739694525,1531020672165.2307,1257083373.9694524,10000,1.0965541176759857,0.9981055945156931,extrapolated_beyond_successful_hhl_range
hhl_projection,hhl_s1_fixed_m,4,state_preparation_only,,,137569.50223146315,1344.4849022736291,1.0,10000,1.0965541176759857,0.9981055945156931,extrapolated_beyond_successful_hhl_range
hhl_projection,hhl_s1_fixed_m,4,single_scalar_observable_sampling,,,137569.50223146315,13444849.02273629,10000.0,10000,1.0965541176759857,0.9981055945156931,extrapolated_beyond_successful_hhl_range
hhl_projection,hhl_s1_fixed_m,4,full_vector_readout_lower_bound,,,137569.50223146315,184960118.76350054,137569.50223146315,10000,1.0965541176759857,0.9981055945156931,extrapolated_beyond_successful_hhl_range
hhl_projection,hhl_s1_fixed_m,4,full_vector_tomography_proxy,,,137569.50223146315,1849601187635.0054,1375695022.3146315,10000,1.0965541176759857,0.9981055945156931,extrapolated_beyond_successful_hhl_range
hhl_projection,hhl_s1_fixed_m,4,state_preparation_only,,,150549.8229958488,1484.2084071920262,1.0,10000,1.0965541176759857,0.9981055945156931,extrapolated_beyond_successful_hhl_range
hhl_projection,hhl_s1_fixed_m,4,single_scalar_observable_sampling,,,150549.8229958488,14842084.071920263,10000.0,10000,1.0965541176759857,0.9981055945156931,extrapolated_beyond_successful_hhl_range
hhl_projection,hhl_s1_fixed_m,4,full_vector_readout_lower_bound,,,150549.8229958488,223447312.99171025,150549.8229958488,10000,1.0965541176759857,0.9981055945156931,extrapolated_beyond_successful_hhl_range
hhl_projection,hhl_s1_fixed_m,4,full_vector_tomography_proxy,,,150549.8229958488,2234473129917.1025,1505498229.958488,10000,1.0965541176759857,0.9981055945156931,extrapolated_beyond_successful_hhl_range
hhl_projection,hhl_s1_fixed_m,4,state_preparation_only,,,164754.89724420657,1638.452460309707,1.0,10000,1.0965541176759857,0.9981055945156931,extrapolated_beyond_successful_hhl_range
hhl_projection,hhl_s1_fixed_m,4,single_scalar_observable_sampling,,,164754.89724420657,16384524.60309707,10000.0,10000,1.0965541176759857,0.9981055945156931,extrapolated_beyond_successful_hhl_range
hhl_projection,hhl_s1_fixed_m,4,full_vector_readout_lower_bound,,,164754.89724420657,269943066.7378432,164754.89724420657,10000,1.0965541176759857,0.9981055945156931,extrapolated_beyond_successful_hhl_range
hhl_projection,hhl_s1_fixed_m,4,full_vector_tomography_proxy,,,164754.89724420657,2699430667378.432,1647548972.4420657,10000,1.0965541176759857,0.9981055945156931,extrapolated_beyond_successful_hhl_range
hhl_projection,hhl_s1_fixed_m,4,state_preparation_only,,,180300.286149772,1808.7260870417701,1.0,10000,1.0965541176759857,0.9981055945156931,extrapolated_beyond_successful_hhl_range
hhl_projection,hhl_s1_fixed_m,4,single_scalar_observable_sampling,,,180300.286149772,18087260.870417703,10000.0,10000,1.0965541176759857,0.9981055945156931,extrapolated_beyond_successful_hhl_range
hhl_projection,hhl_s1_fixed_m,4,full_vector_readout_lower_bound,,,180300.286149772,326113831.0601886,180300.286149772,10000,1.0965541176759857,0.9981055945156931,extrapolated_beyond_successful_hhl_range
hhl_projection,hhl_s1_fixed_m,4,full_vector_tomography_proxy,,,180300.286149772,3261138310601.8857,1803002861.49772,10000,1.0965541176759857,0.9981055945156931,extrapolated_beyond_successful_hhl_range
hhl_projection,hhl_s1_fixed_m,4,state_preparation_only,,,197312.4546186003,1996.695135925426,1.0,10000,1.0965541176759857,0.9981055945156931,extrapolated_beyond_successful_hhl_range
hhl_projection,hhl_s1_fixed_m,4,single_scalar_observable_sampling,,,197312.4546186003,19966951.35925426,10000.0,10000,1.0965541176759857,0.9981055945156931,extrapolated_beyond_successful_hhl_range
hhl_projection,hhl_s1_fixed_m,4,full_vector_readout_lower_bound,,,197312.4546186003,393972818.3944656,197312.4546186003,10000,1.0965541176759857,0.9981055945156931,extrapolated_beyond_successful_hhl_range
hhl_projection,hhl_s1_fixed_m,4,full_vector_tomography_proxy,,,197312.4546186003,3939728183944.656,1973124546.186003,10000,1.0965541176759857,0.9981055945156931,extrapolated_beyond_successful_hhl_range
hhl_projection,hhl_s1_fixed_m,4,state_preparation_only,,,215929.80010734455,2204.198576219344,1.0,10000,1.0965541176759857,0.9981055945156931,extrapolated_beyond_successful_hhl_range
hhl_projection,hhl_s1_fixed_m,4,single_scalar_observable_sampling,,,215929.80010734455,22041985.76219344,10000.0,10000,1.0965541176759857,0.9981055945156931,extrapolated_beyond_successful_hhl_range
hhl_projection,hhl_s1_fixed_m,4,full_vector_readout_lower_bound,,,215929.80010734455,475952157.9599364,215929.80010734455,10000,1.0965541176759857,0.9981055945156931,extrapolated_beyond_successful_hhl_range
hhl_projection,hhl_s1_fixed_m,4,full_vector_tomography_proxy,,,215929.80010734455,4759521579599.363,2159298001.0734453,10000,1.0965541176759857,0.9981055945156931,extrapolated_beyond_successful_hhl_range
hhl_projection,hhl_s1_fixed_m,4,state_preparation_only,,,236303.77851476157,2433.2664892057082,1.0,10000,1.0965541176759857,0.9981055945156931,extrapolated_beyond_successful_hhl_range
hhl_projection,hhl_s1_fixed_m,4,single_scalar_observable_sampling,,,236303.77851476157,24332664.892057084,10000.0,10000,1.0965541176759857,0.9981055945156931,extrapolated_beyond_successful_hhl_range
hhl_projection,hhl_s1_fixed_m,4,full_vector_readout_lower_bound,,,236303.77851476157,574990065.5326571,236303.77851476157,10000,1.0965541176759857,0.9981055945156931,extrapolated_beyond_successful_hhl_range
hhl_projection,hhl_s1_fixed_m,4,full_vector_tomography_proxy,,,236303.77851476157,5749900655326.571,2363037785.1476154,10000,1.0965541176759857,0.9981055945156931,extrapolated_beyond_successful_hhl_range
hhl_projection,hhl_s1_fixed_m,4,state_preparation_only,,,258600.1363063102,2686.1399292103997,1.0,10000,1.0965541176759857,0.9981055945156931,extrapolated_beyond_successful_hhl_range
hhl_projection,hhl_s1_fixed_m,4,single_scalar_observable_sampling,,,258600.1363063102,26861399.292104,10000.0,10000,1.0965541176759857,0.9981055945156931,extrapolated_beyond_successful_hhl_range
hhl_projection,hhl_s1_fixed_m,4,full_vector_readout_lower_bound,,,258600.1363063102,694636151.8316318,258600.1363063102,10000,1.0965541176759857,0.9981055945156931,extrapolated_beyond_successful_hhl_range
hhl_projection,hhl_s1_fixed_m,4,full_vector_tomography_proxy,,,258600.1363063102,6946361518316.317,2586001363.063102,10000,1.0965541176759857,0.9981055945156931,extrapolated_beyond_successful_hhl_range
hhl_projection,hhl_s1_fixed_m,4,state_preparation_only,,,283000.2588954139,2965.2928486487813,1.0,10000,1.0965541176759857,0.9981055945156931,extrapolated_beyond_successful_hhl_range
hhl_projection,hhl_s1_fixed_m,4,single_scalar_observable_sampling,,,283000.2588954139,29652928.486487813,10000.0,10000,1.0965541176759857,0.9981055945156931,extrapolated_beyond_successful_hhl_range
hhl_projection,hhl_s1_fixed_m,4,full_vector_readout_lower_bound,,,283000.2588954139,839178643.8683245,283000.2588954139,10000,1.0965541176759857,0.9981055945156931,extrapolated_beyond_successful_hhl_range
hhl_projection,hhl_s1_fixed_m,4,full_vector_tomography_proxy,,,283000.2588954139,8391786438683.244,2830002588.9541388,10000,1.0965541176759857,0.9981055945156931,extrapolated_beyond_successful_hhl_range
hhl_projection,hhl_s1_fixed_m,4,state_preparation_only,,,309702.64625075983,3273.4563015979575,1.0,10000,1.0965541176759857,0.9981055945156931,extrapolated_beyond_successful_hhl_range
hhl_projection,hhl_s1_fixed_m,4,single_scalar_observable_sampling,,,309702.64625075983,32734563.015979573,10000.0,10000,1.0965541176759857,0.9981055945156931,extrapolated_beyond_successful_hhl_range
hhl_projection,hhl_s1_fixed_m,4,full_vector_readout_lower_bound,,,309702.64625075983,1013798078.9911128,309702.64625075983,10000,1.0965541176759857,0.9981055945156931,extrapolated_beyond_successful_hhl_range
hhl_projection,hhl_s1_fixed_m,4,full_vector_tomography_proxy,,,309702.64625075983,10137980789911.129,3097026462.5075984,10000,1.0965541176759857,0.9981055945156931,extrapolated_beyond_successful_hhl_range
hhl_projection,hhl_s1_fixed_m,4,state_preparation_only,,,338924.527733983,3613.645162687422,1.0,10000,1.0965541176759857,0.9981055945156931,extrapolated_beyond_successful_hhl_range
hhl_projection,hhl_s1_fixed_m,4,single_scalar_observable_sampling,,,338924.527733983,36136451.626874216,10000.0,10000,1.0965541176759857,0.9981055945156931,extrapolated_beyond_successful_hhl_range
hhl_projection,hhl_s1_fixed_m,4,full_vector_readout_lower_bound,,,338924.527733983,1224752980.1620266,338924.527733983,10000,1.0965541176759857,0.9981055945156931,extrapolated_beyond_successful_hhl_range
hhl_projection,hhl_s1_fixed_m,4,full_vector_tomography_proxy,,,338924.527733983,12247529801620.266,3389245277.33983,10000,1.0965541176759857,0.9981055945156931,extrapolated_beyond_successful_hhl_range
hhl_projection,hhl_s1_fixed_m,4,state_preparation_only,,,370903.629304787,3989.187622709274,1.0,10000,1.0965541176759857,0.9981055945156931,extrapolated_beyond_successful_hhl_range
hhl_projection,hhl_s1_fixed_m,4,single_scalar_observable_sampling,,,370903.629304787,39891876.227092735,10000.0,10000,1.0965541176759857,0.9981055945156931,extrapolated_beyond_successful_hhl_range
hhl_projection,hhl_s1_fixed_m,4,full_vector_readout_lower_bound,,,370903.629304787,1479604167.240605,370903.629304787,10000,1.0965541176759857,0.9981055945156931,extrapolated_beyond_successful_hhl_range
hhl_projection,hhl_s1_fixed_m,4,full_vector_tomography_proxy,,,370903.629304787,14796041672406.05,3709036293.04787,10000,1.0965541176759857,0.9981055945156931,extrapolated_beyond_successful_hhl_range
hhl_projection,hhl_s1_fixed_m,4,state_preparation_only,,,405900.1074700604,4403.757749513561,1.0,10000,1.0965541176759857,0.9981055945156931,extrapolated_beyond_successful_hhl_range
hhl_projection,hhl_s1_fixed_m,4,single_scalar_observable_sampling,,,405900.1074700604,44037577.49513561,10000.0,10000,1.0965541176759857,0.9981055945156931,extrapolated_beyond_successful_hhl_range
hhl_projection,hhl_s1_fixed_m,4,full_vector_readout_lower_bound,,,405900.1074700604,1787485743.7996657,405900.1074700604,10000,1.0965541176759857,0.9981055945156931,extrapolated_beyond_successful_hhl_range
hhl_projection,hhl_s1_fixed_m,4,full_vector_tomography_proxy,,,405900.1074700604,17874857437996.656,4059001074.700604,10000,1.0965541176759857,0.9981055945156931,extrapolated_beyond_successful_hhl_range
hhl_projection,hhl_s1_fixed_m,4,state_preparation_only,,,444198.665710063,4861.4114327442385,1.0,10000,1.0965541176759857,0.9981055945156931,extrapolated_beyond_successful_hhl_range
hhl_projection,hhl_s1_fixed_m,4,single_scalar_observable_sampling,,,444198.665710063,48614114.327442385,10000.0,10000,1.0965541176759857,0.9981055945156931,extrapolated_beyond_successful_hhl_range
hhl_projection,hhl_s1_fixed_m,4,full_vector_readout_lower_bound,,,444198.665710063,2159432471.8926363,444198.665710063,10000,1.0965541176759857,0.9981055945156931,extrapolated_beyond_successful_hhl_range
hhl_projection,hhl_s1_fixed_m,4,full_vector_tomography_proxy,,,444198.665710063,21594324718926.363,4441986657.10063,10000,1.0965541176759857,0.9981055945156931,extrapolated_beyond_successful_hhl_range
hhl_projection,hhl_s1_fixed_m,4,state_preparation_only,,,486110.8705992513,5366.626064076075,1.0,10000,1.0965541176759857,0.9981055945156931,extrapolated_beyond_successful_hhl_range
hhl_projection,hhl_s1_fixed_m,4,single_scalar_observable_sampling,,,486110.8705992513,53666260.64076075,10000.0,10000,1.0965541176759857,0.9981055945156931,extrapolated_beyond_successful_hhl_range
hhl_projection,hhl_s1_fixed_m,4,full_vector_readout_lower_bound,,,486110.8705992513,2608775268.188654,486110.8705992513,10000,1.0965541176759857,0.9981055945156931,extrapolated_beyond_successful_hhl_range
hhl_projection,hhl_s1_fixed_m,4,full_vector_tomography_proxy,,,486110.8705992513,26087752681886.54,4861108705.992513,10000,1.0965541176759857,0.9981055945156931,extrapolated_beyond_successful_hhl_range
hhl_projection,hhl_s1_fixed_m,4,state_preparation_only,,,531977.6864638346,5924.344341158293,1.0,10000,1.0965541176759857,0.9981055945156931,extrapolated_beyond_successful_hhl_range
hhl_projection,hhl_s1_fixed_m,4,single_scalar_observable_sampling,,,531977.6864638346,59243443.41158293,10000.0,10000,1.0965541176759857,0.9981055945156931,extrapolated_beyond_successful_hhl_range
hhl_projection,hhl_s1_fixed_m,4,full_vector_readout_lower_bound,,,531977.6864638346,3151618996.424499,531977.6864638346,10000,1.0965541176759857,0.9981055945156931,extrapolated_beyond_successful_hhl_range
hhl_projection,hhl_s1_fixed_m,4,full_vector_tomography_proxy,,,531977.6864638346,31516189964244.99,5319776864.638346,10000,1.0965541176759857,0.9981055945156931,extrapolated_beyond_successful_hhl_range
hhl_projection,hhl_s1_fixed_m,4,state_preparation_only,,,582172.2491960453,6540.022623815281,1.0,10000,1.0965541176759857,0.9981055945156931,extrapolated_beyond_successful_hhl_range
hhl_projection,hhl_s1_fixed_m,4,single_scalar_observable_sampling,,,582172.2491960453,65400226.23815281,10000.0,10000,1.0965541176759857,0.9981055945156931,extrapolated_beyond_successful_hhl_range
hhl_projection,hhl_s1_fixed_m,4,full_vector_readout_lower_bound,,,582172.2491960453,3807419680.699564,582172.2491960453,10000,1.0965541176759857,0.9981055945156931,extrapolated_beyond_successful_hhl_range
hhl_projection,hhl_s1_fixed_m,4,full_vector_tomography_proxy,,,582172.2491960453,38074196806995.64,5821722491.960453,10000,1.0965541176759857,0.9981055945156931,extrapolated_beyond_successful_hhl_range
hhl_projection,hhl_s1_fixed_m,4,state_preparation_only,,,637102.9017906451,7219.684315590163,1.0,10000,1.0965541176759857,0.9981055945156931,extrapolated_beyond_successful_hhl_range
hhl_projection,hhl_s1_fixed_m,4,single_scalar_observable_sampling,,,637102.9017906451,72196843.15590164,10000.0,10000,1.0965541176759857,0.9981055945156931,extrapolated_beyond_successful_hhl_range
hhl_projection,hhl_s1_fixed_m,4,full_vector_readout_lower_bound,,,637102.9017906451,4599681827.4749,637102.9017906451,10000,1.0965541176759857,0.9981055945156931,extrapolated_beyond_successful_hhl_range
hhl_projection,hhl_s1_fixed_m,4,full_vector_tomography_proxy,,,637102.9017906451,45996818274749.0,6371029017.90645,10000,1.0965541176759857,0.9981055945156931,extrapolated_beyond_successful_hhl_range
hhl_projection,hhl_s1_fixed_m,4,state_preparation_only,,,697216.5162983808,7969.978792882327,1.0,10000,1.0965541176759857,0.9981055945156931,extrapolated_beyond_successful_hhl_range
hhl_projection,hhl_s1_fixed_m,4,single_scalar_observable_sampling,,,697216.5162983808,79699787.92882328,10000.0,10000,1.0965541176759857,0.9981055945156931,extrapolated_beyond_successful_hhl_range
hhl_projection,hhl_s1_fixed_m,4,full_vector_readout_lower_bound,,,697216.5162983808,5556800848.945391,697216.5162983808,10000,1.0965541176759857,0.9981055945156931,extrapolated_beyond_successful_hhl_range
hhl_projection,hhl_s1_fixed_m,4,full_vector_tomography_proxy,,,697216.5162983808,55568008489453.9,6972165162.983808,10000,1.0965541176759857,0.9981055945156931,extrapolated_beyond_successful_hhl_range
hhl_projection,hhl_s1_fixed_m,4,state_preparation_only,,,763002.129221175,8798.246458204296,1.0,10000,1.0965541176759857,0.9981055945156931,extrapolated_beyond_successful_hhl_range
hhl_projection,hhl_s1_fixed_m,4,single_scalar_observable_sampling,,,763002.129221175,87982464.58204296,10000.0,10000,1.0965541176759857,0.9981055945156931,extrapolated_beyond_successful_hhl_range
hhl_projection,hhl_s1_fixed_m,4,full_vector_readout_lower_bound,,,763002.129221175,6713080781.022539,763002.129221175,10000,1.0965541176759857,0.9981055945156931,extrapolated_beyond_successful_hhl_range
hhl_projection,hhl_s1_fixed_m,4,full_vector_tomography_proxy,,,763002.129221175,67130807810225.38,7630021292.211749,10000,1.0965541176759857,0.9981055945156931,extrapolated_beyond_successful_hhl_range
hhl_projection,hhl_s1_fixed_m,4,state_preparation_only,,,834994.9199236968,9712.590553996823,1.0,10000,1.0965541176759857,0.9981055945156931,extrapolated_beyond_successful_hhl_range
hhl_projection,hhl_s1_fixed_m,4,single_scalar_observable_sampling,,,834994.9199236968,97125905.53996822,10000.0,10000,1.0965541176759857,0.9981055945156931,extrapolated_beyond_successful_hhl_range
hhl_projection,hhl_s1_fixed_m,4,full_vector_readout_lower_bound,,,834994.9199236968,8109963771.88623,834994.9199236968,10000,1.0965541176759857,0.9981055945156931,extrapolated_beyond_successful_hhl_range
hhl_projection,hhl_s1_fixed_m,4,full_vector_tomography_proxy,,,834994.9199236968,81099637718862.3,8349949199.236967,10000,1.0965541176759857,0.9981055945156931,extrapolated_beyond_successful_hhl_range
hhl_projection,hhl_s1_fixed_m,4,state_preparation_only,,,913780.5644265449,10721.956439583806,1.0,10000,1.0965541176759857,0.9981055945156931,extrapolated_beyond_successful_hhl_range
hhl_projection,hhl_s1_fixed_m,4,single_scalar_observable_sampling,,,913780.5644265449,107219564.39583807,10000.0,10000,1.0965541176759857,0.9981055945156931,extrapolated_beyond_successful_hhl_range
hhl_projection,hhl_s1_fixed_m,4,full_vector_readout_lower_bound,,,913780.5644265449,9797515407.119719,913780.5644265449,10000,1.0965541176759857,0.9981055945156931,extrapolated_beyond_successful_hhl_range
hhl_projection,hhl_s1_fixed_m,4,full_vector_tomography_proxy,,,913780.5644265449,97975154071197.19,9137805644.26545,10000,1.0965541176759857,0.9981055945156931,extrapolated_beyond_successful_hhl_range
hhl_projection,hhl_s1_fixed_m,4,state_preparation_only,,,1000000.0,11836.219106860732,1.0,10000,1.0965541176759857,0.9981055945156931,extrapolated_beyond_successful_hhl_range
hhl_projection,hhl_s1_fixed_m,4,single_scalar_observable_sampling,,,1000000.0,118362191.06860732,10000.0,10000,1.0965541176759857,0.9981055945156931,extrapolated_beyond_successful_hhl_range
hhl_projection,hhl_s1_fixed_m,4,full_vector_readout_lower_bound,,,1000000.0,11836219106.860731,1000000.0,10000,1.0965541176759857,0.9981055945156931,extrapolated_beyond_successful_hhl_range
hhl_projection,hhl_s1_fixed_m,4,full_vector_tomography_proxy,,,1000000.0,118362191068607.31,10000000000.0,10000,1.0965541176759857,0.9981055945156931,extrapolated_beyond_successful_hhl_range
hhl_projection,hhl_s1_fixed_m,6,state_preparation_only,,,20.000000000000004,0.3971336631410801,1.0,2000,1.1002720708523954,0.9973620007718406,inside_observed_success_range
hhl_projection,hhl_s1_fixed_m,6,single_scalar_observable_sampling,,,20.000000000000004,3971.336631410801,10000.0,2000,1.1002720708523954,0.9973620007718406,inside_observed_success_range
hhl_projection,hhl_s1_fixed_m,6,full_vector_readout_lower_bound,,,20.000000000000004,7.942673262821604,20.000000000000004,2000,1.1002720708523954,0.9973620007718406,inside_observed_success_range
hhl_projection,hhl_s1_fixed_m,6,full_vector_tomography_proxy,,,20.000000000000004,79426.73262821604,200000.00000000003,2000,1.1002720708523954,0.9973620007718406,inside_observed_success_range
hhl_projection,hhl_s1_fixed_m,6,state_preparation_only,,,21.887092786386024,0.4385521527417261,1.0,2000,1.1002720708523954,0.9973620007718406,inside_observed_success_range
hhl_projection,hhl_s1_fixed_m,6,single_scalar_observable_sampling,,,21.887092786386024,4385.521527417261,10000.0,2000,1.1002720708523954,0.9973620007718406,inside_observed_success_range
hhl_projection,hhl_s1_fixed_m,6,full_vector_readout_lower_bound,,,21.887092786386024,9.598631658727495,21.887092786386024,2000,1.1002720708523954,0.9973620007718406,inside_observed_success_range
hhl_projection,hhl_s1_fixed_m,6,full_vector_tomography_proxy,,,21.887092786386024,95986.31658727495,218870.92786386024,2000,1.1002720708523954,0.9973620007718406,inside_observed_success_range
hhl_projection,hhl_s1_fixed_m,6,state_preparation_only,,,23.952241531993543,0.4842903247063156,1.0,2000,1.1002720708523954,0.9973620007718406,inside_observed_success_range
hhl_projection,hhl_s1_fixed_m,6,single_scalar_observable_sampling,,,23.952241531993543,4842.903247063156,10000.0,2000,1.1002720708523954,0.9973620007718406,inside_observed_success_range
hhl_projection,hhl_s1_fixed_m,6,full_vector_readout_lower_bound,,,23.952241531993543,11.599838828973251,23.952241531993543,2000,1.1002720708523954,0.9973620007718406,inside_observed_success_range
hhl_projection,hhl_s1_fixed_m,6,full_vector_tomography_proxy,,,23.952241531993543,115998.38828973251,239522.41531993542,2000,1.1002720708523954,0.9973620007718406,inside_observed_success_range
hhl_projection,hhl_s1_fixed_m,6,state_preparation_only,,,26.212246642633577,0.5347986941527412,1.0,2000,1.1002720708523954,0.9973620007718406,inside_observed_success_range
hhl_projection,hhl_s1_fixed_m,6,single_scalar_observable_sampling,,,26.212246642633577,5347.986941527412,10000.0,2000,1.1002720708523954,0.9973620007718406,inside_observed_success_range
hhl_projection,hhl_s1_fixed_m,6,full_vector_readout_lower_bound,,,26.212246642633577,14.01827527529001,26.212246642633577,2000,1.1002720708523954,0.9973620007718406,inside_observed_success_range
hhl_projection,hhl_s1_fixed_m,6,full_vector_tomography_proxy,,,26.212246642633577,140182.75275290012,262122.46642633577,2000,1.1002720708523954,0.9973620007718406,inside_observed_success_range
hhl_projection,hhl_s1_fixed_m,6,state_preparation_only,,,28.685493720347814,0.5905747620312664,1.0,2000,1.1002720708523954,0.9973620007718406,inside_observed_success_range
hhl_projection,hhl_s1_fixed_m,6,single_scalar_observable_sampling,,,28.685493720347814,5905.7476203126635,10000.0,2000,1.1002720708523954,0.9973620007718406,inside_observed_success_range
hhl_projection,hhl_s1_fixed_m,6,full_vector_readout_lower_bound,,,28.685493720347814,16.940928627643796,28.685493720347814,2000,1.1002720708523954,0.9973620007718406,inside_observed_success_range
hhl_projection,hhl_s1_fixed_m,6,full_vector_tomography_proxy,,,28.685493720347814,169409.28627643795,286854.9372034781,2000,1.1002720708523954,0.9973620007718406,inside_observed_success_range
hhl_projection,hhl_s1_fixed_m,6,state_preparation_only,,,31.39210313402731,0.6521679154449737,1.0,2000,1.1002720708523954,0.9973620007718406,inside_observed_success_range
hhl_projection,hhl_s1_fixed_m,6,single_scalar_observable_sampling,,,31.39210313402731,6521.679154449736,10000.0,2000,1.1002720708523954,0.9973620007718406,inside_observed_success_range
hhl_projection,hhl_s1_fixed_m,6,full_vector_readout_lower_bound,,,31.39210313402731,20.472922462352216,31.39210313402731,2000,1.1002720708523954,0.9973620007718406,inside_observed_success_range
hhl_projection,hhl_s1_fixed_m,6,full_vector_tomography_proxy,,,31.39210313402731,204729.22462352214,313921.0313402731,2000,1.1002720708523954,0.9973620007718406,inside_observed_success_range
hhl_projection,hhl_s1_fixed_m,6,state_preparation_only,,,34.35409370271275,0.7201848390421474,1.0,2000,1.1002720708523954,0.9973620007718406,inside_observed_success_range
hhl_projection,hhl_s1_fixed_m,6,single_scalar_observable_sampling,,,34.35409370271275,7201.848390421474,10000.0,2000,1.1002720708523954,0.9973620007718406,inside_observed_success_range
hhl_projection,hhl_s1_fixed_m,6,full_vector_readout_lower_bound,,,34.35409370271275,24.74129744372703,34.35409370271275,2000,1.1002720708523954,0.9973620007718406,inside_observed_success_range
hhl_projection,hhl_s1_fixed_m,6,full_vector_tomography_proxy,,,34.35409370271275,247412.97443727028,343540.9370271275,2000,1.1002720708523954,0.9973620007718406,inside_observed_success_range
hhl_projection,hhl_s1_fixed_m,6,state_preparation_only,,,37.595561823173675,0.795295490782122,1.0,2000,1.1002720708523954,0.9973620007718406,inside_observed_success_range
hhl_projection,hhl_s1_fixed_m,6,single_scalar_observable_sampling,,,37.595561823173675,7952.95490782122,10000.0,2000,1.1002720708523954,0.9973620007718406,inside_observed_success_range
hhl_projection,hhl_s1_fixed_m,6,full_vector_readout_lower_bound,,,37.595561823173675,29.89958079139052,37.595561823173675,2000,1.1002720708523954,0.9973620007718406,inside_observed_success_range
hhl_projection,hhl_s1_fixed_m,6,full_vector_tomography_proxy,,,37.595561823173675,298995.8079139051,375955.6182317367,2000,1.1002720708523954,0.9973620007718406,inside_observed_success_range
hhl_projection,hhl_s1_fixed_m,6,state_preparation_only,,,41.14287749900571,0.8782397009351106,1.0,2000,1.1002720708523954,0.9973620007718406,inside_observed_success_range
hhl_projection,hhl_s1_fixed_m,6,single_scalar_observable_sampling,,,41.14287749900571,8782.397009351105,10000.0,2000,1.1002720708523954,0.9973620007718406,inside_observed_success_range
hhl_projection,hhl_s1_fixed_m,6,full_vector_readout_lower_bound,,,41.14287749900571,36.13330843033666,41.14287749900571,2000,1.1002720708523954,0.9973620007718406,inside_observed_success_range
hhl_projection,hhl_s1_fixed_m,6,full_vector_tomography_proxy,,,41.14287749900571,361333.0843033666,411428.77499005705,2000,1.1002720708523954,0.9973620007718406,inside_observed_success_range
hhl_projection,hhl_s1_fixed_m,6,state_preparation_only,,,45.02489886598256,0.9698344593153211,1.0,2000,1.1002720708523954,0.9973620007718406,inside_observed_success_range
hhl_projection,hhl_s1_fixed_m,6,single_scalar_observable_sampling,,,45.02489886598256,9698.344593153211,10000.0,2000,1.1002720708523954,0.9973620007718406,inside_observed_success_range
hhl_projection,hhl_s1_fixed_m,6,full_vector_readout_lower_bound,,,45.02489886598256,43.666698447417204,45.02489886598256,2000,1.1002720708523954,0.9973620007718406,inside_observed_success_range
hhl_projection,hhl_s1_fixed_m,6,full_vector_tomography_proxy,,,45.02489886598256,436666.984474172,450248.9886598255,2000,1.1002720708523954,0.9973620007718406,inside_observed_success_range
hhl_projection,hhl_s1_fixed_m,6,state_preparation_only,,,49.273206958870354,1.0709819625256698,1.0,2000,1.1002720708523954,0.9973620007718406,inside_observed_success_range
hhl_projection,hhl_s1_fixed_m,6,single_scalar_observable_sampling,,,49.273206958870354,10709.819625256698,10000.0,2000,1.1002720708523954,0.9973620007718406,inside_observed_success_range
hhl_projection,hhl_s1_fixed_m,6,full_vector_readout_lower_bound,,,49.273206958870354,52.77071588874446,49.273206958870354,2000,1.1002720708523954,0.9973620007718406,inside_observed_success_range
hhl_projection,hhl_s1_fixed_m,6,full_vector_tomography_proxy,,,49.273206958870354,527707.1588874445,492732.0695887035,2000,1.1002720708523954,0.9973620007718406,inside_observed_success_range
hhl_projection,hhl_s1_fixed_m,6,state_preparation_only,,,53.92236262957984,1.1826785004784117,1.0,2000,1.1002720708523954,0.9973620007718406,inside_observed_success_range
hhl_projection,hhl_s1_fixed_m,6,single_scalar_observable_sampling,,,53.92236262957984,11826.785004784117,10000.0,2000,1.1002720708523954,0.9973620007718406,inside_observed_success_range
hhl_projection,hhl_s1_fixed_m,6,full_vector_readout_lower_bound,,,53.92236262957984,63.772818977004626,53.92236262957984,2000,1.1002720708523954,0.9973620007718406,inside_observed_success_range
hhl_projection,hhl_s1_fixed_m,6,full_vector_tomography_proxy,,,53.92236262957984,637728.1897700463,539223.6262957983,2000,1.1002720708523954,0.9973620007718406,inside_observed_success_range
hhl_projection,hhl_s1_fixed_m,6,state_preparation_only,,,59.01018770673837,1.306024269722785,1.0,2000,1.1002720708523954,0.9973620007718406,inside_observed_success_range
hhl_projection,hhl_s1_fixed_m,6,single_scalar_observable_sampling,,,59.01018770673837,13060.24269722785,10000.0,2000,1.1002720708523954,0.9973620007718406,inside_observed_success_range
hhl_projection,hhl_s1_fixed_m,6,full_vector_readout_lower_bound,,,59.01018770673837,77.06873730589746,59.01018770673837,2000,1.1002720708523954,0.9973620007718406,inside_observed_success_range
hhl_projection,hhl_s1_fixed_m,6,full_vector_tomography_proxy,,,59.01018770673837,770687.3730589745,590101.8770673837,2000,1.1002720708523954,0.9973620007718406,inside_observed_success_range
hhl_projection,hhl_s1_fixed_m,6,state_preparation_only,,,64.5780726839719,1.4422342102396828,1.0,2000,1.1002720708523954,0.9973620007718406,inside_observed_success_range
hhl_projection,hhl_s1_fixed_m,6,single_scalar_observable_sampling,,,64.5780726839719,14422.342102396828,10000.0,2000,1.1002720708523954,0.9973620007718406,inside_observed_success_range
hhl_projection,hhl_s1_fixed_m,6,full_vector_readout_lower_bound,,,64.5780726839719,93.13670565616904,64.5780726839719,2000,1.1002720708523954,0.9973620007718406,inside_observed_success_range
hhl_projection,hhl_s1_fixed_m,6,full_vector_tomography_proxy,,,64.5780726839719,931367.0565616904,645780.726839719,2000,1.1002720708523954,0.9973620007718406,inside_observed_success_range
hhl_projection,hhl_s1_fixed_m,6,state_preparation_only,,,70.67131344000367,1.5926499724443783,1.0,2000,1.1002720708523954,0.9973620007718406,inside_observed_success_range
hhl_projection,hhl_s1_fixed_m,6,single_scalar_observable_sampling,,,70.67131344000367,15926.499724443784,10000.0,2000,1.1002720708523954,0.9973620007718406,inside_observed_success_range
hhl_projection,hhl_s1_fixed_m,6,full_vector_readout_lower_bound,,,70.67131344000367,112.55466540282987,70.67131344000367,2000,1.1002720708523954,0.9973620007718406,inside_observed_success_range
hhl_projection,hhl_s1_fixed_m,6,full_vector_tomography_proxy,,,70.67131344000367,1125546.6540282986,706713.1344000367,2000,1.1002720708523954,0.9973620007718406,inside_observed_success_range
hhl_projection,hhl_s1_fixed_m,6,state_preparation_only,,,77.33947972985649,1.7587531322707541,1.0,2000,1.1002720708523954,0.9973620007718406,inside_observed_success_range
hhl_projection,hhl_s1_fixed_m,6,single_scalar_observable_sampling,,,77.33947972985649,17587.531322707542,10000.0,2000,1.1002720708523954,0.9973620007718406,inside_observed_success_range
hhl_projection,hhl_s1_fixed_m,6,full_vector_readout_lower_bound,,,77.33947972985649,136.0210522230756,77.33947972985649,2000,1.1002720708523954,0.9973620007718406,inside_observed_success_range
hhl_projection,hhl_s1_fixed_m,6,full_vector_tomography_proxy,,,77.33947972985649,1360210.522230756,773394.7972985649,2000,1.1002720708523954,0.9973620007718406,inside_observed_success_range
hhl_projection,hhl_s1_fixed_m,6,state_preparation_only,,,84.63681844490951,1.9421797845039148,1.0,2000,1.1002720708523954,0.9973620007718406,inside_observed_success_range
hhl_projection,hhl_s1_fixed_m,6,single_scalar_observable_sampling,,,84.63681844490951,19421.79784503915,10000.0,2000,1.1002720708523954,0.9973620007718406,inside_observed_success_range
hhl_projection,hhl_s1_fixed_m,6,full_vector_readout_lower_bound,,,84.63681844490951,164.37991780843132,84.63681844490951,2000,1.1002720708523954,0.9973620007718406,inside_observed_success_range
hhl_projection,hhl_s1_fixed_m,6,full_vector_tomography_proxy,,,84.63681844490951,1643799.178084313,846368.184449095,2000,1.1002720708523954,0.9973620007718406,inside_observed_success_range
hhl_projection,hhl_s1_fixed_m,6,state_preparation_only,,,92.62269492241207,2.1447366581036302,1.0,2000,1.1002720708523954,0.9973620007718406,inside_observed_success_range
hhl_projection,hhl_s1_fixed_m,6,single_scalar_observable_sampling,,,92.62269492241207,21447.3665810363,10000.0,2000,1.1002720708523954,0.9973620007718406,inside_observed_success_range
hhl_projection,hhl_s1_fixed_m,6,full_vector_readout_lower_bound,,,92.62269492241207,198.65128917244613,92.62269492241207,2000,1.1002720708523954,0.9973620007718406,inside_observed_success_range
hhl_projection,hhl_s1_fixed_m,6,full_vector_tomography_proxy,,,92.62269492241207,1986512.8917244612,926226.9492241206,2000,1.1002720708523954,0.9973620007718406,inside_observed_success_range
hhl_projection,hhl_s1_fixed_m,6,state_preparation_only,,,101.36207589459785,2.3684189122524857,1.0,2000,1.1002720708523954,0.9973620007718406,inside_observed_success_range
hhl_projection,hhl_s1_fixed_m,6,single_scalar_observable_sampling,,,101.36207589459785,23684.18912252486,10000.0,2000,1.1002720708523954,0.9973620007718406,inside_observed_success_range
hhl_projection,hhl_s1_fixed_m,6,full_vector_readout_lower_bound,,,101.36207589459785,240.06785753393734,101.36207589459785,2000,1.1002720708523954,0.9973620007718406,inside_observed_success_range
hhl_projection,hhl_s1_fixed_m,6,full_vector_tomography_proxy,,,101.36207589459785,2400678.575339373,1013620.7589459785,2000,1.1002720708523954,0.9973620007718406,inside_observed_success_range
hhl_projection,hhl_s1_fixed_m,6,state_preparation_only,,,110.92605800628826,2.6154297884175084,1.0,2000,1.1002720708523954,0.9973620007718406,inside_observed_success_range
hhl_projection,hhl_s1_fixed_m,6,single_scalar_observable_sampling,,,110.92605800628826,26154.297884175085,10000.0,2000,1.1002720708523954,0.9973620007718406,inside_observed_success_range
hhl_projection,hhl_s1_fixed_m,6,full_vector_readout_lower_bound,,,110.92605800628826,290.1193164213748,110.92605800628826,2000,1.1002720708523954,0.9973620007718406,inside_observed_success_range
hhl_projection,hhl_s1_fixed_m,6,full_vector_tomography_proxy,,,110.92605800628826,2901193.1642137473,1109260.5800628825,2000,1.1002720708523954,0.9973620007718406,inside_observed_success_range
hhl_projection,hhl_s1_fixed_m,6,state_preparation_only,,,121.39244620058346,2.8882023119955638,1.0,2000,1.1002720708523954,0.9973620007718406,inside_observed_success_range
hhl_projection,hhl_s1_fixed_m,6,single_scalar_observable_sampling,,,121.39244620058346,28882.023119955637,10000.0,2000,1.1002720708523954,0.9973620007718406,inside_observed_success_range
hhl_projection,hhl_s1_fixed_m,6,full_vector_readout_lower_bound,,,121.39244620058346,350.60594377532226,121.39244620058346,2000,1.1002720708523954,0.9973620007718406,inside_observed_success_range
hhl_projection,hhl_s1_fixed_m,6,full_vector_tomography_proxy,,,121.39244620058346,3506059.4377532224,1213924.4620058346,2000,1.1002720708523954,0.9973620007718406,inside_observed_success_range
hhl_projection,hhl_s1_fixed_m,6,state_preparation_only,,,132.84638667792717,3.189423257300959,1.0,2000,1.1002720708523954,0.9973620007718406,inside_observed_success_range
hhl_projection,hhl_s1_fixed_m,6,single_scalar_observable_sampling,,,132.84638667792717,31894.232573009587,10000.0,2000,1.1002720708523954,0.9973620007718406,inside_observed_success_range
hhl_projection,hhl_s1_fixed_m,6,full_vector_readout_lower_bound,,,132.84638667792717,423.7033553189772,132.84638667792717,2000,1.1002720708523954,0.9973620007718406,inside_observed_success_range
hhl_projection,hhl_s1_fixed_m,6,full_vector_tomography_proxy,,,132.84638667792717,4237033.553189772,1328463.8667792717,2000,1.1002720708523954,0.9973620007718406,inside_observed_success_range
hhl_projection,hhl_s1_fixed_m,6,state_preparation_only,,,145.38105957779538,3.5220596119472543,1.0,2000,1.1002720708523954,0.9973620007718406,inside_observed_success_range
hhl_projection,hhl_s1_fixed_m,6,single_scalar_observable_sampling,,,145.38105957779538,35220.596119472546,10000.0,2000,1.1002720708523954,0.9973620007718406,inside_observed_success_range
hhl_projection,hhl_s1_fixed_m,6,full_vector_readout_lower_bound,,,145.38105957779538,512.0407582810507,145.38105957779538,2000,1.1002720708523954,0.9973620007718406,inside_observed_success_range
hhl_projection,hhl_s1_fixed_m,6,full_vector_tomography_proxy,,,145.38105957779538,5120407.582810506,1453810.5957779537,2000,1.1002720708523954,0.9973620007718406,inside_observed_success_range
hhl_projection,hhl_s1_fixed_m,6,state_preparation_only,,,159.09843701811593,3.88938780129409,1.0,2000,1.1002720708523954,0.9973620007718406,inside_observed_success_range
hhl_projection,hhl_s1_fixed_m,6,single_scalar_observable_sampling,,,159.09843701811593,38893.8780129409,10000.0,2000,1.1002720708523954,0.9973620007718406,inside_observed_success_range
hhl_projection,hhl_s1_fixed_m,6,full_vector_readout_lower_bound,,,159.09843701811593,618.7955201432162,159.09843701811593,2000,1.1002720708523954,0.9973620007718406,inside_observed_success_range
hhl_projection,hhl_s1_fixed_m,6,full_vector_tomography_proxy,,,159.09843701811593,6187955.201432161,1590984.370181159,2000,1.1002720708523954,0.9973620007718406,inside_observed_success_range
hhl_projection,hhl_s1_fixed_m,6,state_preparation_only,,,174.11011265922482,4.295025960816094,1.0,2000,1.1002720708523954,0.9973620007718406,inside_observed_success_range
hhl_projection,hhl_s1_fixed_m,6,single_scalar_observable_sampling,,,174.11011265922482,42950.259608160944,10000.0,2000,1.1002720708523954,0.9973620007718406,inside_observed_success_range
hhl_projection,hhl_s1_fixed_m,6,full_vector_readout_lower_bound,,,174.11011265922482,747.8074539119855,174.11011265922482,2000,1.1002720708523954,0.9973620007718406,inside_observed_success_range
hhl_projection,hhl_s1_fixed_m,6,full_vector_tomography_proxy,,,174.11011265922482,7478074.539119855,1741101.1265922482,2000,1.1002720708523954,0.9973620007718406,inside_observed_success_range
hhl_projection,hhl_s1_fixed_m,6,state_preparation_only,,,190.53820954102883,4.742969574272429,1.0,2000,1.1002720708523954,0.9973620007718406,inside_observed_success_range
hhl_projection,hhl_s1_fixed_m,6,single_scalar_observable_sampling,,,190.53820954102883,47429.69574272429,10000.0,2000,1.1002720708523954,0.9973620007718406,inside_observed_success_range
hhl_projection,hhl_s1_fixed_m,6,full_vector_readout_lower_bound,,,190.53820954102883,903.7169305894445,190.53820954102883,2000,1.1002720708523954,0.9973620007718406,inside_observed_success_range
hhl_projection,hhl_s1_fixed_m,6,full_vector_tomography_proxy,,,190.53820954102883,9037169.305894444,1905382.0954102883,2000,1.1002720708523954,0.9973620007718406,inside_observed_success_range
hhl_projection,hhl_s1_fixed_m,6,state_preparation_only,,,208.51637357881782,5.237630828708559,1.0,2000,1.1002720708523954,0.9973620007718406,inside_observed_success_range
hhl_projection,hhl_s1_fixed_m,6,single_scalar_observable_sampling,,,208.51637357881782,52376.30828708559,10000.0,2000,1.1002720708523954,0.9973620007718406,inside_observed_success_range
hhl_projection,hhl_s1_fixed_m,6,full_vector_readout_lower_bound,,,208.51637357881782,1092.131786546927,208.51637357881782,2000,1.1002720708523954,0.9973620007718406,inside_observed_success_range
hhl_projection,hhl_s1_fixed_m,6,full_vector_tomography_proxy,,,208.51637357881782,10921317.86546927,2085163.7357881782,2000,1.1002720708523954,0.9973620007718406,inside_observed_success_range
hhl_projection,hhl_s1_fixed_m,6,state_preparation_only,,,228.19086080001605,5.783882073931828,1.0,2000,1.1002720708523954,0.9973620007718406,inside_observed_success_range
hhl_projection,hhl_s1_fixed_m,6,single_scalar_observable_sampling,,,228.19086080001605,57838.82073931828,10000.0,2000,1.1002720708523954,0.9973620007718406,inside_observed_success_range
hhl_projection,hhl_s1_fixed_m,6,full_vector_readout_lower_bound,,,228.19086080001605,1319.829029216286,228.19086080001605,2000,1.1002720708523954,0.9973620007718406,inside_observed_success_range
hhl_projection,hhl_s1_fixed_m,6,full_vector_tomography_proxy,,,228.19086080001605,13198290.29216286,2281908.6080001607,2000,1.1002720708523954,0.9973620007718406,inside_observed_success_range
hhl_projection,hhl_s1_fixed_m,6,state_preparation_only,,,249.72172716676215,6.387103814531037,1.0,2000,1.1002720708523954,0.9973620007718406,inside_observed_success_range
hhl_projection,hhl_s1_fixed_m,6,single_scalar_observable_sampling,,,249.72172716676215,63871.03814531037,10000.0,2000,1.1002720708523954,0.9973620007718406,inside_observed_success_range
hhl_projection,hhl_s1_fixed_m,6,full_vector_readout_lower_bound,,,249.72172716676215,1594.9985961581053,249.72172716676215,2000,1.1002720708523954,0.9973620007718406,inside_observed_success_range
hhl_projection,hhl_s1_fixed_m,6,full_vector_tomography_proxy,,,249.72172716676215,15949985.961581055,2497217.2716676216,2000,1.1002720708523954,0.9973620007718406,inside_observed_success_range
hhl_projection,hhl_s1_fixed_m,6,state_preparation_only,,,273.28413066377493,7.053237707155554,1.0,2000,1.1002720708523954,0.9973620007718406,inside_observed_success_range
hhl_projection,hhl_s1_fixed_m,6,single_scalar_observable_sampling,,,273.28413066377493,70532.37707155554,10000.0,2000,1.1002720708523954,0.9973620007718406,inside_observed_success_range
hhl_projection,hhl_s1_fixed_m,6,full_vector_readout_lower_bound,,,273.28413066377493,1927.5379351649626,273.28413066377493,2000,1.1002720708523954,0.9973620007718406,inside_observed_success_range
hhl_projection,hhl_s1_fixed_m,6,full_vector_tomography_proxy,,,273.28413066377493,19275379.351649623,2732841.306637749,2000,1.1002720708523954,0.9973620007718406,inside_observed_success_range
hhl_projection,hhl_s1_fixed_m,6,state_preparation_only,,,299.06975624424416,7.788845085069846,1.0,2000,1.1002720708523954,0.9973620007718406,inside_observed_success_range
hhl_projection,hhl_s1_fixed_m,6,single_scalar_observable_sampling,,,299.06975624424416,77888.45085069846,10000.0,2000,1.1002720708523954,0.9973620007718406,inside_observed_success_range
hhl_projection,hhl_s1_fixed_m,6,full_vector_readout_lower_bound,,,299.06975624424416,2329.408001016018,299.06975624424416,2000,1.1002720708523954,0.9973620007718406,inside_observed_success_range
hhl_projection,hhl_s1_fixed_m,6,full_vector_tomography_proxy,,,299.06975624424416,23294080.010160178,2990697.5624424415,2000,1.1002720708523954,0.9973620007718406,inside_observed_success_range
hhl_projection,hhl_s1_fixed_m,6,state_preparation_only,,,327.28837522598076,8.601171586443265,1.0,2000,1.1002720708523954,0.9973620007718406,inside_observed_success_range
hhl_projection,hhl_s1_fixed_m,6,single_scalar_observable_sampling,,,327.28837522598076,86011.71586443264,10000.0,2000,1.1002720708523954,0.9973620007718406,inside_observed_success_range
hhl_projection,hhl_s1_fixed_m,6,full_vector_readout_lower_bound,,,327.28837522598076,2815.0634735668873,327.28837522598076,2000,1.1002720708523954,0.9973620007718406,inside_observed_success_range
hhl_projection,hhl_s1_fixed_m,6,full_vector_tomography_proxy,,,327.28837522598076,28150634.73566887,3272883.752259807,2000,1.1002720708523954,0.9973620007718406,inside_observed_success_range
hhl_projection,hhl_s1_fixed_m,6,state_preparation_only,,,358.1695518238286,9.49821852295522,1.0,2000,1.1002720708523954,0.9973620007718406,inside_observed_success_range
hhl_projection,hhl_s1_fixed_m,6,single_scalar_observable_sampling,,,358.1695518238286,94982.1852295522,10000.0,2000,1.1002720708523954,0.9973620007718406,inside_observed_success_range
hhl_projection,hhl_s1_fixed_m,6,full_vector_readout_lower_bound,,,358.1695518238286,3401.9726714916587,358.1695518238286,2000,1.1002720708523954,0.9973620007718406,inside_observed_success_range
hhl_projection,hhl_s1_fixed_m,6,full_vector_tomography_proxy,,,358.1695518238286,34019726.71491659,3581695.518238286,2000,1.1002720708523954,0.9973620007718406,inside_observed_success_range
hhl_projection,hhl_s1_fixed_m,6,state_preparation_only,,,391.9645107013213,10.488821691687171,1.0,2000,1.1002720708523954,0.9973620007718406,inside_observed_success_range
hhl_projection,hhl_s1_fixed_m,6,single_scalar_observable_sampling,,,391.9645107013213,104888.21691687171,10000.0,2000,1.1002720708523954,0.9973620007718406,inside_observed_success_range
hhl_projection,hhl_s1_fixed_m,6,full_vector_readout_lower_bound,,,391.9645107013213,4111.245862215567,391.9645107013213,2000,1.1002720708523954,0.9973620007718406,inside_observed_success_range
hhl_projection,hhl_s1_fixed_m,6,full_vector_tomography_proxy,,,391.9645107013213,41112458.62215567,3919645.1070132125,2000,1.1002720708523954,0.9973620007718406,inside_observed_success_range
hhl_projection,hhl_s1_fixed_m,6,state_preparation_only,,,428.9481807345108,11.582738406588893,1.0,2000,1.1002720708523954,0.9973620007718406,inside_observed_success_range
hhl_projection,hhl_s1_fixed_m,6,single_scalar_observable_sampling,,,428.9481807345108,115827.38406588894,10000.0,2000,1.1002720708523954,0.9973620007718406,inside_observed_success_range
hhl_projection,hhl_s1_fixed_m,6,full_vector_readout_lower_bound,,,428.9481807345108,4968.394567430052,428.9481807345108,2000,1.1002720708523954,0.9973620007718406,inside_observed_success_range
hhl_projection,hhl_s1_fixed_m,6,full_vector_tomography_proxy,,,428.9481807345108,49683945.67430052,4289481.807345108,2000,1.1002720708523954,0.9973620007718406,inside_observed_success_range
hhl_projection,hhl_s1_fixed_m,6,state_preparation_only,,,469.42143161438594,12.790743606767244,1.0,2000,1.1002720708523954,0.9973620007718406,inside_observed_success_range
hhl_projection,hhl_s1_fixed_m,6,single_scalar_observable_sampling,,,469.42143161438594,127907.43606767243,10000.0,2000,1.1002720708523954,0.9973620007718406,inside_observed_success_range
hhl_projection,hhl_s1_fixed_m,6,full_vector_readout_lower_bound,,,469.42143161438594,6004.249175301234,469.42143161438594,2000,1.1002720708523954,0.9973620007718406,inside_observed_success_range
hhl_projection,hhl_s1_fixed_m,6,full_vector_tomography_proxy,,,469.42143161438594,60042491.75301234,4694214.316143859,2000,1.1002720708523954,0.9973620007718406,inside_observed_success_range
hhl_projection,hhl_s1_fixed_m,6,state_preparation_only,,,513.7135214831108,14.124735988252205,1.0,2000,1.1002720708523954,0.9973620007718406,inside_observed_success_range
hhl_projection,hhl_s1_fixed_m,6,single_scalar_observable_sampling,,,513.7135214831108,141247.35988252205,10000.0,2000,1.1002720708523954,0.9973620007718406,inside_observed_success_range
hhl_projection,hhl_s1_fixed_m,6,full_vector_readout_lower_bound,,,513.7135214831108,7256.067864544267,513.7135214831108,2000,1.1002720708523954,0.9973620007718406,inside_observed_success_range
hhl_projection,hhl_s1_fixed_m,6,full_vector_tomography_proxy,,,513.7135214831108,72560678.64544266,5137135.214831107,2000,1.1002720708523954,0.9973620007718406,inside_observed_success_range
hhl_projection,hhl_s1_fixed_m,6,state_preparation_only,,,562.1847755160983,15.597855204624134,1.0,2000,1.1002720708523954,0.9973620007718406,inside_observed_success_range
hhl_projection,hhl_s1_fixed_m,6,single_scalar_observable_sampling,,,562.1847755160983,155978.55204624133,10000.0,2000,1.1002720708523954,0.9973620007718406,inside_observed_success_range
hhl_projection,hhl_s1_fixed_m,6,full_vector_readout_lower_bound,,,562.1847755160983,8768.876726744224,562.1847755160983,2000,1.1002720708523954,0.9973620007718406,inside_observed_success_range
hhl_projection,hhl_s1_fixed_m,6,full_vector_tomography_proxy,,,562.1847755160983,87688767.26744224,5621847.755160983,2000,1.1002720708523954,0.9973620007718406,inside_observed_success_range
hhl_projection,hhl_s1_fixed_m,6,state_preparation_only,,,615.2295172407213,17.224611290913383,1.0,2000,1.1002720708523954,0.9973620007718406,inside_observed_success_range
hhl_projection,hhl_s1_fixed_m,6,single_scalar_observable_sampling,,,615.2295172407213,172246.11290913384,10000.0,2000,1.1002720708523954,0.9973620007718406,inside_observed_success_range
hhl_projection,hhl_s1_fixed_m,6,full_vector_readout_lower_bound,,,615.2295172407213,10597.089289167718,615.2295172407213,2000,1.1002720708523954,0.9973620007718406,inside_observed_success_range
hhl_projection,hhl_s1_fixed_m,6,full_vector_tomography_proxy,,,615.2295172407213,105970892.89167717,6152295.172407213,2000,1.1002720708523954,0.9973620007718406,inside_observed_success_range
hhl_projection,hhl_s1_fixed_m,6,state_preparation_only,,,673.2792764385573,19.021027585581482,1.0,2000,1.1002720708523954,0.9973620007718406,inside_observed_success_range
hhl_projection,hhl_s1_fixed_m,6,single_scalar_observable_sampling,,,673.2792764385573,190210.27585581483,10000.0,2000,1.1002720708523954,0.9973620007718406,inside_observed_success_range
hhl_projection,hhl_s1_fixed_m,6,full_vector_readout_lower_bound,,,673.2792764385573,12806.463689938138,673.2792764385573,2000,1.1002720708523954,0.9973620007718406,inside_observed_success_range
hhl_projection,hhl_s1_fixed_m,6,full_vector_tomography_proxy,,,673.2792764385573,128064636.89938138,6732792.764385573,2000,1.1002720708523954,0.9973620007718406,inside_observed_success_range
hhl_projection,hhl_s1_fixed_m,6,state_preparation_only,,,736.8062997280774,21.004798558346238,1.0,2000,1.1002720708523954,0.9973620007718406,inside_observed_success_range
hhl_projection,hhl_s1_fixed_m,6,single_scalar_observable_sampling,,,736.8062997280774,210047.98558346237,10000.0,2000,1.1002720708523954,0.9973620007718406,inside_observed_success_range
hhl_projection,hhl_s1_fixed_m,6,full_vector_readout_lower_bound,,,736.8062997280774,15476.467902308746,736.8062997280774,2000,1.1002720708523954,0.9973620007718406,inside_observed_success_range
hhl_projection,hhl_s1_fixed_m,6,full_vector_tomography_proxy,,,736.8062997280774,154764679.02308744,7368062.997280774,2000,1.1002720708523954,0.9973620007718406,inside_observed_success_range
hhl_projection,hhl_s1_fixed_m,6,state_preparation_only,,,806.3273923871081,23.19546409843535,1.0,2000,1.1002720708523954,0.9973620007718406,inside_observed_success_range
hhl_projection,hhl_s1_fixed_m,6,single_scalar_observable_sampling,,,806.3273923871081,231954.64098435352,10000.0,2000,1.1002720708523954,0.9973620007718406,inside_observed_success_range
hhl_projection,hhl_s1_fixed_m,6,full_vector_readout_lower_bound,,,806.3273923871081,18703.138081700163,806.3273923871081,2000,1.1002720708523954,0.9973620007718406,inside_observed_success_range
hhl_projection,hhl_s1_fixed_m,6,full_vector_tomography_proxy,,,806.3273923871081,187031380.8170016,8063273.923871081,2000,1.1002720708523954,0.9973620007718406,inside_observed_success_range
hhl_projection,hhl_s1_fixed_m,6,state_preparation_only,,,882.4081226690672,25.614601979985128,1.0,2000,1.1002720708523954,0.9973620007718406,inside_observed_success_range
hhl_projection,hhl_s1_fixed_m,6,single_scalar_observable_sampling,,,882.4081226690672,256146.0197998513,10000.0,2000,1.1002720708523954,0.9973620007718406,inside_observed_success_range
hhl_projection,hhl_s1_fixed_m,6,full_vector_readout_lower_bound,,,882.4081226690672,22602.53284607405,882.4081226690672,2000,1.1002720708523954,0.9973620007718406,inside_observed_success_range
hhl_projection,hhl_s1_fixed_m,6,full_vector_tomography_proxy,,,882.4081226690672,226025328.4607405,8824081.226690672,2000,1.1002720708523954,0.9973620007718406,inside_observed_success_range
hhl_projection,hhl_s1_fixed_m,6,state_preparation_only,,,965.6674228159277,28.286040400343357,1.0,2000,1.1002720708523954,0.9973620007718406,inside_observed_success_range
hhl_projection,hhl_s1_fixed_m,6,single_scalar_observable_sampling,,,965.6674228159277,282860.4040034336,10000.0,2000,1.1002720708523954,0.9973620007718406,inside_observed_success_range
hhl_projection,hhl_s1_fixed_m,6,full_vector_readout_lower_bound,,,965.6674228159277,27314.90773506678,965.6674228159277,2000,1.1002720708523954,0.9973620007718406,inside_observed_success_range
hhl_projection,hhl_s1_fixed_m,6,full_vector_tomography_proxy,,,965.6674228159277,273149077.3506678,9656674.228159277,2000,1.1002720708523954,0.9973620007718406,inside_observed_success_range
hhl_projection,hhl_s1_fixed_m,6,state_preparation_only,,,1056.7826241981236,31.23609268475241,1.0,2000,1.1002720708523954,0.9973620007718406,inside_observed_success_range
hhl_projection,hhl_s1_fixed_m,6,single_scalar_observable_sampling,,,1056.7826241981236,312360.9268475241,10000.0,2000,1.1002720708523954,0.9973620007718406,inside_observed_success_range
hhl_projection,hhl_s1_fixed_m,6,full_vector_readout_lower_bound,,,1056.7826241981236,33009.75999708846,1056.7826241981236,2000,1.1002720708523954,0.9973620007718406,inside_observed_success_range
hhl_projection,hhl_s1_fixed_m,6,full_vector_tomography_proxy,,,1056.7826241981236,330097599.9708847,10567826.241981236,2000,1.1002720708523954,0.9973620007718406,inside_observed_success_range
hhl_projection,hhl_s1_fixed_m,6,state_preparation_only,,,1156.494967543242,34.49381646922202,1.0,2000,1.1002720708523954,0.9973620007718406,inside_observed_success_range
hhl_projection,hhl_s1_fixed_m,6,single_scalar_observable_sampling,,,1156.494967543242,344938.16469222016,10000.0,2000,1.1002720708523954,0.9973620007718406,inside_observed_success_range
hhl_projection,hhl_s1_fixed_m,6,full_vector_readout_lower_bound,,,1156.494967543242,39891.92515801546,1156.494967543242,2000,1.1002720708523954,0.9973620007718406,inside_observed_success_range
hhl_projection,hhl_s1_fixed_m,6,full_vector_tomography_proxy,,,1156.494967543242,398919251.5801546,11564949.67543242,2000,1.1002720708523954,0.9973620007718406,inside_observed_success_range
hhl_projection,hhl_s1_fixed_m,6,state_preparation_only,,,1265.6156330803701,38.09129991451109,1.0,2000,1.1002720708523954,0.9973620007718406,inside_observed_success_range
hhl_projection,hhl_s1_fixed_m,6,single_scalar_observable_sampling,,,1265.6156330803701,380912.9991451109,10000.0,2000,1.1002720708523954,0.9973620007718406,inside_observed_success_range
hhl_projection,hhl_s1_fixed_m,6,full_vector_readout_lower_bound,,,1265.6156330803701,48208.9446561582,1265.6156330803701,2000,1.1002720708523954,0.9973620007718406,inside_observed_success_range
hhl_projection,hhl_s1_fixed_m,6,full_vector_tomography_proxy,,,1265.6156330803701,482089446.56158197,12656156.3308037,2000,1.1002720708523954,0.9973620007718406,inside_observed_success_range
hhl_projection,hhl_s1_fixed_m,6,state_preparation_only,,,1385.0323396565386,42.063977770389094,1.0,2000,1.1002720708523954,0.9973620007718406,inside_observed_success_range
hhl_projection,hhl_s1_fixed_m,6,single_scalar_observable_sampling,,,1385.0323396565386,420639.7777038909,10000.0,2000,1.1002720708523954,0.9973620007718406,inside_observed_success_range
hhl_projection,hhl_s1_fixed_m,6,full_vector_readout_lower_bound,,,1385.0323396565386,58259.96954658264,1385.0323396565386,2000,1.1002720708523954,0.9973620007718406,inside_observed_success_range
hhl_projection,hhl_s1_fixed_m,6,full_vector_tomography_proxy,,,1385.0323396565386,582599695.4658264,13850323.396565385,2000,1.1002720708523954,0.9973620007718406,inside_observed_success_range
hhl_projection,hhl_s1_fixed_m,6,state_preparation_only,,,1515.7165665103976,46.45098040336841,1.0,2000,1.1002720708523954,0.9973620007718406,inside_observed_success_range
hhl_projection,hhl_s1_fixed_m,6,single_scalar_observable_sampling,,,1515.7165665103976,464509.80403368414,10000.0,2000,1.1002720708523954,0.9973620007718406,inside_observed_success_range
hhl_projection,hhl_s1_fixed_m,6,full_vector_readout_lower_bound,,,1515.7165665103976,70406.52052803533,1515.7165665103976,2000,1.1002720708523954,0.9973620007718406,inside_observed_success_range
hhl_projection,hhl_s1_fixed_m,6,full_vector_tomography_proxy,,,1515.7165665103976,704065205.2803533,15157165.665103976,2000,1.1002720708523954,0.9973620007718406,inside_observed_success_range
hhl_projection,hhl_s1_fixed_m,6,state_preparation_only,,,1658.7314564537755,51.29551922578817,1.0,2000,1.1002720708523954,0.9973620007718406,inside_observed_success_range
hhl_projection,hhl_s1_fixed_m,6,single_scalar_observable_sampling,,,1658.7314564537755,512955.1922578817,10000.0,2000,1.1002720708523954,0.9973620007718406,inside_observed_success_range
hhl_projection,hhl_s1_fixed_m,6,full_vector_readout_lower_bound,,,1658.7314564537755,85085.49131494426,1658.7314564537755,2000,1.1002720708523954,0.9973620007718406,inside_observed_success_range
hhl_projection,hhl_s1_fixed_m,6,full_vector_tomography_proxy,,,1658.7314564537755,850854913.1494424,16587314.564537754,2000,1.1002720708523954,0.9973620007718406,inside_observed_success_range
hhl_projection,hhl_s1_fixed_m,6,state_preparation_only,,,1815.2404647550507,56.645312322673796,1.0,2000,1.1002720708523954,0.9973620007718406,inside_observed_success_range
hhl_projection,hhl_s1_fixed_m,6,single_scalar_observable_sampling,,,1815.2404647550507,566453.123226738,10000.0,2000,1.1002720708523954,0.9973620007718406,inside_observed_success_range
hhl_projection,hhl_s1_fixed_m,6,full_vector_readout_lower_bound,,,1815.2404647550507,102824.86306680538,1815.2404647550507,2000,1.1002720708523954,0.9973620007718406,inside_observed_success_range
hhl_projection,hhl_s1_fixed_m,6,full_vector_tomography_proxy,,,1815.2404647550507,1028248630.6680536,18152404.647550505,2000,1.1002720708523954,0.9973620007718406,inside_observed_success_range
hhl_projection,hhl_s1_fixed_m,6,state_preparation_only,,,1986.5168240848118,62.55305446874443,1.0,2000,1.1002720708523954,0.9973620007718406,inside_observed_success_range
hhl_projection,hhl_s1_fixed_m,6,single_scalar_observable_sampling,,,1986.5168240848118,625530.5446874442,10000.0,2000,1.1002720708523954,0.9973620007718406,inside_observed_success_range
hhl_projection,hhl_s1_fixed_m,6,full_vector_readout_lower_bound,,,1986.5168240848118,124262.69510005442,1986.5168240848118,2000,1.1002720708523954,0.9973620007718406,inside_observed_success_range
hhl_projection,hhl_s1_fixed_m,6,full_vector_tomography_proxy,,,1986.5168240848118,1242626951.000544,19865168.240848117,2000,1.1002720708523954,0.9973620007718406,inside_observed_success_range
hhl_projection,hhl_s1_fixed_m,6,state_preparation_only,,,2173.953902523058,69.07693616517456,1.0,2000,1.1002720708523954,0.9973620007718406,extrapolated_beyond_successful_hhl_range
hhl_projection,hhl_s1_fixed_m,6,single_scalar_observable_sampling,,,2173.953902523058,690769.3616517456,10000.0,2000,1.1002720708523954,0.9973620007718406,extrapolated_beyond_successful_hhl_range
hhl_projection,hhl_s1_fixed_m,6,full_vector_readout_lower_bound,,,2173.953902523058,150170.0749506174,2173.953902523058,2000,1.1002720708523954,0.9973620007718406,extrapolated_beyond_successful_hhl_range
hhl_projection,hhl_s1_fixed_m,6,full_vector_tomography_proxy,,,2173.953902523058,1501700749.5061738,21739539.02523058,2000,1.1002720708523954,0.9973620007718406,extrapolated_beyond_successful_hhl_range
hhl_projection,hhl_s1_fixed_m,6,state_preparation_only,,,2379.076538892408,76.28121680855432,1.0,2000,1.1002720708523954,0.9973620007718406,extrapolated_beyond_successful_hhl_range
hhl_projection,hhl_s1_fixed_m,6,single_scalar_observable_sampling,,,2379.076538892408,762812.1680855432,10000.0,2000,1.1002720708523954,0.9973620007718406,extrapolated_beyond_successful_hhl_range
hhl_projection,hhl_s1_fixed_m,6,full_vector_readout_lower_bound,,,2379.076538892408,181478.85326739677,2379.076538892408,2000,1.1002720708523954,0.9973620007718406,extrapolated_beyond_successful_hhl_range
hhl_projection,hhl_s1_fixed_m,6,full_vector_tomography_proxy,,,2379.076538892408,1814788532.6739676,23790765.388924077,2000,1.1002720708523954,0.9973620007718406,extrapolated_beyond_successful_hhl_range
hhl_projection,hhl_s1_fixed_m,6,state_preparation_only,,,2603.553447632612,84.23685763769087,1.0,2000,1.1002720708523954,0.9973620007718406,extrapolated_beyond_successful_hhl_range
hhl_projection,hhl_s1_fixed_m,6,single_scalar_observable_sampling,,,2603.553447632612,842368.5763769087,10000.0,2000,1.1002720708523954,0.9973620007718406,extrapolated_beyond_successful_hhl_range
hhl_projection,hhl_s1_fixed_m,6,full_vector_readout_lower_bound,,,2603.553447632612,219315.1611203476,2603.553447632612,2000,1.1002720708523954,0.9973620007718406,extrapolated_beyond_successful_hhl_range
hhl_projection,hhl_s1_fixed_m,6,full_vector_tomography_proxy,,,2603.553447632612,2193151611.203476,26035534.47632612,2000,1.1002720708523954,0.9973620007718406,extrapolated_beyond_successful_hhl_range
hhl_projection,hhl_s1_fixed_m,6,state_preparation_only,,,2849.2107941325103,93.02222069269428,1.0,2000,1.1002720708523954,0.9973620007718406,extrapolated_beyond_successful_hhl_range
hhl_projection,hhl_s1_fixed_m,6,single_scalar_observable_sampling,,,2849.2107941325103,930222.2069269428,10000.0,2000,1.1002720708523954,0.9973620007718406,extrapolated_beyond_successful_hhl_range
hhl_projection,hhl_s1_fixed_m,6,full_vector_readout_lower_bound,,,2849.2107941325103,265039.9152918011,2849.2107941325103,2000,1.1002720708523954,0.9973620007718406,extrapolated_beyond_successful_hhl_range
hhl_projection,hhl_s1_fixed_m,6,full_vector_tomography_proxy,,,2849.2107941325103,2650399152.9180107,28492107.941325102,2000,1.1002720708523954,0.9973620007718406,extrapolated_beyond_successful_hhl_range
hhl_projection,hhl_s1_fixed_m,6,state_preparation_only,,,3118.0470509575425,102.72384067100518,1.0,2000,1.1002720708523954,0.9973620007718406,extrapolated_beyond_successful_hhl_range
hhl_projection,hhl_s1_fixed_m,6,single_scalar_observable_sampling,,,3118.0470509575425,1027238.4067100518,10000.0,2000,1.1002720708523954,0.9973620007718406,extrapolated_beyond_successful_hhl_range
hhl_projection,hhl_s1_fixed_m,6,full_vector_readout_lower_bound,,,3118.0470509575425,320297.7684672602,3118.0470509575425,2000,1.1002720708523954,0.9973620007718406,extrapolated_beyond_successful_hhl_range
hhl_projection,hhl_s1_fixed_m,6,full_vector_tomography_proxy,,,3118.0470509575425,3202977684.672601,31180470.509575423,2000,1.1002720708523954,0.9973620007718406,extrapolated_beyond_successful_hhl_range
hhl_projection,hhl_s1_fixed_m,6,state_preparation_only,,,3412.2492558312483,113.43727728304835,1.0,2000,1.1002720708523954,0.9973620007718406,extrapolated_beyond_successful_hhl_range
hhl_projection,hhl_s1_fixed_m,6,single_scalar_observable_sampling,,,3412.2492558312483,1134372.7728304835,10000.0,2000,1.1002720708523954,0.9973620007718406,extrapolated_beyond_successful_hhl_range
hhl_projection,hhl_s1_fixed_m,6,full_vector_readout_lower_bound,,,3412.2492558312483,387076.2649926047,3412.2492558312483,2000,1.1002720708523954,0.9973620007718406,extrapolated_beyond_successful_hhl_range
hhl_projection,hhl_s1_fixed_m,6,full_vector_tomography_proxy,,,3412.2492558312483,3870762649.926047,34122492.55831248,2000,1.1002720708523954,0.9973620007718406,extrapolated_beyond_successful_hhl_range
hhl_projection,hhl_s1_fixed_m,6,state_preparation_only,,,3734.2108036327595,125.26805650310268,1.0,2000,1.1002720708523954,0.9973620007718406,extrapolated_beyond_successful_hhl_range
hhl_projection,hhl_s1_fixed_m,6,single_scalar_observable_sampling,,,3734.2108036327595,1252680.565031027,10000.0,2000,1.1002720708523954,0.9973620007718406,extrapolated_beyond_successful_hhl_range
hhl_projection,hhl_s1_fixed_m,6,full_vector_readout_lower_bound,,,3734.2108036327595,467777.329943965,3734.2108036327595,2000,1.1002720708523954,0.9973620007718406,extrapolated_beyond_successful_hhl_range
hhl_projection,hhl_s1_fixed_m,6,full_vector_tomography_proxy,,,3734.2108036327595,4677773299.43965,37342108.03632759,2000,1.1002720708523954,0.9973620007718406,extrapolated_beyond_successful_hhl_range
hhl_projection,hhl_s1_fixed_m,6,state_preparation_only,,,4086.5509171517656,138.33270998659157,1.0,2000,1.1002720708523954,0.9973620007718406,extrapolated_beyond_successful_hhl_range
hhl_projection,hhl_s1_fixed_m,6,single_scalar_observable_sampling,,,4086.5509171517656,1383327.0998659157,10000.0,2000,1.1002720708523954,0.9973620007718406,extrapolated_beyond_successful_hhl_range
hhl_projection,hhl_s1_fixed_m,6,full_vector_readout_lower_bound,,,4086.5509171517656,565303.662867795,4086.5509171517656,2000,1.1002720708523954,0.9973620007718406,extrapolated_beyond_successful_hhl_range
hhl_projection,hhl_s1_fixed_m,6,full_vector_tomography_proxy,,,4086.5509171517656,5653036628.67795,40865509.171517655,2000,1.1002720708523954,0.9973620007718406,extrapolated_beyond_successful_hhl_range
hhl_projection,hhl_s1_fixed_m,6,state_preparation_only,,,4472.13595499958,152.75992289191873,1.0,2000,1.1002720708523954,0.9973620007718406,extrapolated_beyond_successful_hhl_range
hhl_projection,hhl_s1_fixed_m,6,single_scalar_observable_sampling,,,4472.13595499958,1527599.2289191873,10000.0,2000,1.1002720708523954,0.9973620007718406,extrapolated_beyond_successful_hhl_range
hhl_projection,hhl_s1_fixed_m,6,full_vector_readout_lower_bound,,,4472.13595499958,683163.1436479131,4472.13595499958,2000,1.1002720708523954,0.9973620007718406,extrapolated_beyond_successful_hhl_range
hhl_projection,hhl_s1_fixed_m,6,full_vector_tomography_proxy,,,4472.13595499958,6831631436.479131,44721359.549995795,2000,1.1002720708523954,0.9973620007718406,extrapolated_beyond_successful_hhl_range
hhl_projection,hhl_s1_fixed_m,6,state_preparation_only,,,4894.102730020443,168.69180141274504,1.0,2000,1.1002720708523954,0.9973620007718406,extrapolated_beyond_successful_hhl_range
hhl_projection,hhl_s1_fixed_m,6,single_scalar_observable_sampling,,,4894.102730020443,1686918.0141274503,10000.0,2000,1.1002720708523954,0.9973620007718406,extrapolated_beyond_successful_hhl_range
hhl_projection,hhl_s1_fixed_m,6,full_vector_readout_lower_bound,,,4894.102730020443,825595.005826182,4894.102730020443,2000,1.1002720708523954,0.9973620007718406,extrapolated_beyond_successful_hhl_range
hhl_projection,hhl_s1_fixed_m,6,full_vector_tomography_proxy,,,4894.102730020443,8255950058.26182,48941027.30020443,2000,1.1002720708523954,0.9973620007718406,extrapolated_beyond_successful_hhl_range
hhl_projection,hhl_s1_fixed_m,6,state_preparation_only,,,5355.884027903124,186.28527250574066,1.0,2000,1.1002720708523954,0.9973620007718406,extrapolated_beyond_successful_hhl_range
hhl_projection,hhl_s1_fixed_m,6,single_scalar_observable_sampling,,,5355.884027903124,1862852.7250574066,10000.0,2000,1.1002720708523954,0.9973620007718406,extrapolated_beyond_successful_hhl_range
hhl_projection,hhl_s1_fixed_m,6,full_vector_readout_lower_bound,,,5355.884027903124,997722.3156470774,5355.884027903124,2000,1.1002720708523954,0.9973620007718406,extrapolated_beyond_successful_hhl_range
hhl_projection,hhl_s1_fixed_m,6,full_vector_tomography_proxy,,,5355.884027903124,9977223156.470772,53558840.27903123,2000,1.1002720708523954,0.9973620007718406,extrapolated_beyond_successful_hhl_range
hhl_projection,hhl_s1_fixed_m,6,state_preparation_only,,,5861.2365335919285,205.71362960094729,1.0,2000,1.1002720708523954,0.9973620007718406,extrapolated_beyond_successful_hhl_range
hhl_projection,hhl_s1_fixed_m,6,single_scalar_observable_sampling,,,5861.2365335919285,2057136.2960094728,10000.0,2000,1.1002720708523954,0.9973620007718406,extrapolated_beyond_successful_hhl_range
hhl_projection,hhl_s1_fixed_m,6,full_vector_readout_lower_bound,,,5861.2365335919285,1205736.2412748702,5861.2365335919285,2000,1.1002720708523954,0.9973620007718406,extrapolated_beyond_successful_hhl_range
hhl_projection,hhl_s1_fixed_m,6,full_vector_tomography_proxy,,,5861.2365335919285,12057362412.748701,58612365.33591928,2000,1.1002720708523954,0.9973620007718406,extrapolated_beyond_successful_hhl_range
hhl_projection,hhl_s1_fixed_m,6,state_preparation_only,,,6414.271392684105,227.16823951980274,1.0,2000,1.1002720708523954,0.9973620007718406,extrapolated_beyond_successful_hhl_range
hhl_projection,hhl_s1_fixed_m,6,single_scalar_observable_sampling,,,6414.271392684105,2271682.3951980276,10000.0,2000,1.1002720708523954,0.9973620007718406,extrapolated_beyond_successful_hhl_range
hhl_projection,hhl_s1_fixed_m,6,full_vector_readout_lower_bound,,,6414.271392684105,1457118.7400782816,6414.271392684105,2000,1.1002720708523954,0.9973620007718406,extrapolated_beyond_successful_hhl_range
hhl_projection,hhl_s1_fixed_m,6,full_vector_tomography_proxy,,,6414.271392684105,14571187400.782814,64142713.92684105,2000,1.1002720708523954,0.9973620007718406,extrapolated_beyond_successful_hhl_range
hhl_projection,hhl_s1_fixed_m,6,state_preparation_only,,,7019.487656436925,250.86042741374501,1.0,2000,1.1002720708523954,0.9973620007718406,extrapolated_beyond_successful_hhl_range
hhl_projection,hhl_s1_fixed_m,6,single_scalar_observable_sampling,,,7019.487656436925,2508604.27413745,10000.0,2000,1.1002720708523954,0.9973620007718406,extrapolated_beyond_successful_hhl_range
hhl_projection,hhl_s1_fixed_m,6,full_vector_readout_lower_bound,,,7019.487656436925,1760911.6737192743,7019.487656436925,2000,1.1002720708523954,0.9973620007718406,extrapolated_beyond_successful_hhl_range
hhl_projection,hhl_s1_fixed_m,6,full_vector_tomography_proxy,,,7019.487656436925,17609116737.19274,70194876.56436925,2000,1.1002720708523954,0.9973620007718406,extrapolated_beyond_successful_hhl_range
hhl_projection,hhl_s1_fixed_m,6,state_preparation_only,,,7681.808882466317,277.0235582898066,1.0,2000,1.1002720708523954,0.9973620007718406,extrapolated_beyond_successful_hhl_range
hhl_projection,hhl_s1_fixed_m,6,single_scalar_observable_sampling,,,7681.808882466317,2770235.582898066,10000.0,2000,1.1002720708523954,0.9973620007718406,extrapolated_beyond_successful_hhl_range
hhl_projection,hhl_s1_fixed_m,6,full_vector_readout_lower_bound,,,7681.808882466317,2128042.030723062,7681.808882466317,2000,1.1002720708523954,0.9973620007718406,extrapolated_beyond_successful_hhl_range
hhl_projection,hhl_s1_fixed_m,6,full_vector_tomography_proxy,,,7681.808882466317,21280420307.230618,76818088.82466316,2000,1.1002720708523954,0.9973620007718406,extrapolated_beyond_successful_hhl_range
hhl_projection,hhl_s1_fixed_m,6,state_preparation_only,,,8406.62318889122,305.9153356259527,1.0,2000,1.1002720708523954,0.9973620007718406,extrapolated_beyond_successful_hhl_range
hhl_projection,hhl_s1_fixed_m,6,single_scalar_observable_sampling,,,8406.62318889122,3059153.356259527,10000.0,2000,1.1002720708523954,0.9973620007718406,extrapolated_beyond_successful_hhl_range
hhl_projection,hhl_s1_fixed_m,6,full_vector_readout_lower_bound,,,8406.62318889122,2571714.9543105746,8406.62318889122,2000,1.1002720708523954,0.9973620007718406,extrapolated_beyond_successful_hhl_range
hhl_projection,hhl_s1_fixed_m,6,full_vector_tomography_proxy,,,8406.62318889122,25717149543.105743,84066231.8889122,2000,1.1002720708523954,0.9973620007718406,extrapolated_beyond_successful_hhl_range
hhl_projection,hhl_s1_fixed_m,6,state_preparation_only,,,9199.827087772324,337.82033971723405,1.0,2000,1.1002720708523954,0.9973620007718406,extrapolated_beyond_successful_hhl_range
hhl_projection,hhl_s1_fixed_m,6,single_scalar_observable_sampling,,,9199.827087772324,3378203.3971723407,10000.0,2000,1.1002720708523954,0.9973620007718406,extrapolated_beyond_successful_hhl_range
hhl_projection,hhl_s1_fixed_m,6,full_vector_readout_lower_bound,,,9199.827087772324,3107888.712131059,9199.827087772324,2000,1.1002720708523954,0.9973620007718406,extrapolated_beyond_successful_hhl_range
hhl_projection,hhl_s1_fixed_m,6,full_vector_tomography_proxy,,,9199.827087772324,31078887121.31058,91998270.87772323,2000,1.1002720708523954,0.9973620007718406,extrapolated_beyond_successful_hhl_range
hhl_projection,hhl_s1_fixed_m,6,state_preparation_only,,,10067.873454439028,373.0528307551309,1.0,2000,1.1002720708523954,0.9973620007718406,extrapolated_beyond_successful_hhl_range
hhl_projection,hhl_s1_fixed_m,6,single_scalar_observable_sampling,,,10067.873454439028,3730528.307551309,10000.0,2000,1.1002720708523954,0.9973620007718406,extrapolated_beyond_successful_hhl_range
hhl_projection,hhl_s1_fixed_m,6,full_vector_readout_lower_bound,,,10067.873454439028,3755848.691862918,10067.873454439028,2000,1.1002720708523954,0.9973620007718406,extrapolated_beyond_successful_hhl_range
hhl_projection,hhl_s1_fixed_m,6,full_vector_tomography_proxy,,,10067.873454439028,37558486918.62918,100678734.54439028,2000,1.1002720708523954,0.9973620007718406,extrapolated_beyond_successful_hhl_range
hhl_projection,hhl_s1_fixed_m,6,state_preparation_only,,,11017.824022944978,411.95984425006526,1.0,2000,1.1002720708523954,0.9973620007718406,extrapolated_beyond_successful_hhl_range
hhl_projection,hhl_s1_fixed_m,6,single_scalar_observable_sampling,,,11017.824022944978,4119598.4425006527,10000.0,2000,1.1002720708523954,0.9973620007718406,extrapolated_beyond_successful_hhl_range
hhl_projection,hhl_s1_fixed_m,6,full_vector_readout_lower_bound,,,11017.824022944978,4538901.068467041,11017.824022944978,2000,1.1002720708523954,0.9973620007718406,extrapolated_beyond_successful_hhl_range
hhl_projection,hhl_s1_fixed_m,6,full_vector_tomography_proxy,,,11017.824022944978,45389010684.6704,110178240.22944978,2000,1.1002720708523954,0.9973620007718406,extrapolated_beyond_successful_hhl_range
hhl_projection,hhl_s1_fixed_m,6,state_preparation_only,,,12057.40683471347,454.92460928659995,1.0,2000,1.1002720708523954,0.9973620007718406,extrapolated_beyond_successful_hhl_range
hhl_projection,hhl_s1_fixed_m,6,single_scalar_observable_sampling,,,12057.40683471347,4549246.092866,10000.0,2000,1.1002720708523954,0.9973620007718406,extrapolated_beyond_successful_hhl_range
hhl_projection,hhl_s1_fixed_m,6,full_vector_readout_lower_bound,,,12057.40683471347,5485211.093291606,12057.40683471347,2000,1.1002720708523954,0.9973620007718406,extrapolated_beyond_successful_hhl_range
hhl_projection,hhl_s1_fixed_m,6,full_vector_tomography_proxy,,,12057.40683471347,54852110932.916046,120574068.3471347,2000,1.1002720708523954,0.9973620007718406,extrapolated_beyond_successful_hhl_range
hhl_projection,hhl_s1_fixed_m,6,state_preparation_only,,,13195.079107728921,502.3703232806851,1.0,2000,1.1002720708523954,0.9973620007718406,extrapolated_beyond_successful_hhl_range
hhl_projection,hhl_s1_fixed_m,6,single_scalar_observable_sampling,,,13195.079107728921,5023703.232806851,10000.0,2000,1.1002720708523954,0.9973620007718406,extrapolated_beyond_successful_hhl_range
hhl_projection,hhl_s1_fixed_m,6,full_vector_readout_lower_bound,,,13195.079107728921,6628816.157063993,13195.079107728921,2000,1.1002720708523954,0.9973620007718406,extrapolated_beyond_successful_hhl_range
hhl_projection,hhl_s1_fixed_m,6,full_vector_tomography_proxy,,,13195.079107728921,66288161570.63992,131950791.07728921,2000,1.1002720708523954,0.9973620007718406,extrapolated_beyond_successful_hhl_range
hhl_projection,hhl_s1_fixed_m,6,state_preparation_only,,,14440.096037728345,554.7643204198362,1.0,2000,1.1002720708523954,0.9973620007718406,extrapolated_beyond_successful_hhl_range
hhl_projection,hhl_s1_fixed_m,6,single_scalar_observable_sampling,,,14440.096037728345,5547643.204198361,10000.0,2000,1.1002720708523954,0.9973620007718406,extrapolated_beyond_successful_hhl_range
hhl_projection,hhl_s1_fixed_m,6,full_vector_readout_lower_bound,,,14440.096037728345,8010850.065167534,14440.096037728345,2000,1.1002720708523954,0.9973620007718406,extrapolated_beyond_successful_hhl_range
hhl_projection,hhl_s1_fixed_m,6,full_vector_tomography_proxy,,,14440.096037728345,80108500651.67532,144400960.37728342,2000,1.1002720708523954,0.9973620007718406,extrapolated_beyond_successful_hhl_range
hhl_projection,hhl_s1_fixed_m,6,state_preparation_only,,,15802.586091104287,612.6226748448456,1.0,2000,1.1002720708523954,0.9973620007718406,extrapolated_beyond_successful_hhl_range
hhl_projection,hhl_s1_fixed_m,6,single_scalar_observable_sampling,,,15802.586091104287,6126226.748448457,10000.0,2000,1.1002720708523954,0.9973620007718406,extrapolated_beyond_successful_hhl_range
hhl_projection,hhl_s1_fixed_m,6,full_vector_readout_lower_bound,,,15802.586091104287,9681022.560598262,15802.586091104287,2000,1.1002720708523954,0.9973620007718406,extrapolated_beyond_successful_hhl_range
hhl_projection,hhl_s1_fixed_m,6,full_vector_tomography_proxy,,,15802.586091104287,96810225605.98262,158025860.91104287,2000,1.1002720708523954,0.9973620007718406,extrapolated_beyond_successful_hhl_range
hhl_projection,hhl_s1_fixed_m,6,state_preparation_only,,,17293.63340204262,676.5152839137646,1.0,2000,1.1002720708523954,0.9973620007718406,extrapolated_beyond_successful_hhl_range
hhl_projection,hhl_s1_fixed_m,6,single_scalar_observable_sampling,,,17293.63340204262,6765152.839137646,10000.0,2000,1.1002720708523954,0.9973620007718406,extrapolated_beyond_successful_hhl_range
hhl_projection,hhl_s1_fixed_m,6,full_vector_readout_lower_bound,,,17293.63340204262,11699407.310883425,17293.63340204262,2000,1.1002720708523954,0.9973620007718406,extrapolated_beyond_successful_hhl_range
hhl_projection,hhl_s1_fixed_m,6,full_vector_tomography_proxy,,,17293.63340204262,116994073108.83424,172936334.02042618,2000,1.1002720708523954,0.9973620007718406,extrapolated_beyond_successful_hhl_range
hhl_projection,hhl_s1_fixed_m,6,state_preparation_only,,,18925.367944212547,747.0714816176743,1.0,2000,1.1002720708523954,0.9973620007718406,extrapolated_beyond_successful_hhl_range
hhl_projection,hhl_s1_fixed_m,6,single_scalar_observable_sampling,,,18925.367944212547,7470714.816176743,10000.0,2000,1.1002720708523954,0.9973620007718406,extrapolated_beyond_successful_hhl_range
hhl_projection,hhl_s1_fixed_m,6,full_vector_readout_lower_bound,,,18925.367944212547,14138602.670242505,18925.367944212547,2000,1.1002720708523954,0.9973620007718406,extrapolated_beyond_successful_hhl_range
hhl_projection,hhl_s1_fixed_m,6,full_vector_tomography_proxy,,,18925.367944212547,141386026702.42505,189253679.44212547,2000,1.1002720708523954,0.9973620007718406,extrapolated_beyond_successful_hhl_range
hhl_projection,hhl_s1_fixed_m,6,state_preparation_only,,,20711.064210573764,824.9862374396408,1.0,2000,1.1002720708523954,0.9973620007718406,extrapolated_beyond_successful_hhl_range
hhl_projection,hhl_s1_fixed_m,6,single_scalar_observable_sampling,,,20711.064210573764,8249862.374396408,10000.0,2000,1.1002720708523954,0.9973620007718406,extrapolated_beyond_successful_hhl_range
hhl_projection,hhl_s1_fixed_m,6,full_vector_readout_lower_bound,,,20711.064210573764,17086342.936452053,20711.064210573764,2000,1.1002720708523954,0.9973620007718406,extrapolated_beyond_successful_hhl_range
hhl_projection,hhl_s1_fixed_m,6,full_vector_tomography_proxy,,,20711.064210573764,170863429364.52054,207110642.10573763,2000,1.1002720708523954,0.9973620007718406,extrapolated_beyond_successful_hhl_range
hhl_projection,hhl_s1_fixed_m,6,state_preparation_only,,,22665.24920408136,911.0270017148465,1.0,2000,1.1002720708523954,0.9973620007718406,extrapolated_beyond_successful_hhl_range
hhl_projection,hhl_s1_fixed_m,6,single_scalar_observable_sampling,,,22665.24920408136,9110270.017148465,10000.0,2000,1.1002720708523954,0.9973620007718406,extrapolated_beyond_successful_hhl_range
hhl_projection,hhl_s1_fixed_m,6,full_vector_readout_lower_bound,,,22665.24920408136,20648654.02551405,22665.24920408136,2000,1.1002720708523954,0.9973620007718406,extrapolated_beyond_successful_hhl_range
hhl_projection,hhl_s1_fixed_m,6,full_vector_tomography_proxy,,,22665.24920408136,206486540255.14053,226652492.0408136,2000,1.1002720708523954,0.9973620007718406,extrapolated_beyond_successful_hhl_range
hhl_projection,hhl_s1_fixed_m,6,state_preparation_only,,,24803.82061781456,1006.0412649177863,1.0,2000,1.1002720708523954,0.9973620007718406,extrapolated_beyond_successful_hhl_range
hhl_projection,hhl_s1_fixed_m,6,single_scalar_observable_sampling,,,24803.82061781456,10060412.649177862,10000.0,2000,1.1002720708523954,0.9973620007718406,extrapolated_beyond_successful_hhl_range
hhl_projection,hhl_s1_fixed_m,6,full_vector_readout_lower_bound,,,24803.82061781456,24953667.06914003,24803.82061781456,2000,1.1002720708523954,0.9973620007718406,extrapolated_beyond_successful_hhl_range
hhl_projection,hhl_s1_fixed_m,6,full_vector_tomography_proxy,,,24803.82061781456,249536670691.40027,248038206.1781456,2000,1.1002720708523954,0.9973620007718406,extrapolated_beyond_successful_hhl_range
hhl_projection,hhl_s1_fixed_m,6,state_preparation_only,,,27144.176165949066,1110.9649053345786,1.0,2000,1.1002720708523954,0.9973620007718406,extrapolated_beyond_successful_hhl_range
hhl_projection,hhl_s1_fixed_m,6,single_scalar_observable_sampling,,,27144.176165949066,11109649.053345786,10000.0,2000,1.1002720708523954,0.9973620007718406,extrapolated_beyond_successful_hhl_range
hhl_projection,hhl_s1_fixed_m,6,full_vector_readout_lower_bound,,,27144.176165949066,30156227.10458873,27144.176165949066,2000,1.1002720708523954,0.9973620007718406,extrapolated_beyond_successful_hhl_range
hhl_projection,hhl_s1_fixed_m,6,full_vector_tomography_proxy,,,27144.176165949066,301562271045.88727,271441761.65949064,2000,1.1002720708523954,0.9973620007718406,extrapolated_beyond_successful_hhl_range
hhl_projection,hhl_s1_fixed_m,6,state_preparation_only,,,29705.35511770673,1226.8314073438423,1.0,2000,1.1002720708523954,0.9973620007718406,extrapolated_beyond_successful_hhl_range
hhl_projection,hhl_s1_fixed_m,6,single_scalar_observable_sampling,,,29705.35511770673,12268314.073438423,10000.0,2000,1.1002720708523954,0.9973620007718406,extrapolated_beyond_successful_hhl_range
hhl_projection,hhl_s1_fixed_m,6,full_vector_readout_lower_bound,,,29705.35511770673,36443462.624704756,29705.35511770673,2000,1.1002720708523954,0.9973620007718406,extrapolated_beyond_successful_hhl_range
hhl_projection,hhl_s1_fixed_m,6,full_vector_tomography_proxy,,,29705.35511770673,364434626247.04755,297053551.1770673,2000,1.1002720708523954,0.9973620007718406,extrapolated_beyond_successful_hhl_range
hhl_projection,hhl_s1_fixed_m,6,state_preparation_only,,,32508.19318568967,1354.7820411050625,1.0,2000,1.1002720708523954,0.9973620007718406,extrapolated_beyond_successful_hhl_range
hhl_projection,hhl_s1_fixed_m,6,single_scalar_observable_sampling,,,32508.19318568967,13547820.411050625,10000.0,2000,1.1002720708523954,0.9973620007718406,extrapolated_beyond_successful_hhl_range
hhl_projection,hhl_s1_fixed_m,6,full_vector_readout_lower_bound,,,32508.19318568967,44041516.31674633,32508.19318568967,2000,1.1002720708523954,0.9973620007718406,extrapolated_beyond_successful_hhl_range
hhl_projection,hhl_s1_fixed_m,6,full_vector_tomography_proxy,,,32508.19318568967,440415163167.4633,325081931.8568967,2000,1.1002720708523954,0.9973620007718406,extrapolated_beyond_successful_hhl_range
hhl_projection,hhl_s1_fixed_m,6,state_preparation_only,,,35575.49202864762,1496.077103923042,1.0,2000,1.1002720708523954,0.9973620007718406,extrapolated_beyond_successful_hhl_range
hhl_projection,hhl_s1_fixed_m,6,single_scalar_observable_sampling,,,35575.49202864762,14960771.03923042,10000.0,2000,1.1002720708523954,0.9973620007718406,extrapolated_beyond_successful_hhl_range
hhl_projection,hhl_s1_fixed_m,6,full_vector_readout_lower_bound,,,35575.49202864762,53223679.08485639,35575.49202864762,2000,1.1002720708523954,0.9973620007718406,extrapolated_beyond_successful_hhl_range
hhl_projection,hhl_s1_fixed_m,6,full_vector_tomography_proxy,,,35575.49202864762,532236790848.56396,355754920.2864762,2000,1.1002720708523954,0.9973620007718406,extrapolated_beyond_successful_hhl_range
hhl_projection,hhl_s1_fixed_m,6,state_preparation_only,,,38932.204747617376,1652.1083340144291,1.0,2000,1.1002720708523954,0.9973620007718406,extrapolated_beyond_successful_hhl_range
hhl_projection,hhl_s1_fixed_m,6,single_scalar_observable_sampling,,,38932.204747617376,16521083.340144292,10000.0,2000,1.1002720708523954,0.9973620007718406,extrapolated_beyond_successful_hhl_range
hhl_projection,hhl_s1_fixed_m,6,full_vector_readout_lower_bound,,,38932.204747617376,64320219.92509479,38932.204747617376,2000,1.1002720708523954,0.9973620007718406,extrapolated_beyond_successful_hhl_range
hhl_projection,hhl_s1_fixed_m,6,full_vector_tomography_proxy,,,38932.204747617376,643202199250.9479,389322047.47617376,2000,1.1002720708523954,0.9973620007718406,extrapolated_beyond_successful_hhl_range
hhl_projection,hhl_s1_fixed_m,6,state_preparation_only,,,42605.638884483946,1824.412618950374,1.0,2000,1.1002720708523954,0.9973620007718406,extrapolated_beyond_successful_hhl_range
hhl_projection,hhl_s1_fixed_m,6,single_scalar_observable_sampling,,,42605.638884483946,18244126.18950374,10000.0,2000,1.1002720708523954,0.9973620007718406,extrapolated_beyond_successful_hhl_range
hhl_projection,hhl_s1_fixed_m,6,full_vector_readout_lower_bound,,,42605.638884483946,77730265.21929525,42605.638884483946,2000,1.1002720708523954,0.9973620007718406,extrapolated_beyond_successful_hhl_range
hhl_projection,hhl_s1_fixed_m,6,full_vector_tomography_proxy,,,42605.638884483946,777302652192.9525,426056388.84483945,2000,1.1002720708523954,0.9973620007718406,extrapolated_beyond_successful_hhl_range
hhl_projection,hhl_s1_fixed_m,6,state_preparation_only,,,46625.678574397774,2014.6871338016615,1.0,2000,1.1002720708523954,0.9973620007718406,extrapolated_beyond_successful_hhl_range
hhl_projection,hhl_s1_fixed_m,6,single_scalar_observable_sampling,,,46625.678574397774,20146871.338016614,10000.0,2000,1.1002720708523954,0.9973620007718406,extrapolated_beyond_successful_hhl_range
hhl_projection,hhl_s1_fixed_m,6,full_vector_readout_lower_bound,,,46625.678574397774,93936154.72861099,46625.678574397774,2000,1.1002720708523954,0.9973620007718406,extrapolated_beyond_successful_hhl_range
hhl_projection,hhl_s1_fixed_m,6,full_vector_tomography_proxy,,,46625.678574397774,939361547286.1099,466256785.7439777,2000,1.1002720708523954,0.9973620007718406,extrapolated_beyond_successful_hhl_range
hhl_projection,hhl_s1_fixed_m,6,state_preparation_only,,,51025.02765930269,2224.806058095104,1.0,2000,1.1002720708523954,0.9973620007718406,extrapolated_beyond_successful_hhl_range
hhl_projection,hhl_s1_fixed_m,6,single_scalar_observable_sampling,,,51025.02765930269,22248060.580951042,10000.0,2000,1.1002720708523954,0.9973620007718406,extrapolated_beyond_successful_hhl_range
hhl_projection,hhl_s1_fixed_m,6,full_vector_readout_lower_bound,,,51025.02765930269,113520790.65088686,51025.02765930269,2000,1.1002720708523954,0.9973620007718406,extrapolated_beyond_successful_hhl_range
hhl_projection,hhl_s1_fixed_m,6,full_vector_tomography_proxy,,,51025.02765930269,1135207906508.8687,510250276.5930268,2000,1.1002720708523954,0.9973620007718406,extrapolated_beyond_successful_hhl_range
hhl_projection,hhl_s1_fixed_m,6,state_preparation_only,,,55839.47574035361,2456.8390362411374,1.0,2000,1.1002720708523954,0.9973620007718406,extrapolated_beyond_successful_hhl_range
hhl_projection,hhl_s1_fixed_m,6,single_scalar_observable_sampling,,,55839.47574035361,24568390.362411372,10000.0,2000,1.1002720708523954,0.9973620007718406,extrapolated_beyond_successful_hhl_range
hhl_projection,hhl_s1_fixed_m,6,full_vector_readout_lower_bound,,,55839.47574035361,137188603.76214075,55839.47574035361,2000,1.1002720708523954,0.9973620007718406,extrapolated_beyond_successful_hhl_range
hhl_projection,hhl_s1_fixed_m,6,full_vector_tomography_proxy,,,55839.47574035361,1371886037621.4072,558394757.4035361,2000,1.1002720708523954,0.9973620007718406,extrapolated_beyond_successful_hhl_range
hhl_projection,hhl_s1_fixed_m,6,state_preparation_only,,,61108.1893336136,2713.071563265334,1.0,2000,1.1002720708523954,0.9973620007718406,extrapolated_beyond_successful_hhl_range
hhl_projection,hhl_s1_fixed_m,6,single_scalar_observable_sampling,,,61108.1893336136,27130715.63265334,10000.0,2000,1.1002720708523954,0.9973620007718406,extrapolated_beyond_successful_hhl_range
hhl_projection,hhl_s1_fixed_m,6,full_vector_readout_lower_bound,,,61108.1893336136,165790890.76366106,61108.1893336136,2000,1.1002720708523954,0.9973620007718406,extrapolated_beyond_successful_hhl_range
hhl_projection,hhl_s1_fixed_m,6,full_vector_tomography_proxy,,,61108.1893336136,1657908907636.6106,611081893.336136,2000,1.1002720708523954,0.9973620007718406,extrapolated_beyond_successful_hhl_range
hhl_projection,hhl_s1_fixed_m,6,state_preparation_only,,,66874.0304976422,2996.0274966408274,1.0,2000,1.1002720708523954,0.9973620007718406,extrapolated_beyond_successful_hhl_range
hhl_projection,hhl_s1_fixed_m,6,single_scalar_observable_sampling,,,66874.0304976422,29960274.966408275,10000.0,2000,1.1002720708523954,0.9973620007718406,extrapolated_beyond_successful_hhl_range
hhl_projection,hhl_s1_fixed_m,6,full_vector_readout_lower_bound,,,66874.0304976422,200356434.18213332,66874.0304976422,2000,1.1002720708523954,0.9973620007718406,extrapolated_beyond_successful_hhl_range
hhl_projection,hhl_s1_fixed_m,6,full_vector_tomography_proxy,,,66874.0304976422,2003564341821.3333,668740304.9764221,2000,1.1002720708523954,0.9973620007718406,extrapolated_beyond_successful_hhl_range
hhl_projection,hhl_s1_fixed_m,6,state_preparation_only,,,73183.9055250751,3308.493915960166,1.0,2000,1.1002720708523954,0.9973620007718406,extrapolated_beyond_successful_hhl_range
hhl_projection,hhl_s1_fixed_m,6,single_scalar_observable_sampling,,,73183.9055250751,33084939.15960166,10000.0,2000,1.1002720708523954,0.9973620007718406,extrapolated_beyond_successful_hhl_range
hhl_projection,hhl_s1_fixed_m,6,full_vector_readout_lower_bound,,,73183.9055250751,242128506.17591453,73183.9055250751,2000,1.1002720708523954,0.9973620007718406,extrapolated_beyond_successful_hhl_range
hhl_projection,hhl_s1_fixed_m,6,full_vector_tomography_proxy,,,73183.9055250751,2421285061759.145,731839055.2507509,2000,1.1002720708523954,0.9973620007718406,extrapolated_beyond_successful_hhl_range
hhl_projection,hhl_s1_fixed_m,6,state_preparation_only,,,80089.14653487128,3653.548575311253,1.0,2000,1.1002720708523954,0.9973620007718406,extrapolated_beyond_successful_hhl_range
hhl_projection,hhl_s1_fixed_m,6,single_scalar_observable_sampling,,,80089.14653487128,36535485.75311253,10000.0,2000,1.1002720708523954,0.9973620007718406,extrapolated_beyond_successful_hhl_range
hhl_projection,hhl_s1_fixed_m,6,full_vector_readout_lower_bound,,,80089.14653487128,292609587.22037315,80089.14653487128,2000,1.1002720708523954,0.9973620007718406,extrapolated_beyond_successful_hhl_range
hhl_projection,hhl_s1_fixed_m,6,full_vector_tomography_proxy,,,80089.14653487128,2926095872203.7314,800891465.3487128,2000,1.1002720708523954,0.9973620007718406,extrapolated_beyond_successful_hhl_range
hhl_projection,hhl_s1_fixed_m,6,state_preparation_only,,,87645.9290695598,4034.590218759721,1.0,2000,1.1002720708523954,0.9973620007718406,extrapolated_beyond_successful_hhl_range
hhl_projection,hhl_s1_fixed_m,6,single_scalar_observable_sampling,,,87645.9290695598,40345902.187597215,10000.0,2000,1.1002720708523954,0.9973620007718406,extrapolated_beyond_successful_hhl_range
hhl_projection,hhl_s1_fixed_m,6,full_vector_readout_lower_bound,,,87645.9290695598,353615408.13815427,87645.9290695598,2000,1.1002720708523954,0.9973620007718406,extrapolated_beyond_successful_hhl_range
hhl_projection,hhl_s1_fixed_m,6,full_vector_tomography_proxy,,,87645.9290695598,3536154081381.543,876459290.695598,2000,1.1002720708523954,0.9973620007718406,extrapolated_beyond_successful_hhl_range
hhl_projection,hhl_s1_fixed_m,6,state_preparation_only,,,95915.72909472327,4455.372057541309,1.0,2000,1.1002720708523954,0.9973620007718406,extrapolated_beyond_successful_hhl_range
hhl_projection,hhl_s1_fixed_m,6,single_scalar_observable_sampling,,,95915.72909472327,44553720.57541309,10000.0,2000,1.1002720708523954,0.9973620007718406,extrapolated_beyond_successful_hhl_range
hhl_projection,hhl_s1_fixed_m,6,full_vector_readout_lower_bound,,,95915.72909472327,427340259.287332,95915.72909472327,2000,1.1002720708523954,0.9973620007718406,extrapolated_beyond_successful_hhl_range
hhl_projection,hhl_s1_fixed_m,6,full_vector_tomography_proxy,,,95915.72909472327,4273402592873.32,959157290.9472326,2000,1.1002720708523954,0.9973620007718406,extrapolated_beyond_successful_hhl_range
hhl_projection,hhl_s1_fixed_m,6,state_preparation_only,,,104965.82311850357,4920.038738710377,1.0,2000,1.1002720708523954,0.9973620007718406,extrapolated_beyond_successful_hhl_range
hhl_projection,hhl_s1_fixed_m,6,single_scalar_observable_sampling,,,104965.82311850357,49200387.38710377,10000.0,2000,1.1002720708523954,0.9973620007718406,extrapolated_beyond_successful_hhl_range
hhl_projection,hhl_s1_fixed_m,6,full_vector_readout_lower_bound,,,104965.82311850357,516435915.98365885,104965.82311850357,2000,1.1002720708523954,0.9973620007718406,extrapolated_beyond_successful_hhl_range
hhl_projection,hhl_s1_fixed_m,6,full_vector_tomography_proxy,,,104965.82311850357,5164359159836.588,1049658231.1850356,2000,1.1002720708523954,0.9973620007718406,extrapolated_beyond_successful_hhl_range
hhl_projection,hhl_s1_fixed_m,6,state_preparation_only,,,114869.8354997034,5433.167169380975,1.0,2000,1.1002720708523954,0.9973620007718406,extrapolated_beyond_successful_hhl_range
hhl_projection,hhl_s1_fixed_m,6,single_scalar_observable_sampling,,,114869.8354997034,54331671.69380975,10000.0,2000,1.1002720708523954,0.9973620007718406,extrapolated_beyond_successful_hhl_range
hhl_projection,hhl_s1_fixed_m,6,full_vector_readout_lower_bound,,,114869.8354997034,624107018.9891818,114869.8354997034,2000,1.1002720708523954,0.9973620007718406,extrapolated_beyond_successful_hhl_range
hhl_projection,hhl_s1_fixed_m,6,full_vector_tomography_proxy,,,114869.8354997034,6241070189891.817,1148698354.997034,2000,1.1002720708523954,0.9973620007718406,extrapolated_beyond_successful_hhl_range
hhl_projection,hhl_s1_fixed_m,6,state_preparation_only,,,125708.33739694525,5999.811598673869,1.0,2000,1.1002720708523954,0.9973620007718406,extrapolated_beyond_successful_hhl_range
hhl_projection,hhl_s1_fixed_m,6,single_scalar_observable_sampling,,,125708.33739694525,59998115.9867387,10000.0,2000,1.1002720708523954,0.9973620007718406,extrapolated_beyond_successful_hhl_range
hhl_projection,hhl_s1_fixed_m,6,full_vector_readout_lower_bound,,,125708.33739694525,754226340.7642002,125708.33739694525,2000,1.1002720708523954,0.9973620007718406,extrapolated_beyond_successful_hhl_range
hhl_projection,hhl_s1_fixed_m,6,full_vector_tomography_proxy,,,125708.33739694525,7542263407642.002,1257083373.9694524,2000,1.1002720708523954,0.9973620007718406,extrapolated_beyond_successful_hhl_range
hhl_projection,hhl_s1_fixed_m,6,state_preparation_only,,,137569.50223146315,6625.553401421109,1.0,2000,1.1002720708523954,0.9973620007718406,extrapolated_beyond_successful_hhl_range
hhl_projection,hhl_s1_fixed_m,6,single_scalar_observable_sampling,,,137569.50223146315,66255534.01421109,10000.0,2000,1.1002720708523954,0.9973620007718406,extrapolated_beyond_successful_hhl_range
hhl_projection,hhl_s1_fixed_m,6,full_vector_readout_lower_bound,,,137569.50223146315,911474083.4414794,137569.50223146315,2000,1.1002720708523954,0.9973620007718406,extrapolated_beyond_successful_hhl_range
hhl_projection,hhl_s1_fixed_m,6,full_vector_tomography_proxy,,,137569.50223146315,9114740834414.795,1375695022.3146315,2000,1.1002720708523954,0.9973620007718406,extrapolated_beyond_successful_hhl_range
hhl_projection,hhl_s1_fixed_m,6,state_preparation_only,,,150549.8229958488,7316.556053991018,1.0,2000,1.1002720708523954,0.9973620007718406,extrapolated_beyond_successful_hhl_range
hhl_projection,hhl_s1_fixed_m,6,single_scalar_observable_sampling,,,150549.8229958488,73165560.53991018,10000.0,2000,1.1002720708523954,0.9973620007718406,extrapolated_beyond_successful_hhl_range
hhl_projection,hhl_s1_fixed_m,6,full_vector_readout_lower_bound,,,150549.8229958488,1101506218.867554,150549.8229958488,2000,1.1002720708523954,0.9973620007718406,extrapolated_beyond_successful_hhl_range
hhl_projection,hhl_s1_fixed_m,6,full_vector_tomography_proxy,,,150549.8229958488,11015062188675.537,1505498229.958488,2000,1.1002720708523954,0.9973620007718406,extrapolated_beyond_successful_hhl_range
hhl_projection,hhl_s1_fixed_m,6,state_preparation_only,,,164754.89724420657,8079.625843738638,1.0,2000,1.1002720708523954,0.9973620007718406,extrapolated_beyond_successful_hhl_range
hhl_projection,hhl_s1_fixed_m,6,single_scalar_observable_sampling,,,164754.89724420657,80796258.43738638,10000.0,2000,1.1002720708523954,0.9973620007718406,extrapolated_beyond_successful_hhl_range
hhl_projection,hhl_s1_fixed_m,6,full_vector_readout_lower_bound,,,164754.89724420657,1331157925.656795,164754.89724420657,2000,1.1002720708523954,0.9973620007718406,extrapolated_beyond_successful_hhl_range
hhl_projection,hhl_s1_fixed_m,6,full_vector_tomography_proxy,,,164754.89724420657,13311579256567.951,1647548972.4420657,2000,1.1002720708523954,0.9973620007718406,extrapolated_beyond_successful_hhl_range
hhl_projection,hhl_s1_fixed_m,6,state_preparation_only,,,180300.286149772,8922.278910061834,1.0,2000,1.1002720708523954,0.9973620007718406,extrapolated_beyond_successful_hhl_range
hhl_projection,hhl_s1_fixed_m,6,single_scalar_observable_sampling,,,180300.286149772,89222789.10061833,10000.0,2000,1.1002720708523954,0.9973620007718406,extrapolated_beyond_successful_hhl_range
hhl_projection,hhl_s1_fixed_m,6,full_vector_readout_lower_bound,,,180300.286149772,1608689440.5922244,180300.286149772,2000,1.1002720708523954,0.9973620007718406,extrapolated_beyond_successful_hhl_range
hhl_projection,hhl_s1_fixed_m,6,full_vector_tomography_proxy,,,180300.286149772,16086894405922.244,1803002861.49772,2000,1.1002720708523954,0.9973620007718406,extrapolated_beyond_successful_hhl_range
hhl_projection,hhl_s1_fixed_m,6,state_preparation_only,,,197312.4546186003,9852.815277408698,1.0,2000,1.1002720708523954,0.9973620007718406,extrapolated_beyond_successful_hhl_range
hhl_projection,hhl_s1_fixed_m,6,single_scalar_observable_sampling,,,197312.4546186003,98528152.77408698,10000.0,2000,1.1002720708523954,0.9973620007718406,extrapolated_beyond_successful_hhl_range
hhl_projection,hhl_s1_fixed_m,6,full_vector_readout_lower_bound,,,197312.4546186003,1944083167.2891555,197312.4546186003,2000,1.1002720708523954,0.9973620007718406,extrapolated_beyond_successful_hhl_range
hhl_projection,hhl_s1_fixed_m,6,full_vector_tomography_proxy,,,197312.4546186003,19440831672891.555,1973124546.186003,2000,1.1002720708523954,0.9973620007718406,extrapolated_beyond_successful_hhl_range
hhl_projection,hhl_s1_fixed_m,6,state_preparation_only,,,215929.80010734455,10880.40060945212,1.0,2000,1.1002720708523954,0.9973620007718406,extrapolated_beyond_successful_hhl_range
hhl_projection,hhl_s1_fixed_m,6,single_scalar_observable_sampling,,,215929.80010734455,108804006.0945212,10000.0,2000,1.1002720708523954,0.9973620007718406,extrapolated_beyond_successful_hhl_range
hhl_projection,hhl_s1_fixed_m,6,full_vector_readout_lower_bound,,,215929.80010734455,2349402728.6868258,215929.80010734455,2000,1.1002720708523954,0.9973620007718406,extrapolated_beyond_successful_hhl_range
hhl_projection,hhl_s1_fixed_m,6,full_vector_tomography_proxy,,,215929.80010734455,23494027286868.258,2159298001.0734453,2000,1.1002720708523954,0.9973620007718406,extrapolated_beyond_successful_hhl_range
hhl_projection,hhl_s1_fixed_m,6,state_preparation_only,,,236303.77851476157,12015.156489699311,1.0,2000,1.1002720708523954,0.9973620007718406,extrapolated_beyond_successful_hhl_range
hhl_projection,hhl_s1_fixed_m,6,single_scalar_observable_sampling,,,236303.77851476157,120151564.89699312,10000.0,2000,1.1002720708523954,0.9973620007718406,extrapolated_beyond_successful_hhl_range
hhl_projection,hhl_s1_fixed_m,6,full_vector_readout_lower_bound,,,236303.77851476157,2839226877.962106,236303.77851476157,2000,1.1002720708523954,0.9973620007718406,extrapolated_beyond_successful_hhl_range
hhl_projection,hhl_s1_fixed_m,6,full_vector_tomography_proxy,,,236303.77851476157,28392268779621.06,2363037785.1476154,2000,1.1002720708523954,0.9973620007718406,extrapolated_beyond_successful_hhl_range
hhl_projection,hhl_s1_fixed_m,6,state_preparation_only,,,258600.1363063102,13268.260117789305,1.0,2000,1.1002720708523954,0.9973620007718406,extrapolated_beyond_successful_hhl_range
hhl_projection,hhl_s1_fixed_m,6,single_scalar_observable_sampling,,,258600.1363063102,132682601.17789304,10000.0,2000,1.1002720708523954,0.9973620007718406,extrapolated_beyond_successful_hhl_range
hhl_projection,hhl_s1_fixed_m,6,full_vector_readout_lower_bound,,,258600.1363063102,3431173875.0078936,258600.1363063102,2000,1.1002720708523954,0.9973620007718406,extrapolated_beyond_successful_hhl_range
hhl_projection,hhl_s1_fixed_m,6,full_vector_tomography_proxy,,,258600.1363063102,34311738750078.934,2586001363.063102,2000,1.1002720708523954,0.9973620007718406,extrapolated_beyond_successful_hhl_range
hhl_projection,hhl_s1_fixed_m,6,state_preparation_only,,,283000.2588954139,14652.054403473136,1.0,2000,1.1002720708523954,0.9973620007718406,extrapolated_beyond_successful_hhl_range
hhl_projection,hhl_s1_fixed_m,6,single_scalar_observable_sampling,,,283000.2588954139,146520544.03473136,10000.0,2000,1.1002720708523954,0.9973620007718406,extrapolated_beyond_successful_hhl_range
hhl_projection,hhl_s1_fixed_m,6,full_vector_readout_lower_bound,,,283000.2588954139,4146535189.5325866,283000.2588954139,2000,1.1002720708523954,0.9973620007718406,extrapolated_beyond_successful_hhl_range
hhl_projection,hhl_s1_fixed_m,6,full_vector_tomography_proxy,,,283000.2588954139,41465351895325.86,2830002588.9541388,2000,1.1002720708523954,0.9973620007718406,extrapolated_beyond_successful_hhl_range
hhl_projection,hhl_s1_fixed_m,6,state_preparation_only,,,309702.64625075983,16180.169542689571,1.0,2000,1.1002720708523954,0.9973620007718406,extrapolated_beyond_successful_hhl_range
hhl_projection,hhl_s1_fixed_m,6,single_scalar_observable_sampling,,,309702.64625075983,161801695.4268957,10000.0,2000,1.1002720708523954,0.9973620007718406,extrapolated_beyond_successful_hhl_range
hhl_projection,hhl_s1_fixed_m,6,full_vector_readout_lower_bound,,,309702.64625075983,5011041324.156907,309702.64625075983,2000,1.1002720708523954,0.9973620007718406,extrapolated_beyond_successful_hhl_range
hhl_projection,hhl_s1_fixed_m,6,full_vector_tomography_proxy,,,309702.64625075983,50110413241569.07,3097026462.5075984,2000,1.1002720708523954,0.9973620007718406,extrapolated_beyond_successful_hhl_range
hhl_projection,hhl_s1_fixed_m,6,state_preparation_only,,,338924.527733983,17867.657273243647,1.0,2000,1.1002720708523954,0.9973620007718406,extrapolated_beyond_successful_hhl_range
hhl_projection,hhl_s1_fixed_m,6,single_scalar_observable_sampling,,,338924.527733983,178676572.73243648,10000.0,2000,1.1002720708523954,0.9973620007718406,extrapolated_beyond_successful_hhl_range
hhl_projection,hhl_s1_fixed_m,6,full_vector_readout_lower_bound,,,338924.527733983,6055787303.04677,338924.527733983,2000,1.1002720708523954,0.9973620007718406,extrapolated_beyond_successful_hhl_range
hhl_projection,hhl_s1_fixed_m,6,full_vector_tomography_proxy,,,338924.527733983,60557873030467.695,3389245277.33983,2000,1.1002720708523954,0.9973620007718406,extrapolated_beyond_successful_hhl_range
hhl_projection,hhl_s1_fixed_m,6,state_preparation_only,,,370903.629304787,19731.13913249071,1.0,2000,1.1002720708523954,0.9973620007718406,extrapolated_beyond_successful_hhl_range
hhl_projection,hhl_s1_fixed_m,6,single_scalar_observable_sampling,,,370903.629304787,197311391.3249071,10000.0,2000,1.1002720708523954,0.9973620007718406,extrapolated_beyond_successful_hhl_range
hhl_projection,hhl_s1_fixed_m,6,full_vector_readout_lower_bound,,,370903.629304787,7318351114.558511,370903.629304787,2000,1.1002720708523954,0.9973620007718406,extrapolated_beyond_successful_hhl_range
hhl_projection,hhl_s1_fixed_m,6,full_vector_tomography_proxy,,,370903.629304787,73183511145585.11,3709036293.04787,2000,1.1002720708523954,0.9973620007718406,extrapolated_beyond_successful_hhl_range
hhl_projection,hhl_s1_fixed_m,6,state_preparation_only,,,405900.1074700604,21788.9701773439,1.0,2000,1.1002720708523954,0.9973620007718406,extrapolated_beyond_successful_hhl_range
hhl_projection,hhl_s1_fixed_m,6,single_scalar_observable_sampling,,,405900.1074700604,217889701.77343902,10000.0,2000,1.1002720708523954,0.9973620007718406,extrapolated_beyond_successful_hhl_range
hhl_projection,hhl_s1_fixed_m,6,full_vector_readout_lower_bound,,,405900.1074700604,8844145336.64583,405900.1074700604,2000,1.1002720708523954,0.9973620007718406,extrapolated_beyond_successful_hhl_range
hhl_projection,hhl_s1_fixed_m,6,full_vector_tomography_proxy,,,405900.1074700604,88441453366458.3,4059001074.700604,2000,1.1002720708523954,0.9973620007718406,extrapolated_beyond_successful_hhl_range
hhl_projection,hhl_s1_fixed_m,6,state_preparation_only,,,444198.665710063,24061.419779226413,1.0,2000,1.1002720708523954,0.9973620007718406,extrapolated_beyond_successful_hhl_range
hhl_projection,hhl_s1_fixed_m,6,single_scalar_observable_sampling,,,444198.665710063,240614197.79226413,10000.0,2000,1.1002720708523954,0.9973620007718406,extrapolated_beyond_successful_hhl_range
hhl_projection,hhl_s1_fixed_m,6,full_vector_readout_lower_bound,,,444198.665710063,10688050561.02209,444198.665710063,2000,1.1002720708523954,0.9973620007718406,extrapolated_beyond_successful_hhl_range
hhl_projection,hhl_s1_fixed_m,6,full_vector_tomography_proxy,,,444198.665710063,106880505610220.9,4441986657.10063,2000,1.1002720708523954,0.9973620007718406,extrapolated_beyond_successful_hhl_range
hhl_projection,hhl_s1_fixed_m,6,state_preparation_only,,,486110.8705992513,26570.87127477646,1.0,2000,1.1002720708523954,0.9973620007718406,extrapolated_beyond_successful_hhl_range
hhl_projection,hhl_s1_fixed_m,6,single_scalar_observable_sampling,,,486110.8705992513,265708712.7477646,10000.0,2000,1.1002720708523954,0.9973620007718406,extrapolated_beyond_successful_hhl_range
hhl_projection,hhl_s1_fixed_m,6,full_vector_readout_lower_bound,,,486110.8705992513,12916389367.962223,486110.8705992513,2000,1.1002720708523954,0.9973620007718406,extrapolated_beyond_successful_hhl_range
hhl_projection,hhl_s1_fixed_m,6,full_vector_tomography_proxy,,,486110.8705992513,129163893679622.22,4861108705.992513,2000,1.1002720708523954,0.9973620007718406,extrapolated_beyond_successful_hhl_range
hhl_projection,hhl_s1_fixed_m,6,state_preparation_only,,,531977.6864638346,29342.042438837412,1.0,2000,1.1002720708523954,0.9973620007718406,extrapolated_beyond_successful_hhl_range
hhl_projection,hhl_s1_fixed_m,6,single_scalar_observable_sampling,,,531977.6864638346,293420424.38837415,10000.0,2000,1.1002720708523954,0.9973620007718406,extrapolated_beyond_successful_hhl_range
hhl_projection,hhl_s1_fixed_m,6,full_vector_readout_lower_bound,,,531977.6864638346,15609311852.736378,531977.6864638346,2000,1.1002720708523954,0.9973620007718406,extrapolated_beyond_successful_hhl_range
hhl_projection,hhl_s1_fixed_m,6,full_vector_tomography_proxy,,,531977.6864638346,156093118527363.78,5319776864.638346,2000,1.1002720708523954,0.9973620007718406,extrapolated_beyond_successful_hhl_range
hhl_projection,hhl_s1_fixed_m,6,state_preparation_only,,,582172.2491960453,32402.22895136418,1.0,2000,1.1002720708523954,0.9973620007718406,extrapolated_beyond_successful_hhl_range
hhl_projection,hhl_s1_fixed_m,6,single_scalar_observable_sampling,,,582172.2491960453,324022289.51364183,10000.0,2000,1.1002720708523954,0.9973620007718406,extrapolated_beyond_successful_hhl_range
hhl_projection,hhl_s1_fixed_m,6,full_vector_readout_lower_bound,,,582172.2491960453,18863678507.580902,582172.2491960453,2000,1.1002720708523954,0.9973620007718406,extrapolated_beyond_successful_hhl_range
hhl_projection,hhl_s1_fixed_m,6,full_vector_tomography_proxy,,,582172.2491960453,188636785075809.03,5821722491.960453,2000,1.1002720708523954,0.9973620007718406,extrapolated_beyond_successful_hhl_range
hhl_projection,hhl_s1_fixed_m,6,state_preparation_only,,,637102.9017906451,35781.57325636471,1.0,2000,1.1002720708523954,0.9973620007718406,extrapolated_beyond_successful_hhl_range
hhl_projection,hhl_s1_fixed_m,6,single_scalar_observable_sampling,,,637102.9017906451,357815732.5636471,10000.0,2000,1.1002720708523954,0.9973620007718406,extrapolated_beyond_successful_hhl_range
hhl_projection,hhl_s1_fixed_m,6,full_vector_readout_lower_bound,,,637102.9017906451,22796544152.2645,637102.9017906451,2000,1.1002720708523954,0.9973620007718406,extrapolated_beyond_successful_hhl_range
hhl_projection,hhl_s1_fixed_m,6,full_vector_tomography_proxy,,,637102.9017906451,227965441522644.97,6371029017.90645,2000,1.1002720708523954,0.9973620007718406,extrapolated_beyond_successful_hhl_range
hhl_projection,hhl_s1_fixed_m,6,state_preparation_only,,,697216.5162983808,39513.36146110082,1.0,2000,1.1002720708523954,0.9973620007718406,extrapolated_beyond_successful_hhl_range
hhl_projection,hhl_s1_fixed_m,6,single_scalar_observable_sampling,,,697216.5162983808,395133614.6110082,10000.0,2000,1.1002720708523954,0.9973620007718406,extrapolated_beyond_successful_hhl_range
hhl_projection,hhl_s1_fixed_m,6,full_vector_readout_lower_bound,,,697216.5162983808,27549368225.147415,697216.5162983808,2000,1.1002720708523954,0.9973620007718406,extrapolated_beyond_successful_hhl_range
hhl_projection,hhl_s1_fixed_m,6,full_vector_tomography_proxy,,,697216.5162983808,275493682251474.12,6972165162.983808,2000,1.1002720708523954,0.9973620007718406,extrapolated_beyond_successful_hhl_range
hhl_projection,hhl_s1_fixed_m,6,state_preparation_only,,,763002.129221175,43634.351199968056,1.0,2000,1.1002720708523954,0.9973620007718406,extrapolated_beyond_successful_hhl_range
hhl_projection,hhl_s1_fixed_m,6,single_scalar_observable_sampling,,,763002.129221175,436343511.9996806,10000.0,2000,1.1002720708523954,0.9973620007718406,extrapolated_beyond_successful_hhl_range
hhl_projection,hhl_s1_fixed_m,6,full_vector_readout_lower_bound,,,763002.129221175,33293102872.76016,763002.129221175,2000,1.1002720708523954,0.9973620007718406,extrapolated_beyond_successful_hhl_range
hhl_projection,hhl_s1_fixed_m,6,full_vector_tomography_proxy,,,763002.129221175,332931028727601.56,7630021292.211749,2000,1.1002720708523954,0.9973620007718406,extrapolated_beyond_successful_hhl_range
hhl_projection,hhl_s1_fixed_m,6,state_preparation_only,,,834994.9199236968,48185.133692473006,1.0,2000,1.1002720708523954,0.9973620007718406,extrapolated_beyond_successful_hhl_range
hhl_projection,hhl_s1_fixed_m,6,single_scalar_observable_sampling,,,834994.9199236968,481851336.92473006,10000.0,2000,1.1002720708523954,0.9973620007718406,extrapolated_beyond_successful_hhl_range
hhl_projection,hhl_s1_fixed_m,6,full_vector_readout_lower_bound,,,834994.9199236968,40234341849.05912,834994.9199236968,2000,1.1002720708523954,0.9973620007718406,extrapolated_beyond_successful_hhl_range
hhl_projection,hhl_s1_fixed_m,6,full_vector_tomography_proxy,,,834994.9199236968,402343418490591.2,8349949199.236967,2000,1.1002720708523954,0.9973620007718406,extrapolated_beyond_successful_hhl_range
hhl_projection,hhl_s1_fixed_m,6,state_preparation_only,,,913780.5644265449,53210.53356153042,1.0,2000,1.1002720708523954,0.9973620007718406,extrapolated_beyond_successful_hhl_range
hhl_projection,hhl_s1_fixed_m,6,single_scalar_observable_sampling,,,913780.5644265449,532105335.61530423,10000.0,2000,1.1002720708523954,0.9973620007718406,extrapolated_beyond_successful_hhl_range
hhl_projection,hhl_s1_fixed_m,6,full_vector_readout_lower_bound,,,913780.5644265449,48622751391.29288,913780.5644265449,2000,1.1002720708523954,0.9973620007718406,extrapolated_beyond_successful_hhl_range
hhl_projection,hhl_s1_fixed_m,6,full_vector_tomography_proxy,,,913780.5644265449,486227513912928.8,9137805644.26545,2000,1.1002720708523954,0.9973620007718406,extrapolated_beyond_successful_hhl_range
hhl_projection,hhl_s1_fixed_m,6,state_preparation_only,,,1000000.0,58760.0503502397,1.0,2000,1.1002720708523954,0.9973620007718406,extrapolated_beyond_successful_hhl_range
hhl_projection,hhl_s1_fixed_m,6,single_scalar_observable_sampling,,,1000000.0,587600503.502397,10000.0,2000,1.1002720708523954,0.9973620007718406,extrapolated_beyond_successful_hhl_range
hhl_projection,hhl_s1_fixed_m,6,full_vector_readout_lower_bound,,,1000000.0,58760050350.2397,1000000.0,2000,1.1002720708523954,0.9973620007718406,extrapolated_beyond_successful_hhl_range
hhl_projection,hhl_s1_fixed_m,6,full_vector_tomography_proxy,,,1000000.0,587600503502397.0,10000000000.0,2000,1.1002720708523954,0.9973620007718406,extrapolated_beyond_successful_hhl_range
classical_projection,,,full_solution_vector,sparse_iterative,1000,20.000000000000004,0.00044593105886740774,,1000000,0.6934440209808915,0.8945440976089829,inside_measured_classical_range
classical_projection,,,full_solution_vector,sparse_iterative,1000,21.887092786386024,0.00047470265483742606,,1000000,0.6934440209808915,0.8945440976089829,inside_measured_classical_range
classical_projection,,,full_solution_vector,sparse_iterative,1000,23.952241531993543,0.0005053306021832927,,1000000,0.6934440209808915,0.8945440976089829,inside_measured_classical_range
classical_projection,,,full_solution_vector,sparse_iterative,1000,26.212246642633577,0.0005379346732121883,,1000000,0.6934440209808915,0.8945440976089829,inside_measured_classical_range
classical_projection,,,full_solution_vector,sparse_iterative,1000,28.685493720347814,0.0005726423679738727,,1000000,0.6934440209808915,0.8945440976089829,inside_measured_classical_range
classical_projection,,,full_solution_vector,sparse_iterative,1000,31.39210313402731,0.0006095894128567852,,1000000,0.6934440209808915,0.8945440976089829,inside_measured_classical_range
classical_projection,,,full_solution_vector,sparse_iterative,1000,34.35409370271275,0.0006489202913537035,,1000000,0.6934440209808915,0.8945440976089829,inside_measured_classical_range
classical_projection,,,full_solution_vector,sparse_iterative,1000,37.595561823173675,0.0006907888090725523,,1000000,0.6934440209808915,0.8945440976089829,inside_measured_classical_range
classical_projection,,,full_solution_vector,sparse_iterative,1000,41.14287749900571,0.0007353586952018676,,1000000,0.6934440209808915,0.8945440976089829,inside_measured_classical_range
classical_projection,,,full_solution_vector,sparse_iterative,1000,45.02489886598256,0.0007828042427829761,,1000000,0.6934440209808915,0.8945440976089829,inside_measured_classical_range
classical_projection,,,full_solution_vector,sparse_iterative,1000,49.273206958870354,0.0008333109902927178,,1000000,0.6934440209808915,0.8945440976089829,inside_measured_classical_range
classical_projection,,,full_solution_vector,sparse_iterative,1000,53.92236262957984,0.0008870764472020713,,1000000,0.6934440209808915,0.8945440976089829,inside_measured_classical_range
classical_projection,,,full_solution_vector,sparse_iterative,1000,59.01018770673837,0.0009443108663480267,,1000000,0.6934440209808915,0.8945440976089829,inside_measured_classical_range
classical_projection,,,full_solution_vector,sparse_iterative,1000,64.5780726839719,0.0010052380661391082,,1000000,0.6934440209808915,0.8945440976089829,inside_measured_classical_range
classical_projection,,,full_solution_vector,sparse_iterative,1000,70.67131344000367,0.0010700963058098208,,1000000,0.6934440209808915,0.8945440976089829,inside_measured_classical_range
classical_projection,,,full_solution_vector,sparse_iterative,1000,77.33947972985649,0.0011391392171467589,,1000000,0.6934440209808915,0.8945440976089829,inside_measured_classical_range
classical_projection,,,full_solution_vector,sparse_iterative,1000,84.63681844490951,0.0012126367963299445,,1000000,0.6934440209808915,0.8945440976089829,inside_measured_classical_range
classical_projection,,,full_solution_vector,sparse_iterative,1000,92.62269492241207,0.0012908764597680457,,1000000,0.6934440209808915,0.8945440976089829,inside_measured_classical_range
classical_projection,,,full_solution_vector,sparse_iterative,1000,101.36207589459785,0.0013741641680563724,,1000000,0.6934440209808915,0.8945440976089829,inside_measured_classical_range
classical_projection,,,full_solution_vector,sparse_iterative,1000,110.92605800628826,0.0014628256224529605,,1000000,0.6934440209808915,0.8945440976089829,inside_measured_classical_range
classical_projection,,,full_solution_vector,sparse_iterative,1000,121.39244620058346,0.0015572075385516123,,1000000,0.6934440209808915,0.8945440976089829,inside_measured_classical_range
classical_projection,,,full_solution_vector,sparse_iterative,1000,132.84638667792717,0.0016576790021327011,,1000000,0.6934440209808915,0.8945440976089829,inside_measured_classical_range
classical_projection,,,full_solution_vector,sparse_iterative,1000,145.38105957779538,0.001764632912493824,,1000000,0.6934440209808915,0.8945440976089829,inside_measured_classical_range
classical_projection,,,full_solution_vector,sparse_iterative,1000,159.09843701811593,0.0018784875189045511,,1000000,0.6934440209808915,0.8945440976089829,inside_measured_classical_range
classical_projection,,,full_solution_vector,sparse_iterative,1000,174.11011265922482,0.0019996880561936907,,1000000,0.6934440209808915,0.8945440976089829,inside_measured_classical_range
classical_projection,,,full_solution_vector,sparse_iterative,1000,190.53820954102883,0.002128708485865046,,1000000,0.6934440209808915,0.8945440976089829,inside_measured_classical_range
classical_projection,,,full_solution_vector,sparse_iterative,1000,208.51637357881782,0.002266053349550508,,1000000,0.6934440209808915,0.8945440976089829,inside_measured_classical_range
classical_projection,,,full_solution_vector,sparse_iterative,1000,228.19086080001605,0.0024122597420484135,,1000000,0.6934440209808915,0.8945440976089829,inside_measured_classical_range
classical_projection,,,full_solution_vector,sparse_iterative,1000,249.72172716676215,0.002567899411662887,,1000000,0.6934440209808915,0.8945440976089829,inside_measured_classical_range
classical_projection,,,full_solution_vector,sparse_iterative,1000,273.28413066377493,0.0027335809960577083,,1000000,0.6934440209808915,0.8945440976089829,inside_measured_classical_range
classical_projection,,,full_solution_vector,sparse_iterative,1000,299.06975624424416,0.0029099524023680212,,1000000,0.6934440209808915,0.8945440976089829,inside_measured_classical_range
classical_projection,,,full_solution_vector,sparse_iterative,1000,327.28837522598076,0.003097703340877577,,1000000,0.6934440209808915,0.8945440976089829,inside_measured_classical_range
classical_projection,,,full_solution_vector,sparse_iterative,1000,358.1695518238286,0.003297568022169506,,1000000,0.6934440209808915,0.8945440976089829,inside_measured_classical_range
classical_projection,,,full_solution_vector,sparse_iterative,1000,391.9645107013213,0.0035103280282979925,,1000000,0.6934440209808915,0.8945440976089829,inside_measured_classical_range
classical_projection,,,full_solution_vector,sparse_iterative,1000,428.9481807345108,0.003736815369208799,,1000000,0.6934440209808915,0.8945440976089829,inside_measured_classical_range
classical_projection,,,full_solution_vector,sparse_iterative,1000,469.42143161438594,0.003977915736360841,,1000000,0.6934440209808915,0.8945440976089829,inside_measured_classical_range
classical_projection,,,full_solution_vector,sparse_iterative,1000,513.7135214831108,0.004234571966272337,,1000000,0.6934440209808915,0.8945440976089829,inside_measured_classical_range
classical_projection,,,full_solution_vector,sparse_iterative,1000,562.1847755160983,0.004507787727535964,,1000000,0.6934440209808915,0.8945440976089829,inside_measured_classical_range
classical_projection,,,full_solution_vector,sparse_iterative,1000,615.2295172407213,0.004798631445721182,,1000000,0.6934440209808915,0.8945440976089829,inside_measured_classical_range
classical_projection,,,full_solution_vector,sparse_iterative,1000,673.2792764385573,0.0051082404815124445,,1000000,0.6934440209808915,0.8945440976089829,inside_measured_classical_range
classical_projection,,,full_solution_vector,sparse_iterative,1000,736.8062997280774,0.005437825578421938,,1000000,0.6934440209808915,0.8945440976089829,inside_measured_classical_range
classical_projection,,,full_solution_vector,sparse_iterative,1000,806.3273923871081,0.0057886755974700735,,1000000,0.6934440209808915,0.8945440976089829,inside_measured_classical_range
classical_projection,,,full_solution_vector,sparse_iterative,1000,882.4081226690672,0.0061621625573488594,,1000000,0.6934440209808915,0.8945440976089829,inside_measured_classical_range
classical_projection,,,full_solution_vector,sparse_iterative,1000,965.6674228159277,0.006559746999777948,,1000000,0.6934440209808915,0.8945440976089829,inside_measured_classical_range
classical_projection,,,full_solution_vector,sparse_iterative,1000,1056.7826241981236,0.006982983701035101,,1000000,0.6934440209808915,0.8945440976089829,inside_measured_classical_range
classical_projection,,,full_solution_vector,sparse_iterative,1000,1156.494967543242,0.007433527751996002,,1000000,0.6934440209808915,0.8945440976089829,inside_measured_classical_range
classical_projection,,,full_solution_vector,sparse_iterative,1000,1265.6156330803701,0.00791314103046005,,1000000,0.6934440209808915,0.8945440976089829,inside_measured_classical_range
classical_projection,,,full_solution_vector,sparse_iterative,1000,1385.0323396565386,0.008423699091072434,,1000000,0.6934440209808915,0.8945440976089829,inside_measured_classical_range
classical_projection,,,full_solution_vector,sparse_iterative,1000,1515.7165665103976,0.008967198499785767,,1000000,0.6934440209808915,0.8945440976089829,inside_measured_classical_range
classical_projection,,,full_solution_vector,sparse_iterative,1000,1658.7314564537755,0.009545764641543346,,1000000,0.6934440209808915,0.8945440976089829,inside_measured_classical_range
classical_projection,,,full_solution_vector,sparse_iterative,1000,1815.2404647550507,0.010161660031716271,,1000000,0.6934440209808915,0.8945440976089829,inside_measured_classical_range
classical_projection,,,full_solution_vector,sparse_iterative,1000,1986.5168240848118,0.0108172931637968,,1000000,0.6934440209808915,0.8945440976089829,inside_measured_classical_range
classical_projection,,,full_solution_vector,sparse_iterative,1000,2173.953902523058,0.01151522792794728,,1000000,0.6934440209808915,0.8945440976089829,inside_measured_classical_range
classical_projection,,,full_solution_vector,sparse_iterative,1000,2379.076538892408,0.012258193637236611,,1000000,0.6934440209808915,0.8945440976089829,inside_measured_classical_range
classical_projection,,,full_solution_vector,sparse_iterative,1000,2603.553447632612,0.013049095700772152,,1000000,0.6934440209808915,0.8945440976089829,inside_measured_classical_range
classical_projection,,,full_solution_vector,sparse_iterative,1000,2849.2107941325103,0.013891026985465092,,1000000,0.6934440209808915,0.8945440976089829,inside_measured_classical_range
classical_projection,,,full_solution_vector,sparse_iterative,1000,3118.0470509575425,0.014787279910860124,,1000000,0.6934440209808915,0.8945440976089829,inside_measured_classical_range
classical_projection,,,full_solution_vector,sparse_iterative,1000,3412.2492558312483,0.015741359324326902,,1000000,0.6934440209808915,0.8945440976089829,inside_measured_classical_range
classical_projection,,,full_solution_vector,sparse_iterative,1000,3734.2108036327595,0.016756996206962343,,1000000,0.6934440209808915,0.8945440976089829,inside_measured_classical_range
classical_projection,,,full_solution_vector,sparse_iterative,1000,4086.5509171517656,0.017838162263801614,,1000000,0.6934440209808915,0.8945440976089829,inside_measured_classical_range
classical_projection,,,full_solution_vector,sparse_iterative,1000,4472.13595499958,0.01898908545539373,,1000000,0.6934440209808915,0.8945440976089829,inside_measured_classical_range
classical_projection,,,full_solution_vector,sparse_iterative,1000,4894.102730020443,0.020214266531478384,,1000000,0.6934440209808915,0.8945440976089829,inside_measured_classical_range
classical_projection,,,full_solution_vector,sparse_iterative,1000,5355.884027903124,0.021518496631420542,,1000000,0.6934440209808915,0.8945440976089829,inside_measured_classical_range
classical_projection,,,full_solution_vector,sparse_iterative,1000,5861.2365335919285,0.022906876020229863,,1000000,0.6934440209808915,0.8945440976089829,inside_measured_classical_range
classical_projection,,,full_solution_vector,sparse_iterative,1000,6414.271392684105,0.024384834033433247,,1000000,0.6934440209808915,0.8945440976089829,inside_measured_classical_range
classical_projection,,,full_solution_vector,sparse_iterative,1000,7019.487656436925,0.025958150308796103,,1000000,0.6934440209808915,0.8945440976089829,inside_measured_classical_range
classical_projection,,,full_solution_vector,sparse_iterative,1000,7681.808882466317,0.027632977387920362,,1000000,0.6934440209808915,0.8945440976089829,inside_measured_classical_range
classical_projection,,,full_solution_vector,sparse_iterative,1000,8406.62318889122,0.029415864776103574,,1000000,0.6934440209808915,0.8945440976089829,inside_measured_classical_range
classical_projection,,,full_solution_vector,sparse_iterative,1000,9199.827087772324,0.031313784554547135,,1000000,0.6934440209808915,0.8945440976089829,inside_measured_classical_range
classical_projection,,,full_solution_vector,sparse_iterative,1000,10067.873454439028,0.03333415864507117,,1000000,0.6934440209808915,0.8945440976089829,inside_measured_classical_range
classical_projection,,,full_solution_vector,sparse_iterative,1000,11017.824022944978,0.035484887833956,,1000000,0.6934440209808915,0.8945440976089829,inside_measured_classical_range
classical_projection,,,full_solution_vector,sparse_iterative,1000,12057.40683471347,0.03777438266841099,,1000000,0.6934440209808915,0.8945440976089829,inside_measured_classical_range
classical_projection,,,full_solution_vector,sparse_iterative,1000,13195.079107728921,0.04021159634649108,,1000000,0.6934440209808915,0.8945440976089829,inside_measured_classical_range
classical_projection,,,full_solution_vector,sparse_iterative,1000,14440.096037728345,0.042806059729080255,,1000000,0.6934440209808915,0.8945440976089829,inside_measured_classical_range
classical_projection,,,full_solution_vector,sparse_iterative,1000,15802.586091104287,0.04556791861085819,,1000000,0.6934440209808915,0.8945440976089829,inside_measured_classical_range
classical_projection,,,full_solution_vector,sparse_iterative,1000,17293.63340204262,0.04850797339599954,,1000000,0.6934440209808915,0.8945440976089829,inside_measured_classical_range
classical_projection,,,full_solution_vector,sparse_iterative,1000,18925.367944212547,0.05163772133376101,,1000000,0.6934440209808915,0.8945440976089829,inside_measured_classical_range
classical_projection,,,full_solution_vector,sparse_iterative,1000,20711.064210573764,0.05496940147911972,,1000000,0.6934440209808915,0.8945440976089829,inside_measured_classical_range
classical_projection,,,full_solution_vector,sparse_iterative,1000,22665.24920408136,0.05851604255428475,,1000000,0.6934440209808915,0.8945440976089829,inside_measured_classical_range
classical_projection,,,full_solution_vector,sparse_iterative,1000,24803.82061781456,0.06229151389824619,,1000000,0.6934440209808915,0.8945440976089829,inside_measured_classical_range
classical_projection,,,full_solution_vector,sparse_iterative,1000,27144.176165949066,0.06631057970360428,,1000000,0.6934440209808915,0.8945440976089829,inside_measured_classical_range
classical_projection,,,full_solution_vector,sparse_iterative,1000,29705.35511770673,0.07058895675277282,,1000000,0.6934440209808915,0.8945440976089829,inside_measured_classical_range
classical_projection,,,full_solution_vector,sparse_iterative,1000,32508.19318568967,0.0751433758793395,,1000000,0.6934440209808915,0.8945440976089829,inside_measured_classical_range
classical_projection,,,full_solution_vector,sparse_iterative,1000,35575.49202864762,0.0799916473949292,,1000000,0.6934440209808915,0.8945440976089829,inside_measured_classical_range
classical_projection,,,full_solution_vector,sparse_iterative,1000,38932.204747617376,0.08515273073742721,,1000000,0.6934440209808915,0.8945440976089829,inside_measured_classical_range
classical_projection,,,full_solution_vector,sparse_iterative,1000,42605.638884483946,0.0906468086129255,,1000000,0.6934440209808915,0.8945440976089829,inside_measured_classical_range
classical_projection,,,full_solution_vector,sparse_iterative,1000,46625.678574397774,0.09649536592132806,,1000000,0.6934440209808915,0.8945440976089829,inside_measured_classical_range
classical_projection,,,full_solution_vector,sparse_iterative,1000,51025.02765930269,0.10272127377425685,,1000000,0.6934440209808915,0.8945440976089829,inside_measured_classical_range
classical_projection,,,full_solution_vector,sparse_iterative,1000,55839.47574035361,0.10934887893381902,,1000000,0.6934440209808915,0.8945440976089829,inside_measured_classical_range
classical_projection,,,full_solution_vector,sparse_iterative,1000,61108.1893336136,0.11640409902198451,,1000000,0.6934440209808915,0.8945440976089829,inside_measured_classical_range
classical_projection,,,full_solution_vector,sparse_iterative,1000,66874.0304976422,0.12391452387290372,,1000000,0.6934440209808915,0.8945440976089829,inside_measured_classical_range
classical_projection,,,full_solution_vector,sparse_iterative,1000,73183.9055250751,0.13190952342450135,,1000000,0.6934440209808915,0.8945440976089829,inside_measured_classical_range
classical_projection,,,full_solution_vector,sparse_iterative,1000,80089.14653487128,0.14042036257126683,,1000000,0.6934440209808915,0.8945440976089829,inside_measured_classical_range
classical_projection,,,full_solution_vector,sparse_iterative,1000,87645.9290695598,0.14948032342738038,,1000000,0.6934440209808915,0.8945440976089829,inside_measured_classical_range
classical_projection,,,full_solution_vector,sparse_iterative,1000,95915.72909472327,0.15912483547828712,,1000000,0.6934440209808915,0.8945440976089829,inside_measured_classical_range
classical_projection,,,full_solution_vector,sparse_iterative,1000,104965.82311850357,0.16939161412968867,,1000000,0.6934440209808915,0.8945440976089829,inside_measured_classical_range
classical_projection,,,full_solution_vector,sparse_iterative,1000,114869.8354997034,0.18032080819575552,,1000000,0.6934440209808915,0.8945440976089829,inside_measured_classical_range
classical_projection,,,full_solution_vector,sparse_iterative,1000,125708.33739694525,0.1919551569033166,,1000000,0.6934440209808915,0.8945440976089829,inside_measured_classical_range
classical_projection,,,full_solution_vector,sparse_iterative,1000,137569.50223146315,0.20434015702600586,,1000000,0.6934440209808915,0.8945440976089829,inside_measured_classical_range
classical_projection,,,full_solution_vector,sparse_iterative,1000,150549.8229958488,0.21752424080194788,,1000000,0.6934440209808915,0.8945440976089829,inside_measured_classical_range
classical_projection,,,full_solution_vector,sparse_iterative,1000,164754.89724420657,0.2315589653307438,,1000000,0.6934440209808915,0.8945440976089829,inside_measured_classical_range
classical_projection,,,full_solution_vector,sparse_iterative,1000,180300.286149772,0.24649921419040557,,1000000,0.6934440209808915,0.8945440976089829,inside_measured_classical_range
classical_projection,,,full_solution_vector,sparse_iterative,1000,197312.4546186003,0.2624034120626651,,1000000,0.6934440209808915,0.8945440976089829,inside_measured_classical_range
classical_projection,,,full_solution_vector,sparse_iterative,1000,215929.80010734455,0.27933375320597165,,1000000,0.6934440209808915,0.8945440976089829,inside_measured_classical_range
classical_projection,,,full_solution_vector,sparse_iterative,1000,236303.77851476157,0.2973564446696326,,1000000,0.6934440209808915,0.8945440976089829,inside_measured_classical_range
classical_projection,,,full_solution_vector,sparse_iterative,1000,258600.1363063102,0.3165419652001946,,1000000,0.6934440209808915,0.8945440976089829,inside_measured_classical_range
classical_projection,,,full_solution_vector,sparse_iterative,1000,283000.2588954139,0.33696534085253554,,1000000,0.6934440209808915,0.8945440976089829,inside_measured_classical_range
classical_projection,,,full_solution_vector,sparse_iterative,1000,309702.64625075983,0.3587064383834698,,1000000,0.6934440209808915,0.8945440976089829,inside_measured_classical_range
classical_projection,,,full_solution_vector,sparse_iterative,1000,338924.527733983,0.3818502775751726,,1000000,0.6934440209808915,0.8945440976089829,inside_measured_classical_range
classical_projection,,,full_solution_vector,sparse_iterative,1000,370903.629304787,0.4064873637098227,,1000000,0.6934440209808915,0.8945440976089829,inside_measured_classical_range
classical_projection,,,full_solution_vector,sparse_iterative,1000,405900.1074700604,0.43271404149558007,,1000000,0.6934440209808915,0.8945440976089829,inside_measured_classical_range
classical_projection,,,full_solution_vector,sparse_iterative,1000,444198.665710063,0.460632871827975,,1000000,0.6934440209808915,0.8945440976089829,inside_measured_classical_range
classical_projection,,,full_solution_vector,sparse_iterative,1000,486110.8705992513,0.4903530328600511,,1000000,0.6934440209808915,0.8945440976089829,inside_measured_classical_range
classical_projection,,,full_solution_vector,sparse_iterative,1000,531977.6864638346,0.5219907469496572,,1000000,0.6934440209808915,0.8945440976089829,inside_measured_classical_range
classical_projection,,,full_solution_vector,sparse_iterative,1000,582172.2491960453,0.5556697351535018,,1000000,0.6934440209808915,0.8945440976089829,inside_measured_classical_range
classical_projection,,,full_solution_vector,sparse_iterative,1000,637102.9017906451,0.5915217010452914,,1000000,0.6934440209808915,0.8945440976089829,inside_measured_classical_range
classical_projection,,,full_solution_vector,sparse_iterative,1000,697216.5162983808,0.6296868457499424,,1000000,0.6934440209808915,0.8945440976089829,inside_measured_classical_range
classical_projection,,,full_solution_vector,sparse_iterative,1000,763002.129221175,0.6703144162079563,,1000000,0.6934440209808915,0.8945440976089829,inside_measured_classical_range
classical_projection,,,full_solution_vector,sparse_iterative,1000,834994.9199236968,0.713563288813953,,1000000,0.6934440209808915,0.8945440976089829,inside_measured_classical_range
classical_projection,,,full_solution_vector,sparse_iterative,1000,913780.5644265449,0.7596025907117308,,1000000,0.6934440209808915,0.8945440976089829,inside_measured_classical_range
classical_projection,,,full_solution_vector,sparse_iterative,1000,1000000.0,0.8086123611754557,,1000000,0.6934440209808915,0.8945440976089829,inside_measured_classical_range
