paper_id,pdf_file,md_file,page_count,char_count,status,error,timestamp
001f5dbe487a,001f5dbe487a_applications_of_vedic_computing_for_quantum_computing.pdf,001f5dbe487a_applications_of_vedic_computing_for_quantum_computing.md,7,18906,success,,2026-04-08T22:19:20
0030bd185e0d,0030bd185e0d_ai_augmented_quantitative_finance_a_multi_methodological_framework_combining_mac.pdf,0030bd185e0d_ai_augmented_quantitative_finance_a_multi_methodological_framework_combining_mac.md,25,53985,success,,2026-04-08T22:19:20
0067a26ce270,0067a26ce270_quantum_algorithm_for_stochastic_optimal_stopping_problems.pdf,0067a26ce270_quantum_algorithm_for_stochastic_optimal_stopping_problems.md,46,129287,success,,2026-04-08T22:19:20
00c17032f4af,00c17032f4af_toward_quantum_enabled_solutions_for_real_time_currency_arbitrage_in_financial_m.pdf,00c17032f4af_toward_quantum_enabled_solutions_for_real_time_currency_arbitrage_in_financial_m.md,6,25178,success,,2026-04-08T22:19:20
01326ce2213f,01326ce2213f_quantum_chebyshev_transform_mapping_embedding_learning_and_sampling_distribution.pdf,01326ce2213f_quantum_chebyshev_transform_mapping_embedding_learning_and_sampling_distribution.md,8,44928,success,,2026-04-08T22:19:20
01877ad38ab2,01877ad38ab2_mixed_quantum_classical_method_for_fraud_detection_with_quantum_feature_selectio.pdf,01877ad38ab2_mixed_quantum_classical_method_for_fraud_detection_with_quantum_feature_selectio.md,11,48893,success,,2026-04-08T22:19:20
01a1ecaddb94,01a1ecaddb94_optimized_stock_price_forecasting_a_deep_learning_approach_using_qcto_based_gru_.pdf,01a1ecaddb94_optimized_stock_price_forecasting_a_deep_learning_approach_using_qcto_based_gru_.md,6,23003,success,,2026-04-08T22:19:20
01e7ba36bcfc,01e7ba36bcfc_analysis_of_a_hybrid_quantum_network_for_classification_tasks.pdf,01e7ba36bcfc_analysis_of_a_hybrid_quantum_network_for_classification_tasks.md,7,30663,success,,2026-04-08T22:19:20
026a7b6919fc,026a7b6919fc_hybrid_classical_quantum_computing_applications_to_statistical_mechanics_of_fina.pdf,026a7b6919fc_hybrid_classical_quantum_computing_applications_to_statistical_mechanics_of_fina.md,11,26849,success,,2026-04-08T22:19:20
02db829631f9,02db829631f9_quantum_optimization_for_portfolio_management_in_financial_services_using_the_va.pdf,02db829631f9_quantum_optimization_for_portfolio_management_in_financial_services_using_the_va.md,6,36501,success,,2026-04-08T22:19:20
04326473e1bb,04326473e1bb_quantum_algorithms_for_solving_large_scale_optimization_problems_challenges_and_.pdf,04326473e1bb_quantum_algorithms_for_solving_large_scale_optimization_problems_challenges_and_.md,5,27211,success,,2026-04-08T22:19:20
045306ad1a16,045306ad1a16_cvar_based_variational_quantum_optimization_for_user_association_in_handoff_awar.pdf,045306ad1a16_cvar_based_variational_quantum_optimization_for_user_association_in_handoff_awar.md,6,29150,success,,2026-04-08T22:19:20
0525be4c60fb,0525be4c60fb_application_of_quantum_computing_in_healthcare_billing_-_usa.pdf,0525be4c60fb_application_of_quantum_computing_in_healthcare_billing_-_usa.md,7,20600,success,,2026-04-08T22:19:20
05a01a257cc7,05a01a257cc7_large_scale_portfolio_optimization_using_pauli_correlation_encoding.pdf,05a01a257cc7_large_scale_portfolio_optimization_using_pauli_correlation_encoding.md,11,38729,success,,2026-04-08T22:19:20
06019399445b,06019399445b_quantum_relaxation_for_solving_multiple_knapsack_problems.pdf,06019399445b_quantum_relaxation_for_solving_multiple_knapsack_problems.md,8,35051,success,,2026-04-08T22:19:20
0608ad48d5b8,0608ad48d5b8_pricing_nancial_derivatives_with_exponential_quantum_speedup.pdf,0608ad48d5b8_pricing_nancial_derivatives_with_exponential_quantum_speedup.md,11,55249,success,,2026-04-08T22:19:21
060ebc7a91c0,060ebc7a91c0_empirical_analysis_of_quantum_compution_using_qiskit_framework.pdf,060ebc7a91c0_empirical_analysis_of_quantum_compution_using_qiskit_framework.md,6,22702,success,,2026-04-09T09:20:33
06c5f405d529,06c5f405d529_quantum_computing_for_health_and_financial_decision_making_empowering_employees_.pdf,06c5f405d529_quantum_computing_for_health_and_financial_decision_making_empowering_employees_.md,7,15287,success,,2026-04-08T22:19:21
06fdf18c23c4,06fdf18c23c4_a_hybrid_quantum_classical_model_for_stock_price_prediction_using_quantum_enhanc.pdf,06fdf18c23c4_a_hybrid_quantum_classical_model_for_stock_price_prediction_using_quantum_enhanc.md,19,64148,success,,2026-04-08T22:19:21
0757b9aa9a3b,0757b9aa9a3b_parametric_quantum_feature_selection_methods_for_fraud_anddefault_detection.pdf,0757b9aa9a3b_parametric_quantum_feature_selection_methods_for_fraud_anddefault_detection.md,8,38408,success,,2026-04-08T22:19:21
075a4a34de90,075a4a34de90_efficient_state_preparation_for_multivariate_monte_carlo_simulation.pdf,075a4a34de90_efficient_state_preparation_for_multivariate_monte_carlo_simulation.md,13,31102,success,,2026-04-08T22:19:21
076cb93860b0,076cb93860b0_quantum_bayesian_networks_with_application_to_games_displaying_parrondo_s_parado.pdf,076cb93860b0_quantum_bayesian_networks_with_application_to_games_displaying_parrondo_s_parado.md,170,331963,success,,2026-04-08T22:19:21
081132e62980,081132e62980_quantum_algorithm_for_local_volatility_option_pricing_via_the_kolmogorov_equatio.pdf,081132e62980_quantum_algorithm_for_local_volatility_option_pricing_via_the_kolmogorov_equatio.md,20,93111,success,,2026-04-08T22:19:21
081dbc9360d1,081dbc9360d1_quantum_computing_simulated_annealing_algorithm_applying_in_portfolio_optimizati.pdf,081dbc9360d1_quantum_computing_simulated_annealing_algorithm_applying_in_portfolio_optimizati.md,6,15013,success,,2026-04-08T22:19:22
082f292f8c48,082f292f8c48_hybrid_encoding_based_quantum_self_attention_for_financial_time_series_analysis.pdf,082f292f8c48_hybrid_encoding_based_quantum_self_attention_for_financial_time_series_analysis.md,5,26037,success,,2026-04-08T22:19:22
090ce79070cb,090ce79070cb_higher_order_portfolio_optimization_with_quantum_approximate_optimization_algori.pdf,090ce79070cb_higher_order_portfolio_optimization_with_quantum_approximate_optimization_algori.md,12,58505,success,,2026-04-08T22:19:22
0a1f9315f6a7,0a1f9315f6a7_quantum_computing_applications_challenges_and_prospects_in_financial_portfolio_o.pdf,0a1f9315f6a7_quantum_computing_applications_challenges_and_prospects_in_financial_portfolio_o.md,9,26458,success,,2026-04-08T22:19:22
0a824fa99e38,0a824fa99e38_implementing_credit_risk_analysis_with_quantum_singular_value_transformation.pdf,0a824fa99e38_implementing_credit_risk_analysis_with_quantum_singular_value_transformation.md,10,44351,success,,2026-04-08T22:19:22
0a96ec74c59f,0a96ec74c59f_parity_quantum_optimization_benchmarks.pdf,0a96ec74c59f_parity_quantum_optimization_benchmarks.md,12,54791,success,,2026-04-08T22:19:22
0ab110ae249c,0ab110ae249c_coherence_gated_dimensional_access_derivation_and_physical_validation_of_d_eff_d.pdf,0ab110ae249c_coherence_gated_dimensional_access_derivation_and_physical_validation_of_d_eff_d.md,4,8076,success,,2026-04-08T22:19:22
0ab4724fd60f,0ab4724fd60f_risk_management_strategies_navigating_volatility_in_complex_financial_market_env.pdf,0ab4724fd60f_risk_management_strategies_navigating_volatility_in_complex_financial_market_env.md,15,61793,success,,2026-04-08T22:19:22
0b40a3e55edc,0b40a3e55edc_qamoo_quantum_approximate_multi_objective_optimization_for_portfolio_management.pdf,0b40a3e55edc_qamoo_quantum_approximate_multi_objective_optimization_for_portfolio_management.md,12,21308,success,,2026-04-08T22:19:22
0b549647c8e5,0b549647c8e5_scaling_analysis_of_quantum_amplitude_estimation_for_tokenized_asset_option_pric.pdf,0b549647c8e5_scaling_analysis_of_quantum_amplitude_estimation_for_tokenized_asset_option_pric.md,17,22930,success,,2026-04-08T22:19:22
0c49909a73ca,0c49909a73ca_hybrid_quantum_classical_neural_networks_for_few_shot_credit_risk_assessment.pdf,0c49909a73ca_hybrid_quantum_classical_neural_networks_for_few_shot_credit_risk_assessment.md,13,59017,success,,2026-04-09T09:27:31
0cfd33edfd1a,0cfd33edfd1a_empowering_credit_scoring_systems_with_quantum_enhanced_machine_learning.pdf,0cfd33edfd1a_empowering_credit_scoring_systems_with_quantum_enhanced_machine_learning.md,16,40119,success,,2026-04-08T22:19:22
0d4d912721cf,0d4d912721cf_h_eft_va_an_effective_field_theory_variational_ansatz_with_provable_barren_plate.pdf,0d4d912721cf_h_eft_va_an_effective_field_theory_variational_ansatz_with_provable_barren_plate.md,7,18781,success,,2026-04-08T22:19:22
0d70169cb87f,0d70169cb87f_a_comparative_study_of_classical_and_quantum_machine_learning_for_large_scale_fi.pdf,0d70169cb87f_a_comparative_study_of_classical_and_quantum_machine_learning_for_large_scale_fi.md,14,29133,success,,2026-04-08T22:19:22
0df7a9f2fffd,0df7a9f2fffd_q_a3c2_quantum_reinforcement_learning_with_time_series_dynamic_clustering_for_ad.pdf,0df7a9f2fffd_q_a3c2_quantum_reinforcement_learning_with_time_series_dynamic_clustering_for_ad.md,5,22021,success,,2026-04-08T22:19:22
0e18f027f93b,0e18f027f93b_quantum_assisted_optimal_rebalancing_with_uncorrelated_asset_selection_for_algor.pdf,0e18f027f93b_quantum_assisted_optimal_rebalancing_with_uncorrelated_asset_selection_for_algor.md,17,31167,success,,2026-04-08T22:19:22
0e2942155b17,0e2942155b17_classical_optimization_with_imaginary_time_block_encoding_on_quantum_computers_t.pdf,0e2942155b17_classical_optimization_with_imaginary_time_block_encoding_on_quantum_computers_t.md,12,46567,success,,2026-04-08T22:19:22
0e9ded454de6,0e9ded454de6_financial_technologies_and_digital_assets_by_using_quantum_computing.pdf,0e9ded454de6_financial_technologies_and_digital_assets_by_using_quantum_computing.md,1,3306,success,,2026-04-08T22:19:23
0eb7690657f2,0eb7690657f2_quantum_computing_for_option_portfolio_analysis.pdf,0eb7690657f2_quantum_computing_for_option_portfolio_analysis.md,16,47361,success,,2026-04-08T22:19:23
0fb65bb44954,0fb65bb44954_benchmarking_the_performance_of_portfolio_optimization_with_qaoa.pdf,0fb65bb44954_benchmarking_the_performance_of_portfolio_optimization_with_qaoa.md,28,64573,success,,2026-04-09T09:36:38
0fb8e2505865,0fb8e2505865_designing_an_aiops_artificial_intelligent_operations_framework_for_energy_effici.pdf,0fb8e2505865_designing_an_aiops_artificial_intelligent_operations_framework_for_energy_effici.md,6,29115,success,,2026-04-08T22:19:23
109c9406f3df,109c9406f3df_quantum_graph_neural_networks_for_portfolio_optimization_in_complex_financial_ma.pdf,109c9406f3df_quantum_graph_neural_networks_for_portfolio_optimization_in_complex_financial_ma.md,5,22062,success,,2026-04-08T22:19:23
10a2f644907f,10a2f644907f_quantum_inspired_evolutionary_algorithms.pdf,10a2f644907f_quantum_inspired_evolutionary_algorithms.md,44,114659,success,,2026-04-08T22:19:23
10be86fe1795,10be86fe1795_a_comparative_analysis_of_hybrid_quantum_neural_networks_in_binary_credit_defaul.pdf,10be86fe1795_a_comparative_analysis_of_hybrid_quantum_neural_networks_in_binary_credit_defaul.md,5,26408,success,,2026-04-08T22:19:23
10e947e4e6c8,10e947e4e6c8_optimizing_quantum_algorithms_on_bipotent_architectures.pdf,10e947e4e6c8_optimizing_quantum_algorithms_on_bipotent_architectures.md,18,73836,success,,2026-04-08T22:19:23
11807719b419,11807719b419_testing_quantum_theory_by_generalizing_noncontextuality.pdf,11807719b419_testing_quantum_theory_by_generalizing_noncontextuality.md,34,164402,success,,2026-04-08T22:19:23
11ff02556b47,11ff02556b47_quantum_support_vector_machines_for_classification_and_regression_on_a_trapped_i.pdf,11ff02556b47_quantum_support_vector_machines_for_classification_and_regression_on_a_trapped_i.md,31,65020,success,,2026-04-08T22:19:23
1292782ed153,1292782ed153_cryptoqnet_leveraging_quantum_computing_for_enhanced_cryptocurrency_market_analy.pdf,1292782ed153_cryptoqnet_leveraging_quantum_computing_for_enhanced_cryptocurrency_market_analy.md,6,30784,success,,2026-04-08T22:19:24
12a26364b038,12a26364b038_evaluating_quantum_amplitude_estimation_for_pricing_multi_asset_basket_options.pdf,12a26364b038_evaluating_quantum_amplitude_estimation_for_pricing_multi_asset_basket_options.md,8,50969,success,,2026-04-08T22:19:24
12e854ac62a4,12e854ac62a4_quantum_optimization_potential_challenges_and_the_path_forward.pdf,12e854ac62a4_quantum_optimization_potential_challenges_and_the_path_forward.md,72,398891,success,,2026-04-08T22:19:24
1312e9d3c55e,1312e9d3c55e_hybrid_quantum_classical_machine_learning_with_pennylane_a_comprehensive_guide_f.pdf,1312e9d3c55e_hybrid_quantum_classical_machine_learning_with_pennylane_a_comprehensive_guide_f.md,35,75125,success,,2026-04-08T22:19:24
136790c5fbc5,136790c5fbc5_space_and_time_cost_of_continuous_rotations_in_surface_codes.pdf,136790c5fbc5_space_and_time_cost_of_continuous_rotations_in_surface_codes.md,12,54267,success,,2026-04-08T22:19:24
14777484b99d,14777484b99d_quantum_algorithm_for_unsupervised_anomaly_detection.pdf,14777484b99d_quantum_algorithm_for_unsupervised_anomaly_detection.md,12,35905,success,,2026-04-08T22:19:24
148be08400da,148be08400da_quantum_quantile_mechanics_solving_stochastic_differential_equations_for_generat.pdf,148be08400da_quantum_quantile_mechanics_solving_stochastic_differential_equations_for_generat.md,16,80679,success,,2026-04-08T22:19:24
14b3e6b32874,14b3e6b32874_quantum_circuits_for_the_black_scholes_equations_via_schr_dingerisation.pdf,14b3e6b32874_quantum_circuits_for_the_black_scholes_equations_via_schr_dingerisation.md,25,47694,success,,2026-04-08T22:19:24
14ceb7e36df7,14ceb7e36df7_time_series_generation_for_option_pricing_on_quantum_computers_using_tensor_netw.pdf,14ceb7e36df7_time_series_generation_for_option_pricing_on_quantum_computers_using_tensor_netw.md,15,41860,success,,2026-04-08T22:19:24
1502fad8d8ac,1502fad8d8ac_applying_quantum_computing_to_the_renewable_energy_stock_exchange_to_reduce_the_.pdf,1502fad8d8ac_applying_quantum_computing_to_the_renewable_energy_stock_exchange_to_reduce_the_.md,487,1190706,success,,2026-04-08T22:19:25
163d8d584a33,163d8d584a33_hybrid_qlstm_framework_for_time_series_forecasting_in_dynamic_financial_markets.pdf,163d8d584a33_hybrid_qlstm_framework_for_time_series_forecasting_in_dynamic_financial_markets.md,7,30456,success,,2026-04-08T22:19:26
1694a492105e,1694a492105e_accelerating_variational_quantum_monte_carlo_using_the_variational_quantum_eigen.pdf,1694a492105e_accelerating_variational_quantum_monte_carlo_using_the_variational_quantum_eigen.md,11,50315,success,,2026-04-08T22:19:26
16d418f1da92,16d418f1da92_a_more_general_quantum_credit_risk_analysis_framework.pdf,16d418f1da92_a_more_general_quantum_credit_risk_analysis_framework.md,14,40757,success,,2026-04-08T22:19:26
17229c637aaf,17229c637aaf_cross_disciplinary_integration_of_quantum_computing_in_economics_and_finance.pdf,17229c637aaf_cross_disciplinary_integration_of_quantum_computing_in_economics_and_finance.md,1,2992,success,,2026-04-08T22:19:26
17382b2fd33a,17382b2fd33a_fundamentals_of_quantum_computing_principles_qubits_and_quantum_gates.pdf,17382b2fd33a_fundamentals_of_quantum_computing_principles_qubits_and_quantum_gates.md,3,4928,success,,2026-04-08T22:19:26
173cd12aee6b,173cd12aee6b_a_quantum_algorithm_for_pricing_asian_options_on_valuation_trees.pdf,173cd12aee6b_a_quantum_algorithm_for_pricing_asian_options_on_valuation_trees.md,14,43394,success,,2026-04-08T22:19:26
1760158c7e1b,1760158c7e1b_option_pricing_using_quantum_computers.pdf,1760158c7e1b_option_pricing_using_quantum_computers.md,20,84141,success,,2026-04-08T22:19:26
176f4217cb91,176f4217cb91_explainable_hybrid_quantum_neural_networks_for_analyzing_the_influence_of_tweets.pdf,176f4217cb91_explainable_hybrid_quantum_neural_networks_for_analyzing_the_influence_of_tweets.md,20,78495,success,,2026-04-09T09:47:35
17bf34700dca,17bf34700dca_capturing_dynamics_with_noisy_quantum_computers.pdf,17bf34700dca_capturing_dynamics_with_noisy_quantum_computers.md,30,60583,success,,2026-04-08T22:19:26
183eee816106,183eee816106_interacting_boson_problems_are_qma_hard.pdf,183eee816106_interacting_boson_problems_are_qma_hard.md,4,21151,success,,2026-04-08T22:19:26
1858371f4c44,1858371f4c44_autonomous_quantum_agents_for_portfolio_optimization_orchestrating_qaoa_workflow.pdf,1858371f4c44_autonomous_quantum_agents_for_portfolio_optimization_orchestrating_qaoa_workflow.md,13,48288,success,,2026-04-08T22:19:26
1938aae185de,1938aae185de_quantum_enhanced_markov_chain_monte_carlo_for_combinatorial_optimization.pdf,1938aae185de_quantum_enhanced_markov_chain_monte_carlo_for_combinatorial_optimization.md,19,82659,success,,2026-04-09T10:02:50
1961129130d1,1961129130d1_exploring_the_versatility_of_qaoa_a_comprehensive_review.pdf,1961129130d1_exploring_the_versatility_of_qaoa_a_comprehensive_review.md,8,39181,success,,2026-04-08T22:19:26
1993ad0237f3,1993ad0237f3_quantum_computing_for_finance_overview_and_prospects.pdf,1993ad0237f3_quantum_computing_for_finance_overview_and_prospects.md,13,66184,success,,2026-04-08T22:19:26
19cfac96e8fe,19cfac96e8fe_quantum_enhanced_reinforcement_learning_with_lstm_forecasting_signals_for_optimi.pdf,19cfac96e8fe_quantum_enhanced_reinforcement_learning_with_lstm_forecasting_signals_for_optimi.md,6,23898,success,,2026-04-08T22:19:26
1a05f3c9e973,1a05f3c9e973_leveraging_quantum_computing_business_applications_a_b_slr_approach_and_future_r.pdf,1a05f3c9e973_leveraging_quantum_computing_business_applications_a_b_slr_approach_and_future_r.md,26,79392,success,,2026-04-08T22:19:26
1a0d37057236,1a0d37057236_iqnn_cs_interpretable_quantum_neural_network_for_credit_scoring.pdf,1a0d37057236_iqnn_cs_interpretable_quantum_neural_network_for_credit_scoring.md,14,36755,success,,2026-04-08T22:19:27
1b554a506320,1b554a506320_a_study_on_quantum_and_classical_simulations_for_molecular_systems_materials_sci.pdf,1b554a506320_a_study_on_quantum_and_classical_simulations_for_molecular_systems_materials_sci.md,7,34912,success,,2026-04-08T22:19:27
1b63c3136291,1b63c3136291_a_comparative_study_of_quantum_optimization_techniques_for_solving_combinatorial.pdf,1b63c3136291_a_comparative_study_of_quantum_optimization_techniques_for_solving_combinatorial.md,30,106872,success,,2026-04-08T22:19:27
1b7d8c497d7d,1b7d8c497d7d_a_generalized_quantum_inner_product_and_applications_to_financial_engineering.pdf,1b7d8c497d7d_a_generalized_quantum_inner_product_and_applications_to_financial_engineering.md,17,45169,success,,2026-04-08T22:21:19
1bad58b8e8e7,1bad58b8e8e7_empirical_evaluation_of_qaoa_with_zero_noise_extrapolation_on_nisq_hardware_for_.pdf,1bad58b8e8e7_empirical_evaluation_of_qaoa_with_zero_noise_extrapolation_on_nisq_hardware_for_.md,29,104513,success,,2026-04-08T22:21:19
1bc4675bdbc6,1bc4675bdbc6_discrete_time_quantum_walk_of_a_bose_einstein_condensate_in_momentum_space.pdf,1bc4675bdbc6_discrete_time_quantum_walk_of_a_bose_einstein_condensate_in_momentum_space.md,24,42064,success,,2026-04-08T22:21:20
1be7c19fc967,1be7c19fc967_harnessing_quantum_computing_and_generative_ai_for_next_generation_credit_fraud_.pdf,1be7c19fc967_harnessing_quantum_computing_and_generative_ai_for_next_generation_credit_fraud_.md,10,37498,success,,2026-04-08T22:21:20
1bf5fc02b95b,1bf5fc02b95b_qea_fad_quantum_enhanced_autoencoders_for_anomaly_detection_in_finance_and_healt.pdf,1bf5fc02b95b_qea_fad_quantum_enhanced_autoencoders_for_anomaly_detection_in_finance_and_healt.md,6,30733,success,,2026-04-08T22:21:20
1bf880322e6f,1bf880322e6f_quantum_speedups_for_derivative_pricing_beyond_black_scholes.pdf,1bf880322e6f_quantum_speedups_for_derivative_pricing_beyond_black_scholes.md,105,281035,success,,2026-04-08T22:21:20
1c1c816351f4,1c1c816351f4_gravitational_wave_matched_filtering_by_quantum_monte_carlo_integration_and_quan.pdf,1c1c816351f4_gravitational_wave_matched_filtering_by_quantum_monte_carlo_integration_and_quan.md,29,79704,success,,2026-04-08T22:21:21
1caec67a4a64,1caec67a4a64_quantum_variational_optimization_the_role_of_entanglement_and_problem_hardness.pdf,1caec67a4a64_quantum_variational_optimization_the_role_of_entanglement_and_problem_hardness.md,12,51794,success,,2026-04-08T22:21:21
1d16f793a68b,1d16f793a68b_quantum_neural_network_for_continuous_variable_prediction.pdf,1d16f793a68b_quantum_neural_network_for_continuous_variable_prediction.md,10,32734,success,,2026-04-08T22:21:22
1d16f793a68b,1d16f793a68b.pdf,1d16f793a68b.md,9,32567,success,,2026-04-08T22:21:22
1d44742c9e15,1d44742c9e15_pricing_multi_asset_derivatives_by_variational_quantum_algorithms.pdf,1d44742c9e15_pricing_multi_asset_derivatives_by_variational_quantum_algorithms.md,18,62763,success,,2026-04-08T22:21:22
1d715e0cd1aa,1d715e0cd1aa_hqfs_hybrid_quantum_classical_financial_security_with_vqc_forecasting_qubo_annea.pdf,1d715e0cd1aa_hqfs_hybrid_quantum_classical_financial_security_with_vqc_forecasting_qubo_annea.md,9,27403,success,,2026-04-08T22:21:22
1de0ca5e8cf2,1de0ca5e8cf2_quantum_machine_learning_based_on_k_means_to_optimize_cross_border_intelligent_p.pdf,1de0ca5e8cf2_quantum_machine_learning_based_on_k_means_to_optimize_cross_border_intelligent_p.md,7,26484,success,,2026-04-08T22:21:22
1df699f71a29,1df699f71a29_quantum_neural_networks_a_novel_architecture_for_hybrid_quantum_classical_algori.pdf,1df699f71a29_quantum_neural_networks_a_novel_architecture_for_hybrid_quantum_classical_algori.md,21,61349,success,,2026-04-08T22:21:23
1ea2787cdf95,1ea2787cdf95_interplay_of_markov_chain_and_random_walk_in_several_areas.pdf,1ea2787cdf95_interplay_of_markov_chain_and_random_walk_in_several_areas.md,5,21793,success,,2026-04-08T22:21:23
1f628b8e78f9,1f628b8e78f9_quantum_vs_classical_machine_learning_a_benchmark_study_for_financial_prediction.pdf,1f628b8e78f9_quantum_vs_classical_machine_learning_a_benchmark_study_for_financial_prediction.md,21,101851,success,,2026-04-08T22:21:23
1f8bcb9fc16e,1f8bcb9fc16e_continual_quantum_architecture_search_with_tensor_train_encoding_theory_and_appl.pdf,1f8bcb9fc16e_continual_quantum_architecture_search_with_tensor_train_encoding_theory_and_appl.md,19,57567,success,,2026-04-08T22:21:23
20063e119947,20063e119947_quantum_walk_inspired_fourier_operators_for_markovian_dynamics_and_modular_struc.pdf,20063e119947_quantum_walk_inspired_fourier_operators_for_markovian_dynamics_and_modular_struc.md,4,20568,success,,2026-04-08T22:21:24
205f3d35d4be,205f3d35d4be_analyzing_the_financial_impact_of_corporate_social_responsibility_using_quantum_.pdf,205f3d35d4be_analyzing_the_financial_impact_of_corporate_social_responsibility_using_quantum_.md,6,29209,success,,2026-04-08T22:21:24
20b87836c550,20b87836c550_quantum_computing_for_real_world_solutions_optimizing_complex_problems_in_the_di.pdf,20b87836c550_quantum_computing_for_real_world_solutions_optimizing_complex_problems_in_the_di.md,25,55631,success,,2026-04-08T22:21:24
20bf1514a7e4,20bf1514a7e4_uncertainty_in_supply_chain_digital_twins_a_quantum_classical_hybrid_approach.pdf,20bf1514a7e4_uncertainty_in_supply_chain_digital_twins_a_quantum_classical_hybrid_approach.md,15,42475,success,,2026-04-08T22:21:25
20c7e1972b0b,20c7e1972b0b_optimizing_mutual_fund_portfolio_management_through_the_application_of_advanced_.pdf,20c7e1972b0b_optimizing_mutual_fund_portfolio_management_through_the_application_of_advanced_.md,6,31867,success,,2026-04-08T22:21:25
20e9442a73f0,20e9442a73f0_qultsf_long_term_time_series_forecasting_with_quantum_machine_learning.pdf,20e9442a73f0_qultsf_long_term_time_series_forecasting_with_quantum_machine_learning.md,6,24486,success,,2026-04-08T22:21:25
21611a37dd85,21611a37dd85_synthetic_data_generation_with_hybrid_quantum_classical_models_for_the_financial.pdf,21611a37dd85_synthetic_data_generation_with_hybrid_quantum_classical_models_for_the_financial.md,11,44075,success,,2026-04-08T22:21:25
21e9746e62c2,21e9746e62c2_quantum_walk_based_portfolio_optimisation.pdf,21e9746e62c2_quantum_walk_based_portfolio_optimisation.md,17,51828,success,,2026-04-08T22:21:25
223ed1df56d0,223ed1df56d0_electric_power_demand_portfolio_optimization_by_fermionic_qaoa_with_self_consist.pdf,223ed1df56d0_electric_power_demand_portfolio_optimization_by_fermionic_qaoa_with_self_consist.md,8,28541,success,,2026-04-08T22:21:26
2291b049d70f,2291b049d70f_application_of_quantum_computing_in_discrete_portfolio_optimization.pdf,2291b049d70f_application_of_quantum_computing_in_discrete_portfolio_optimization.md,21,44223,success,,2026-04-08T22:21:26
2322e385b8e7,2322e385b8e7_differential_evolution_vqe_for_crypto_currency_arbitrage_quantum_optimization_wi.pdf,2322e385b8e7_differential_evolution_vqe_for_crypto_currency_arbitrage_quantum_optimization_wi.md,17,38895,success,,2026-04-08T22:21:26
23311f65fe2a,23311f65fe2a_solving_feature_selection_problem_by_quantum_optimization_algorithm.pdf,23311f65fe2a_solving_feature_selection_problem_by_quantum_optimization_algorithm.md,452,972790,success,,2026-04-08T22:21:27
235183650ee0,235183650ee0_quantum_neural_network_for_time_series_forecasting_harnessing_quantum_computing_.pdf,235183650ee0_quantum_neural_network_for_time_series_forecasting_harnessing_quantum_computing_.md,7,37127,success,,2026-04-08T22:21:30
23e03dc57b20,23e03dc57b20_computational_results_for_a_quantum_computing_application_in_real_life_finance.pdf,23e03dc57b20_computational_results_for_a_quantum_computing_application_in_real_life_finance.md,10,43194,success,,2026-04-08T22:21:30
246963801530,246963801530_a_systematic_literature_review_of_classical_and_quantum_machine_learning_approac.pdf,246963801530_a_systematic_literature_review_of_classical_and_quantum_machine_learning_approac.md,6,30122,success,,2026-04-08T22:21:31
24946c5b6c21,24946c5b6c21_towards_quantum_advantage_in_financial_market_risk_using_quantum_gradient_algori.pdf,24946c5b6c21_towards_quantum_advantage_in_financial_market_risk_using_quantum_gradient_algori.md,25,84119,success,,2026-04-08T22:21:31
24ca4814e7f2,24ca4814e7f2_quantum_algorithms_for_optimization_problems.pdf,24ca4814e7f2_quantum_algorithms_for_optimization_problems.md,292,728326,success,,2026-04-08T22:21:31
258cef4e076f,258cef4e076f_navigating_optimization_and_security_challenges_in_the_ai_driven_digital_economy.pdf,258cef4e076f_navigating_optimization_and_security_challenges_in_the_ai_driven_digital_economy.md,8,46927,success,,2026-04-08T22:21:33
25a848404367,25a848404367_currency_arbitrage_optimization_using_quantum_annealing_qaoa_and_constraint_mapp.pdf,25a848404367_currency_arbitrage_optimization_using_quantum_annealing_qaoa_and_constraint_mapp.md,6,27012,success,,2026-04-08T22:21:34
25b9eceec1f2,25b9eceec1f2_performance_comparison_of_qaoa_mixers_for_ternary_portfolio_optimization.pdf,25b9eceec1f2_performance_comparison_of_qaoa_mixers_for_ternary_portfolio_optimization.md,31,60865,success,,2026-04-08T22:21:34
25da778231cf,25da778231cf_the_state_of_quantum_computing_applications_initiatives_challenges_and_ethical_c.pdf,25da778231cf_the_state_of_quantum_computing_applications_initiatives_challenges_and_ethical_c.md,28,56733,success,,2026-04-08T22:21:34
26668f5bb362,26668f5bb362_quantum_enhanced_ai_and_machine_learning_transforming_predictive_analytics.pdf,26668f5bb362_quantum_enhanced_ai_and_machine_learning_transforming_predictive_analytics.md,14,67730,success,,2026-04-09T10:13:27
26d9ab80fc82,26d9ab80fc82_research_on_financial_stock_market_prediction_based_on_the_hidden_quantum_markov.pdf,26d9ab80fc82_research_on_financial_stock_market_prediction_based_on_the_hidden_quantum_markov.md,17,52678,success,,2026-04-08T22:21:35
270d264b98f3,270d264b98f3_quantum_option_profit_and_loss_encoding_for_risk_assessment.pdf,270d264b98f3_quantum_option_profit_and_loss_encoding_for_risk_assessment.md,12,65126,success,,2026-04-08T22:21:35
2831368bf1cf,2831368bf1cf_error_resilient_monte_carlo_quantum_simulation_of_imaginary_time.pdf,2831368bf1cf_error_resilient_monte_carlo_quantum_simulation_of_imaginary_time.md,41,106832,success,,2026-04-08T22:21:35
2849bbcb864e,2849bbcb864e_feature_ranking_in_credit_risk_with_qudit_based_networks.pdf,2849bbcb864e_feature_ranking_in_credit_risk_with_qudit_based_networks.md,11,40041,success,,2026-04-08T22:21:36
288305d31b7d,288305d31b7d_towards_practical_quantum_credit_risk_analysis.pdf,288305d31b7d_towards_practical_quantum_credit_risk_analysis.md,12,35744,success,,2026-04-08T22:21:36
2896abff2596,2896abff2596_hybrid_quantum_classical_transfer_learning_model_for_credit_risk_assessment_with.pdf,2896abff2596_hybrid_quantum_classical_transfer_learning_model_for_credit_risk_assessment_with.md,2,8864,success,,2026-04-08T22:21:36
28ab67c2d22a,28ab67c2d22a_experimental_demonstration_of_fermionic_qaoa_with_one_dimensional_cyclic_driver_.pdf,28ab67c2d22a_experimental_demonstration_of_fermionic_qaoa_with_one_dimensional_cyclic_driver_.md,8,29841,success,,2026-04-08T22:21:36
291abba8a19e,291abba8a19e_quanfraud_quantum_state_verification_scheme_for_fraud_detection_in_iot_assisted_.pdf,291abba8a19e_quanfraud_quantum_state_verification_scheme_for_fraud_detection_in_iot_assisted_.md,12,48097,success,,2026-04-08T22:21:37
292400fdfae6,292400fdfae6_quantum_algorithms_for_differential_equations_in_finance_and_physics.pdf,292400fdfae6_quantum_algorithms_for_differential_equations_in_finance_and_physics.md,224,441782,success,,2026-04-09T12:35:40
296dd193c78f,296dd193c78f_a_framework_to_evaluate_the_performance_of_variational_quantum_algorithms.pdf,296dd193c78f_a_framework_to_evaluate_the_performance_of_variational_quantum_algorithms.md,7,36231,success,,2026-04-08T22:21:39
29cfef5a271e,29cfef5a271e_derivative_pricing_using_quantum_signal_processing.pdf,29cfef5a271e_derivative_pricing_using_quantum_signal_processing.md,15,47891,success,,2026-04-08T22:21:39
29f1f2555efe,29f1f2555efe_a_technical_review_of_quantum_computing_use_cases_for_finance_and_economics.pdf,29f1f2555efe_a_technical_review_of_quantum_computing_use_cases_for_finance_and_economics.md,33,80077,success,,2026-04-08T22:21:39
29f4e9099932,29f4e9099932_a_hybrid_quantum_classical_approach_to_warm_starting_optimization.pdf,29f4e9099932_a_hybrid_quantum_classical_approach_to_warm_starting_optimization.md,11,36390,success,,2026-04-08T22:21:39
2a0770a1a995,2a0770a1a995_improved_financial_forecasting_via_quantum_machine_learning.pdf,2a0770a1a995_improved_financial_forecasting_via_quantum_machine_learning.md,33,68684,success,,2026-04-08T22:21:40
2a5efc7b8178,2a5efc7b8178_design_of_a_blockchain_driven_quantum_identity_model_using_qha_ac_fqet_and_rl_qi.pdf,2a5efc7b8178_design_of_a_blockchain_driven_quantum_identity_model_using_qha_ac_fqet_and_rl_qi.md,5,23728,success,,2026-04-08T22:21:40
2a646809136c,2a646809136c_hybrid_quantum_classical_method_for_bank_account_fraud_detection_using_quantum_e.pdf,2a646809136c_hybrid_quantum_classical_method_for_bank_account_fraud_detection_using_quantum_e.md,5,29220,success,,2026-04-08T22:21:40
2a9cd8a96604,2a9cd8a96604_quantum_support_vector_data_description_for_anomaly_detection.pdf,2a9cd8a96604_quantum_support_vector_data_description_for_anomaly_detection.md,14,56986,success,,2026-04-09T12:52:04
2abf80ef91e3,2abf80ef91e3_optimizing_hybrid_quantum_classical_models_using_parameterized_quantum_circuits_.pdf,2abf80ef91e3_optimizing_hybrid_quantum_classical_models_using_parameterized_quantum_circuits_.md,8,21765,success,,2026-04-08T22:21:40
2ae3455aa47b,2ae3455aa47b_variational_quantum_algorithms_from_theory_to_nisq_era_applications_challenges_a.pdf,2ae3455aa47b_variational_quantum_algorithms_from_theory_to_nisq_era_applications_challenges_a.md,20,69669,success,,2026-04-08T22:21:41
2b34eb642f89,2b34eb642f89_quantum_bridge_analytics_ii_network_optimization_and_combinatorial_chaining_for_.pdf,2b34eb642f89_quantum_bridge_analytics_ii_network_optimization_and_combinatorial_chaining_for_.md,24,66231,success,,2026-04-08T22:21:41
2b48b0e90efa,2b48b0e90efa_multiobjective_variational_quantum_optimization_for_constrained_problems_an_appl.pdf,2b48b0e90efa_multiobjective_variational_quantum_optimization_for_constrained_problems_an_appl.md,23,78219,success,,2026-04-09T15:58:24
2b4dc3c2ba75,2b4dc3c2ba75_quantum_algorithms_for_stochastic_differential_equations_achieving_polynomial_an.pdf,2b4dc3c2ba75_quantum_algorithms_for_stochastic_differential_equations_achieving_polynomial_an.md,7,28657,success,,2026-04-08T22:21:42
2bb96fecae4b,2bb96fecae4b_portfolio_rebalancing_experiments_using_the_quantum_alternating_operator_ansatz.pdf,2bb96fecae4b_portfolio_rebalancing_experiments_using_the_quantum_alternating_operator_ansatz.md,9,38638,success,,2026-04-08T22:21:42
2c1bf46ead5a,2c1bf46ead5a_quantum_enhanced_anomaly_detection_in_subsea_well_sensors_a_comparative_study_of.pdf,2c1bf46ead5a_quantum_enhanced_anomaly_detection_in_subsea_well_sensors_a_comparative_study_of.md,65,106599,success,,2026-04-08T22:21:42
2c74be1a024b,2c74be1a024b_quantum_speedup_for_combinatorial_optimization_with_flat_energy_landscapes.pdf,2c74be1a024b_quantum_speedup_for_combinatorial_optimization_with_flat_energy_landscapes.md,36,159052,success,,2026-04-08T22:21:43
2dc8d62cecac,2dc8d62cecac_parameter_setting_in_quantum_approximate_optimization_of_weighted_problems.pdf,2dc8d62cecac_parameter_setting_in_quantum_approximate_optimization_of_weighted_problems.md,31,77773,success,,2026-04-08T22:21:43
2dd59afb46ba,2dd59afb46ba_qutrit_based_quantum_inspired_optimization_model_on_real_world_portfolio_optimiz.pdf,2dd59afb46ba_qutrit_based_quantum_inspired_optimization_model_on_real_world_portfolio_optimiz.md,2,12763,success,,2026-04-08T22:21:44
2de072636285,2de072636285_application_of_an_upsampling_algorithm_to_quantum_state_preparation_of_continuou.pdf,2de072636285_application_of_an_upsampling_algorithm_to_quantum_state_preparation_of_continuou.md,10,29591,success,,2026-04-08T22:21:44
2e35d78fa802,2e35d78fa802_solving_subset_sum_problems_using_binary_optimization_with_applications_in_audit.pdf,2e35d78fa802_solving_subset_sum_problems_using_binary_optimization_with_applications_in_audit.md,7,21746,success,,2026-04-08T22:21:44
2e9f88ec6794,2e9f88ec6794_quantum_speed_ups_for_solving_semidefinite_relaxations_of_polynomial_optimizatio.pdf,2e9f88ec6794_quantum_speed_ups_for_solving_semidefinite_relaxations_of_polynomial_optimizatio.md,80,198487,success,,2026-04-08T22:21:45
2f0fa544425a,2f0fa544425a_quantum_blockchain_a_theoretical_framework_and_applications_in_cryptocurrency.pdf,2f0fa544425a_quantum_blockchain_a_theoretical_framework_and_applications_in_cryptocurrency.md,12,40538,success,,2026-04-08T22:21:45
2f9096b00d49,2f9096b00d49_overcoming_barriers_to_scalability_in_variational_quantum_monte_carlo.pdf,2f9096b00d49_overcoming_barriers_to_scalability_in_variational_quantum_monte_carlo.md,11,53745,success,,2026-04-08T22:21:45
2fa8a733b41d,2fa8a733b41d_realization_of_a_quantum_walk_in_momentum_space_with_a_bose_einstein_condensate.pdf,2fa8a733b41d_realization_of_a_quantum_walk_in_momentum_space_with_a_bose_einstein_condensate.md,27,47844,success,,2026-04-09T16:10:13
2fe0d0f15604,2fe0d0f15604_variational_quantum_eigensolver_for_classification_in_credit_sales_risk.pdf,2fe0d0f15604_variational_quantum_eigensolver_for_classification_in_credit_sales_risk.md,30,50903,success,,2026-04-08T22:21:46
30582038a7ba,30582038a7ba_periodic_unitary_encoding_for_quantum_anomaly_detection_of_temporal_series.pdf,30582038a7ba_periodic_unitary_encoding_for_quantum_anomaly_detection_of_temporal_series.md,10,41761,success,,2026-04-08T22:21:46
30afc00e8912,30afc00e8912_integration_of_parameterized_quantum_circuits_within_classical_neural_network_fo.pdf,30afc00e8912_integration_of_parameterized_quantum_circuits_within_classical_neural_network_fo.md,18,62283,success,,2026-04-08T22:21:47
30c35313cb34,30c35313cb34_quantum_computing_in_financial_portfolio_optimization_case_based_insights_into_e.pdf,30c35313cb34_quantum_computing_in_financial_portfolio_optimization_case_based_insights_into_e.md,5,27674,success,,2026-04-08T22:21:47
311bac170c43,311bac170c43_application_of_quantum_computing_in_optimization_problems.pdf,311bac170c43_application_of_quantum_computing_in_optimization_problems.md,2,7006,success,,2026-04-09T16:11:23
313a1d740d27,313a1d740d27_quantum_kernel_methods_for_anomaly_detection_in_high_velocity_data_streams.pdf,313a1d740d27_quantum_kernel_methods_for_anomaly_detection_in_high_velocity_data_streams.md,17,84300,success,,2026-04-08T22:21:47
317e6bb03bfa,317e6bb03bfa_a_quantum_generative_adversarial_network_for_distributions.pdf,317e6bb03bfa_a_quantum_generative_adversarial_network_for_distributions.md,19,53417,success,,2026-04-08T22:21:47
323683ff9874,323683ff9874_time_series_forecasting_using_quantum_machine_learning_algorithms.pdf,323683ff9874_time_series_forecasting_using_quantum_machine_learning_algorithms.md,240,724904,success,,2026-04-08T22:21:48
32f6aa86e556,32f6aa86e556_quantum_finance_optimization_qubits_qfoq_an_approach_to_accelerate_financial_mod.pdf,32f6aa86e556_quantum_finance_optimization_qubits_qfoq_an_approach_to_accelerate_financial_mod.md,36,73493,success,,2026-04-08T22:21:51
3318d42b7459,3318d42b7459_quantum_computing_strategy.pdf,3318d42b7459_quantum_computing_strategy.md,46,91106,success,,2026-04-08T22:21:51
33968c404556,33968c404556_circuit_design_based_on_feature_similarity_for_quantum_generative_modeling.pdf,33968c404556_circuit_design_based_on_feature_similarity_for_quantum_generative_modeling.md,11,51308,success,,2026-04-08T22:21:51
33ecea26692d,33ecea26692d_quantum_computing_for_financial_systems.pdf,33ecea26692d_quantum_computing_for_financial_systems.md,10,37603,success,,2026-04-08T22:21:52
342ce43a11d1,342ce43a11d1_quantum_monte_carlo_for_economics_stress_testing_and_macroeconomic_deep_learning.pdf,342ce43a11d1_quantum_monte_carlo_for_economics_stress_testing_and_macroeconomic_deep_learning.md,70,114906,success,,2026-04-08T22:21:52
3432da9937d2,3432da9937d2_a_variable_angle_distance_quantum_evolutionary_algorithm_for_2d_hp_model.pdf,3432da9937d2_a_variable_angle_distance_quantum_evolutionary_algorithm_for_2d_hp_model.md,764,1712718,success,,2026-04-08T22:21:52
349c85ac46df,349c85ac46df_efficient_hamiltonian_simulation_for_solving_option_price_dynamics.pdf,349c85ac46df_efficient_hamiltonian_simulation_for_solving_option_price_dynamics.md,11,55249,success,,2026-04-08T22:22:00
34a559434eb1,34a559434eb1_quantum_stochastic_walks_for_portfolio_optimization_theory_and_implementation_on.pdf,34a559434eb1_quantum_stochastic_walks_for_portfolio_optimization_theory_and_implementation_on.md,57,101425,success,,2026-04-08T22:22:00
34a99682d20c,34a99682d20c_qeklr_quantum_enhanced_kernel_logistic_regression_for_classification.pdf,34a99682d20c_qeklr_quantum_enhanced_kernel_logistic_regression_for_classification.md,30,66754,success,,2026-04-08T22:22:01
34f8784d073c,34f8784d073c_.pdf,34f8784d073c_.md,13,56104,success,,2026-04-08T22:22:01
34fc27290f18,34fc27290f18_scaling_the_variational_quantum_eigensolver_for_dynamic_portfolio_optimization.pdf,34fc27290f18_scaling_the_variational_quantum_eigensolver_for_dynamic_portfolio_optimization.md,18,76796,success,,2026-04-09T16:23:48
3506790b2a7a,3506790b2a7a_hqrnn_fd_a_hybrid_quantum_recurrent_neural_network_for_fraud_detection.pdf,3506790b2a7a_hqrnn_fd_a_hybrid_quantum_recurrent_neural_network_for_fraud_detection.md,27,77917,success,,2026-04-08T22:22:01
35505140af55,35505140af55_quantum_computing_for_fraud_detection_in_real_time_payment_systems.pdf,35505140af55_quantum_computing_for_fraud_detection_in_real_time_payment_systems.md,8,32258,success,,2026-04-08T22:22:02
35c7b4d830d5,35c7b4d830d5_market_informed_portfolio_optimization_methods_with_hybrid_quantum_computing.pdf,35c7b4d830d5_market_informed_portfolio_optimization_methods_with_hybrid_quantum_computing.md,16,53595,success,,2026-04-08T22:22:02
35da1ebe30e2,35da1ebe30e2_exploring_quantum_machine_learning_in_solving_complex_optimization_problems_algo.pdf,35da1ebe30e2_exploring_quantum_machine_learning_in_solving_complex_optimization_problems_algo.md,22,106097,success,,2026-04-08T22:22:02
36432eaf1f31,36432eaf1f31_characterizing_asymmetric_and_bimodal_long_term_financial_return_distributions_t.pdf,36432eaf1f31_characterizing_asymmetric_and_bimodal_long_term_financial_return_distributions_t.md,24,55434,success,,2026-04-08T22:22:03
36cd7ccae10c,36cd7ccae10c_ai_powered_risk_modeling_in_quantum_finance_redefining_enterprise_decision_syste.pdf,36cd7ccae10c_ai_powered_risk_modeling_in_quantum_finance_redefining_enterprise_decision_syste.md,26,105379,success,,2026-04-08T22:22:03
3716460f49f0,3716460f49f0_quantum_algorithms_for_numerical_differentiation_of_expected_values_with_respect.pdf,3716460f49f0_quantum_algorithms_for_numerical_differentiation_of_expected_values_with_respect.md,17,66083,success,,2026-04-08T22:22:04
374d8058ad85,374d8058ad85_quantum_subgradient_estimation_for_conditional_value_at_risk_optimization.pdf,374d8058ad85_quantum_subgradient_estimation_for_conditional_value_at_risk_optimization.md,14,38231,success,,2026-04-08T22:22:04
378c2a73ea46,378c2a73ea46_impacting_financial_predictions_amp_amp_security_through_quantum_support_vector_.pdf,378c2a73ea46_impacting_financial_predictions_amp_amp_security_through_quantum_support_vector_.md,35,106170,success,,2026-04-08T22:22:04
37f43983f4d2,37f43983f4d2_quantum_computing_i_implications_for_portfolio_managers_i.pdf,37f43983f4d2_quantum_computing_i_implications_for_portfolio_managers_i.md,7,27010,success,,2026-04-08T22:22:04
381642996201,381642996201_quantum_variational_autoencoders_for_predictive_analytics_in_high_frequency_trad.pdf,381642996201_quantum_variational_autoencoders_for_predictive_analytics_in_high_frequency_trad.md,21,48689,success,,2026-04-08T22:22:05
394c63b275d9,394c63b275d9_enhancing_variational_quantum_classifier_performance_with_meta_heuristic_feature.pdf,394c63b275d9_enhancing_variational_quantum_classifier_performance_with_meta_heuristic_feature.md,14,55881,success,,2026-04-08T22:22:05
394db2cbf8da,394db2cbf8da_quantum_approximate_optimization_algorithm_for_portfolio_selection_a_comparative.pdf,394db2cbf8da_quantum_approximate_optimization_algorithm_for_portfolio_selection_a_comparative.md,13,22701,success,,2026-04-08T22:22:05
39e897283cac,39e897283cac_exploring_the_synergistic_potential_of_quantum_annealing_and_gate_model_computin.pdf,39e897283cac_exploring_the_synergistic_potential_of_quantum_annealing_and_gate_model_computin.md,12,33679,success,,2026-04-08T22:22:05
3a13b1eecbf9,3a13b1eecbf9_provable_bounds_for_noise_free_expectation_values_computed_from_noisy_samples.pdf,3a13b1eecbf9_provable_bounds_for_noise_free_expectation_values_computed_from_noisy_samples.md,17,82089,success,,2026-04-08T22:22:06
3a3ba897009d,3a3ba897009d_qaoa_applied_to_the_portfolio_optimization_problem.pdf,3a3ba897009d_qaoa_applied_to_the_portfolio_optimization_problem.md,110,150276,success,,2026-04-08T22:22:06
3a4b78215cc7,3a4b78215cc7_real_option_pricing_using_quantum_computers.pdf,3a4b78215cc7_real_option_pricing_using_quantum_computers.md,31,69466,success,,2026-04-08T22:22:07
3a533a166c84,3a533a166c84_quantum_portfolio_optimization_an_extensive_benchmark.pdf,3a533a166c84_quantum_portfolio_optimization_an_extensive_benchmark.md,17,54222,success,,2026-04-08T22:22:07
3a64b1f387c0,3a64b1f387c0_near_term_quantum_computing_techniques_variational_quantum_algorithms_error_miti.pdf,3a64b1f387c0_near_term_quantum_computing_techniques_variational_quantum_algorithms_error_miti.md,46,239730,success,,2026-04-08T22:22:07
3adb18321a79,3adb18321a79_quantum_quantitative_trading_high_frequency_statistical_arbitrage_algorithm.pdf,3adb18321a79_quantum_quantitative_trading_high_frequency_statistical_arbitrage_algorithm.md,10,42955,success,,2026-04-08T22:22:08
3bf7bbec10c5,3bf7bbec10c5_ai_quantum_hybrid_models_for_organizational_risk_forecasting_and_crisis_manageme.pdf,3bf7bbec10c5_ai_quantum_hybrid_models_for_organizational_risk_forecasting_and_crisis_manageme.md,1,3037,success,,2026-04-08T22:22:08
3c1b7774da65,3c1b7774da65_black_litterman_portfolio_optimization_with_noisy_intermediate_scale_quantum_com.pdf,3c1b7774da65_black_litterman_portfolio_optimization_with_noisy_intermediate_scale_quantum_com.md,11,39416,success,,2026-04-08T22:22:08
3c79c53d5d90,3c79c53d5d90_portfolio_optimization_with_digitized_counterdiabatic_quantum_algorithms.pdf,3c79c53d5d90_portfolio_optimization_with_digitized_counterdiabatic_quantum_algorithms.md,8,37677,success,,2026-04-08T22:22:08
3c7ed5e51406,3c7ed5e51406_accelerating_quantum_readiness_for_sectors_risk_management_and_strategies_for_se.pdf,3c7ed5e51406_accelerating_quantum_readiness_for_sectors_risk_management_and_strategies_for_se.md,12,35053,success,,2026-04-08T22:22:09
3c93fa52d7f0,3c93fa52d7f0_quantum_speedup_for_nonreversible_markov_chains.pdf,3c93fa52d7f0_quantum_speedup_for_nonreversible_markov_chains.md,12,53288,success,,2026-04-08T22:22:09
3d6d6393f792,3d6d6393f792_a_comparison_on_constrain_encoding_methods_for_quantum_approximate_optimization_.pdf,3d6d6393f792_a_comparison_on_constrain_encoding_methods_for_quantum_approximate_optimization_.md,7,36946,success,,2026-04-08T22:22:09
3e373f43ba5b,3e373f43ba5b_quantum_state_preparation_for_multivariate_functions.pdf,3e373f43ba5b_quantum_state_preparation_for_multivariate_functions.md,28,121225,success,,2026-04-08T22:22:09
3ee4e2ce5b7d,3ee4e2ce5b7d_reduction_of_qubits_in_quantum_algorithm_for_monte_carlo_simulation_by_pseudo_ra.pdf,3ee4e2ce5b7d_reduction_of_qubits_in_quantum_algorithm_for_monte_carlo_simulation_by_pseudo_ra.md,14,55079,success,,2026-04-08T22:22:10
3f4c5ad6749d,3f4c5ad6749d_quantum_unary_approach_to_option_pricing.pdf,3f4c5ad6749d_quantum_unary_approach_to_option_pricing.md,24,89091,success,,2026-04-08T22:22:11
3f8ab7317ca4,3f8ab7317ca4_extrapolation_method_to_optimize_linear_ramp_quantum_approximate_optimization_al.pdf,3f8ab7317ca4_extrapolation_method_to_optimize_linear_ramp_quantum_approximate_optimization_al.md,19,70917,success,,2026-04-08T22:22:11
3fb78ea9b31b,3fb78ea9b31b_quantum_beetle_antennae_search_a_novel_technique_for_the_constrained_portfolio_o.pdf,3fb78ea9b31b_quantum_beetle_antennae_search_a_novel_technique_for_the_constrained_portfolio_o.md,14,55133,success,,2026-04-08T22:22:12
3fe2b056b181,3fe2b056b181_research_on_the_optimization_of_credit_score_card_for_solving_the_qubo_model_bas.pdf,3fe2b056b181_research_on_the_optimization_of_credit_score_card_for_solving_the_qubo_model_bas.md,5,20676,success,,2026-04-08T22:22:13
40e4c7fdd4ac,40e4c7fdd4ac_dynamic_portfolio_optimization_with_real_datasets_using_quantum_processors_and_q.pdf,40e4c7fdd4ac_dynamic_portfolio_optimization_with_real_datasets_using_quantum_processors_and_q.md,13,57080,success,,2026-04-08T22:22:13
412a4331b358,412a4331b358_software_for_creating_scalable_benchmarks_from_quantum_algorithms.pdf,412a4331b358_software_for_creating_scalable_benchmarks_from_quantum_algorithms.md,17,86947,success,,2026-04-08T22:22:13
413125f4264b,413125f4264b_derivative_pricing_and_credit_risk_in_a_regime_switching_economy_using_quantum_a.pdf,413125f4264b_derivative_pricing_and_credit_risk_in_a_regime_switching_economy_using_quantum_a.md,12,54188,success,,2026-04-08T22:22:15
41a852fada38,41a852fada38_quantum_analysis_of_continuous_time_stochastic_process.pdf,41a852fada38_quantum_analysis_of_continuous_time_stochastic_process.md,37,96291,success,,2026-04-08T22:22:15
41c620c565b5,41c620c565b5_solving_multiple_discretization_portfolio_optimization_problem_with_quantum_clas.pdf,41c620c565b5_solving_multiple_discretization_portfolio_optimization_problem_with_quantum_clas.md,30,74185,success,,2026-04-08T22:22:15
41d2d7bb257a,41d2d7bb257a_enhancing_credit_risk_prediction_through_co_trained_hybrid_quantum_transfer_lear.pdf,41d2d7bb257a_enhancing_credit_risk_prediction_through_co_trained_hybrid_quantum_transfer_lear.md,6,29372,success,,2026-04-08T22:22:16
4244a7279692,4244a7279692_scheduling_process_of_quantum_circuits_to_optimize_tasks_execution_on_quantum_co.pdf,4244a7279692_scheduling_process_of_quantum_circuits_to_optimize_tasks_execution_on_quantum_co.md,5,24436,success,,2026-04-08T22:22:16
439a750eda8c,439a750eda8c_quantum_inspired_variational_algorithms_for_partial_differential_equations_appli.pdf,439a750eda8c_quantum_inspired_variational_algorithms_for_partial_differential_equations_appli.md,15,47777,success,,2026-04-08T22:22:16
44997e238c7a,44997e238c7a_quantum_computational_algorithms_for_derivative_pricing_and_credit_risk_in_a_reg.pdf,44997e238c7a_quantum_computational_algorithms_for_derivative_pricing_and_credit_risk_in_a_reg.md,13,53780,success,,2026-04-08T22:22:17
455f0fa41521,455f0fa41521.pdf,455f0fa41521.md,8,39288,success,,2026-04-08T22:22:17
45e4cb39dba8,45e4cb39dba8_applications_of_quantum_computing_to_optimization.pdf,45e4cb39dba8_applications_of_quantum_computing_to_optimization.md,5,24758,success,,2026-04-08T22:22:17
464916b2b572,464916b2b572_improving_the_sequence_alignment_method_by_quantum_multi_pattern_recognition.pdf,464916b2b572_improving_the_sequence_alignment_method_by_quantum_multi_pattern_recognition.md,5,17210,success,,2026-04-08T22:22:17
468c3327bdef,468c3327bdef_quantum_computing_in_us_banking_the_future_of_fraud_prevention_and_financial_cri.pdf,468c3327bdef_quantum_computing_in_us_banking_the_future_of_fraud_prevention_and_financial_cri.md,20,43678,success,,2026-04-08T22:22:18
46db6505e091,46db6505e091_lep_qnn_loan_eligibility_prediction_using_quantum_neural_networks.pdf,46db6505e091_lep_qnn_loan_eligibility_prediction_using_quantum_neural_networks.md,9,47118,success,,2026-04-09T16:30:19
470b798927ef,470b798927ef_extrapolation_method_to_optimize_linear_ramp_qaoa_parameters_evaluation_of_qaoa_.pdf,470b798927ef_extrapolation_method_to_optimize_linear_ramp_qaoa_parameters_evaluation_of_qaoa_.md,14,54061,success,,2026-04-08T22:22:18
4715aa3cb8e4,4715aa3cb8e4_a_quantum_neural_network_for_fraud_detection_using_a_data_driven_priority_entang.pdf,4715aa3cb8e4_a_quantum_neural_network_for_fraud_detection_using_a_data_driven_priority_entang.md,21,48174,success,,2026-04-08T22:22:19
479092dfcc1c,479092dfcc1c_minimizing_estimation_runtime_on_noisy_quantum_computers.pdf,479092dfcc1c_minimizing_estimation_runtime_on_noisy_quantum_computers.md,49,161236,success,,2026-04-08T22:22:19
4798a3b70dd2,4798a3b70dd2_quantum_computing_solutions_solving_real_world_problems_using_quantum_computing_.pdf,4798a3b70dd2_quantum_computing_solutions_solving_real_world_problems_using_quantum_computing_.md,14,40556,success,,2026-04-08T22:22:20
47f4148f90dd,47f4148f90dd_latentqgan_a_hybrid_qgan_with_classical_convolutional_autoencoder.pdf,47f4148f90dd_latentqgan_a_hybrid_qgan_with_classical_convolutional_autoencoder.md,7,33158,success,,2026-04-09T16:35:58
48cd8220e3b2,48cd8220e3b2_entanglement_scaling_in_matrix_product_state_representation_of_smooth_functions_.pdf,48cd8220e3b2_entanglement_scaling_in_matrix_product_state_representation_of_smooth_functions_.md,21,80999,success,,2026-04-08T22:22:20
48fad011ea47,48fad011ea47_qadqn_quantum_attention_deep_q_network_for_financial_market_prediction.pdf,48fad011ea47_qadqn_quantum_attention_deep_q_network_for_financial_market_prediction.md,6,33434,success,,2026-04-08T22:22:21
49aaab8109ac,49aaab8109ac_quantum_monte_carlo_integration_the_full_advantage_in_minimal_circuit_depth.pdf,49aaab8109ac_quantum_monte_carlo_integration_the_full_advantage_in_minimal_circuit_depth.md,20,58353,success,,2026-04-08T22:22:21
49dc03e35036,49dc03e35036_a_threshold_for_quantum_advantage_in_derivative_pricing.pdf,49dc03e35036_a_threshold_for_quantum_advantage_in_derivative_pricing.md,41,129186,success,,2026-04-08T22:22:21
4a6b7f9ddc5a,4a6b7f9ddc5a_a_quantum_online_portfolio_optimization_algorithm.pdf,4a6b7f9ddc5a_a_quantum_online_portfolio_optimization_algorithm.md,22,58272,success,,2026-04-08T22:22:22
4adb16a5e179,4adb16a5e179_distributed_quantum_computing_models_study_of_architectures_and_models_for_the_d.pdf,4adb16a5e179_distributed_quantum_computing_models_study_of_architectures_and_models_for_the_d.md,5,14518,success,,2026-04-08T22:22:22
4b22c753a5a4,4b22c753a5a4_the_cross_sectional_stock_return_predictions_via_quantum_neural_network_and_tens.pdf,4b22c753a5a4_the_cross_sectional_stock_return_predictions_via_quantum_neural_network_and_tens.md,19,36883,success,,2026-04-08T22:22:22
4b808e14a12b,4b808e14a12b_quantum_gates_and_quantum_circuits_of_stock_portfolio.pdf,4b808e14a12b_quantum_gates_and_quantum_circuits_of_stock_portfolio.md,41,56606,success,,2026-04-08T22:22:22
4c50b01d13fe,4c50b01d13fe_quantum_walks_based_adaptive_distribution_generation_with_efficient_cuda_q_accel.pdf,4c50b01d13fe_quantum_walks_based_adaptive_distribution_generation_with_efficient_cuda_q_accel.md,17,35582,success,,2026-04-08T22:22:23
4ceae3900931,4ceae3900931_variational_quantum_algorithms_for_derivative_pricing.pdf,4ceae3900931_variational_quantum_algorithms_for_derivative_pricing.md,17,69684,success,,2026-04-08T22:22:23
4d0406b8b736,4d0406b8b736_advanced_frameworks_for_fraud_detection_leveraging_quantum_machine_learning_and_.pdf,4d0406b8b736_advanced_frameworks_for_fraud_detection_leveraging_quantum_machine_learning_and_.md,19,91848,success,,2026-04-08T22:22:23
4d07c1a00ccf,4d07c1a00ccf_a_quantum_algorithm_for_linear_pdes_arising_in_finance.pdf,4d07c1a00ccf_a_quantum_algorithm_for_linear_pdes_arising_in_finance.md,13,38527,success,,2026-04-08T22:22:24
4dbaf2b286bf,4dbaf2b286bf_a_noisy_optimization_mechanism_for_variational_quantum_classifiers.pdf,4dbaf2b286bf_a_noisy_optimization_mechanism_for_variational_quantum_classifiers.md,14,62388,success,,2026-04-09T16:52:04
4dc6746d80a2,4dc6746d80a2_uncertainty_and_symmetry_bound_for_the_total_detection_probability_of_quantum_wa.pdf,4dc6746d80a2_uncertainty_and_symmetry_bound_for_the_total_detection_probability_of_quantum_wa.md,8,39347,success,,2026-04-08T22:22:24
4dc6746d80a2,4dc6746d80a2.pdf,4dc6746d80a2.md,5,27518,success,,2026-04-08T22:22:24
4de005c12725,4de005c12725_automated_function_implementation_via_conditional_parameterized_quantum_circuits.pdf,4de005c12725_automated_function_implementation_via_conditional_parameterized_quantum_circuits.md,11,46872,success,,2026-04-08T22:22:25
4e492b86e6c7,4e492b86e6c7_computer_aided_quantum_algorithms_for_real_time_energy_market_trading.pdf,4e492b86e6c7_computer_aided_quantum_algorithms_for_real_time_energy_market_trading.md,13,58175,success,,2026-04-08T22:22:25
4eb84ca51d29,4eb84ca51d29_quantum_amplitude_estimation_in_practice_a_case_study_in_option_pricing.pdf,4eb84ca51d29_quantum_amplitude_estimation_in_practice_a_case_study_in_option_pricing.md,378,842890,success,,2026-04-08T22:22:25
4ee4d5f63858,4ee4d5f63858_the_potential_of_quantum_techniques_for_stock_price_prediction.pdf,4ee4d5f63858_the_potential_of_quantum_techniques_for_stock_price_prediction.md,7,29846,success,,2026-04-08T22:22:30
5081ec6b6068,5081ec6b6068_quantum_and_classical_machine_learning_in_decentralized_finance_comparative_evid.pdf,5081ec6b6068_quantum_and_classical_machine_learning_in_decentralized_finance_comparative_evid.md,14,39382,success,,2026-04-08T22:22:30
5087f7c0e2a3,5087f7c0e2a3_quantum_computing_for_supply_chain_finance.pdf,5087f7c0e2a3_quantum_computing_for_supply_chain_finance.md,4,20661,success,,2026-04-08T22:22:30
50989fdc9ad1,50989fdc9ad1_statistics_informed_parameterized_quantum_circuit_towards_practical_quantum_stat.pdf,50989fdc9ad1_statistics_informed_parameterized_quantum_circuit_towards_practical_quantum_stat.md,17,80900,success,,2026-04-08T22:22:30
52b1d7c50b82,52b1d7c50b82_variational_quantum_monte_carlo_study_of_two_dimensional_wigner_crystals_exchang.pdf,52b1d7c50b82_variational_quantum_monte_carlo_study_of_two_dimensional_wigner_crystals_exchang.md,59,107988,success,,2026-04-08T22:22:31
5308fd4d7e17,5308fd4d7e17_a_structured_survey_of_quantum_computing_for_the_financial_industry.pdf,5308fd4d7e17_a_structured_survey_of_quantum_computing_for_the_financial_industry.md,19,90562,success,,2026-04-08T22:22:31
53a6837ae00d,53a6837ae00d_quantum_enhanced_artificial_intelligence_framework_for_hybrid_computing_and_natu.pdf,53a6837ae00d_quantum_enhanced_artificial_intelligence_framework_for_hybrid_computing_and_natu.md,8,27966,success,,2026-04-08T22:22:31
53a718c11ea8,53a718c11ea8_quantum_machine_learning_for_quantum_anomaly_detection.pdf,53a718c11ea8_quantum_machine_learning_for_quantum_anomaly_detection.md,11,44182,success,,2026-04-08T22:22:31
53cdbb737343,53cdbb737343_portfolio_optimization_using_accelerated_quantum_simulation.pdf,53cdbb737343_portfolio_optimization_using_accelerated_quantum_simulation.md,6,29626,success,,2026-04-08T22:22:32
5413b7728054,5413b7728054_quantum_machine_learning_harnessing_quantum_algorithms_for_supervised_and_unsupe.pdf,5413b7728054_quantum_machine_learning_harnessing_quantum_algorithms_for_supervised_and_unsupe.md,9,29291,success,,2026-04-08T22:22:32
55025d58c227,55025d58c227_recursive_quantum_decoherence_and_classical_emergence_simulator.pdf,55025d58c227_recursive_quantum_decoherence_and_classical_emergence_simulator.md,27,42104,success,,2026-04-09T17:08:24
55400536a64e,55400536a64e_optimized_quantum_neural_networks_for_anomaly_detection_in_securities_transactio.pdf,55400536a64e_optimized_quantum_neural_networks_for_anomaly_detection_in_securities_transactio.md,18,43194,success,,2026-04-08T22:22:33
55496bcdeaa7,55496bcdeaa7_variational_quantum_algorithm_for_unconstrained_black_box_binary_optimization_ap.pdf,55496bcdeaa7_variational_quantum_algorithm_for_unconstrained_black_box_binary_optimization_ap.md,23,78194,success,,2026-04-08T22:22:33
559b94bd12c0,559b94bd12c0_unveiling_the_quantum_realm_a_comprehensive_analysis_of_quantum_computing.pdf,559b94bd12c0_unveiling_the_quantum_realm_a_comprehensive_analysis_of_quantum_computing.md,6,30195,success,,2026-04-08T22:22:35
55cbe84d64e7,55cbe84d64e7_quantum_speedup_of_monte_carlo_integration_in_the_direction_of_dimension_and_its.pdf,55cbe84d64e7_quantum_speedup_of_monte_carlo_integration_in_the_direction_of_dimension_and_its.md,13,53363,success,,2026-04-08T22:22:35
567b25a75e80,567b25a75e80_portfolio_optimization_based_on_quantum_hhl_algorithm.pdf,567b25a75e80_portfolio_optimization_based_on_quantum_hhl_algorithm.md,701,1557236,success,,2026-04-08T22:22:35
57294220386e,57294220386e_challenges_and_opportunities_of_quantum_computing_and_its_transformative_potenti.pdf,57294220386e_challenges_and_opportunities_of_quantum_computing_and_its_transformative_potenti.md,6,4232,success,,2026-04-08T22:22:41
5761d4b2accf,5761d4b2accf_an_improved_qft_based_quantum_comparator_and_extended_modular_arithmetic_using_o.pdf,5761d4b2accf_an_improved_qft_based_quantum_comparator_and_extended_modular_arithmetic_using_o.md,10,35978,success,,2026-04-08T22:22:41
57a58ac6ea72,57a58ac6ea72_mathematical_foundations_of_quantum_linear_regression_a_proof_of_concept_via_var.pdf,57a58ac6ea72_mathematical_foundations_of_quantum_linear_regression_a_proof_of_concept_via_var.md,21,37029,success,,2026-04-08T22:22:42
57ed01f77bc6,57ed01f77bc6_comparative_study_between_quantum_and_classical_methods_few_observations_from_po.pdf,57ed01f77bc6_comparative_study_between_quantum_and_classical_methods_few_observations_from_po.md,5,24846,success,,2026-04-08T22:22:42
58470ab028ef,58470ab028ef_quantum_autoencoder_for_enhanced_fraud_detection_in_imbalanced_credit_card_datas.pdf,58470ab028ef_quantum_autoencoder_for_enhanced_fraud_detection_in_imbalanced_credit_card_datas.md,12,60753,success,,2026-04-08T22:22:42
585676a57508,585676a57508_a_simple_variational_quantum_monte_carlo_effective_mass_approach_for_excitons_an.pdf,585676a57508_a_simple_variational_quantum_monte_carlo_effective_mass_approach_for_excitons_an.md,22,39285,success,,2026-04-08T22:22:42
58a29f9f57a7,58a29f9f57a7_hybrid_quantum_classical_models_and_optimization_techniques_for_financial_fraud_.pdf,58a29f9f57a7_hybrid_quantum_classical_models_and_optimization_techniques_for_financial_fraud_.md,8,39717,success,,2026-04-08T22:22:43
58e7ea9324df,58e7ea9324df_d5_4_evaluation_of_quantum_algorithms_for_pricing_and_computation_of_var.pdf,58e7ea9324df_d5_4_evaluation_of_quantum_algorithms_for_pricing_and_computation_of_var.md,30,71968,success,,2026-04-08T22:22:43
58f4450b9cce,58f4450b9cce_forecasting_financial_risk_using_quantum_neural_networks.pdf,58f4450b9cce_forecasting_financial_risk_using_quantum_neural_networks.md,8,29399,success,,2026-04-08T22:22:43
590bb868b4e0,590bb868b4e0_frequency_domain_enhanced_bi_directional_recurrent_quantum_network_for_stock_pri.pdf,590bb868b4e0_frequency_domain_enhanced_bi_directional_recurrent_quantum_network_for_stock_pri.md,37,85953,success,,2026-04-08T22:22:43
596d3496c56c,596d3496c56c_unleashing_the_potential_of_llms_for_quantum_computing_a_study_in_quantum_archit.pdf,596d3496c56c_unleashing_the_potential_of_llms_for_quantum_computing_a_study_in_quantum_archit.md,9,48353,success,,2026-04-08T22:22:44
59cca9744140,59cca9744140_quantum_state_preparation_by_improved_mps_method.pdf,59cca9744140_quantum_state_preparation_by_improved_mps_method.md,18,43224,success,,2026-04-09T18:15:18
5a14221c82c6,5a14221c82c6_a_comprehensive_exploration_of_quantum_calculus_extending_classical_calculus_to_.pdf,5a14221c82c6_a_comprehensive_exploration_of_quantum_calculus_extending_classical_calculus_to_.md,5,25522,success,,2026-04-08T22:22:45
5a37fc259055,5a37fc259055_quantum_optimization_for_network_capacity_expansion_of_microgrid_models_via_grov.pdf,5a37fc259055_quantum_optimization_for_network_capacity_expansion_of_microgrid_models_via_grov.md,6,32902,success,,2026-04-08T22:22:45
5a3e1c66be6e,5a3e1c66be6e_smart_vault_security_in_banks_a_quantum_ai_enabled_intrusion_detection_system.pdf,5a3e1c66be6e_smart_vault_security_in_banks_a_quantum_ai_enabled_intrusion_detection_system.md,5,23232,success,,2026-04-08T22:22:45
5a5bcd7b5e90,5a5bcd7b5e90_algorithmic_approach_to_adiabatic_quantum_optimization.pdf,5a5bcd7b5e90_algorithmic_approach_to_adiabatic_quantum_optimization.md,7,31624,success,,2026-04-08T22:22:45
5a9835a859bf,5a9835a859bf_portfolio_optimization_on_classical_and_quantum_computers_using_portfawn.pdf,5a9835a859bf_portfolio_optimization_on_classical_and_quantum_computers_using_portfawn.md,9,38856,success,,2026-04-08T22:22:46
5b3485ced673,5b3485ced673_investment_risk_assessment_quantum_computing_and_communications_2029_fault_toler.pdf,5b3485ced673_investment_risk_assessment_quantum_computing_and_communications_2029_fault_toler.md,43,98923,success,,2026-04-08T22:22:46
5b6f77b75bb0,5b6f77b75bb0_hybrid_quantum_classical_learning_approaches_for_scalable_optimization_beyond_ni.pdf,5b6f77b75bb0_hybrid_quantum_classical_learning_approaches_for_scalable_optimization_beyond_ni.md,7,21342,success,,2026-04-08T22:22:46
5bb38201b7ae,5bb38201b7ae_qml_algorithm_for_market_pattern_detection_in_high_frequency_trading_for_banking.pdf,5bb38201b7ae_qml_algorithm_for_market_pattern_detection_in_high_frequency_trading_for_banking.md,5,29828,success,,2026-04-08T22:22:46
5bd5a79bc18a,5bd5a79bc18a_a_quantum_computing_based_system_for_portfolio_optimization_using_future_asset_v.pdf,5bd5a79bc18a_a_quantum_computing_based_system_for_portfolio_optimization_using_future_asset_v.md,10,27802,success,,2026-04-08T22:22:47
5beb1712456c,5beb1712456c_using_quantum_monte_carlo_simulation_to_price_complicated_derivatives_in_the_big.pdf,5beb1712456c_using_quantum_monte_carlo_simulation_to_price_complicated_derivatives_in_the_big.md,6,27242,success,,2026-04-08T22:22:47
5c9fef8c2825,5c9fef8c2825_financial_index_tracking_via_quantum_computing_with_cardinality_constraints.pdf,5c9fef8c2825_financial_index_tracking_via_quantum_computing_with_cardinality_constraints.md,8,29774,success,,2026-04-08T22:22:47
5cd21914c8a3,5cd21914c8a3_enhancing_quantum_approximate_optimization_with_cnn_cvar_integration.pdf,5cd21914c8a3_enhancing_quantum_approximate_optimization_with_cnn_cvar_integration.md,21,54628,success,,2026-04-08T22:22:47
5cf59c9d0438,5cf59c9d0438_an_effective_qubo_formulation_for_knapsack_problems.pdf,5cf59c9d0438_an_effective_qubo_formulation_for_knapsack_problems.md,6,30851,success,,2026-04-09T18:19:59
5d534083c368,5d534083c368_solving_non_native_combinatorial_optimization_problems_using_hybrid_quantum_clas.pdf,5d534083c368_solving_non_native_combinatorial_optimization_problems_using_hybrid_quantum_clas.md,14,68868,success,,2026-04-08T22:22:47
5f1b1731f44b,5f1b1731f44b_quantum_financial_modeling_on_noisy_intermediate_scale_quantum_hardware_random_w.pdf,5f1b1731f44b_quantum_financial_modeling_on_noisy_intermediate_scale_quantum_hardware_random_w.md,24,65169,success,,2026-04-08T22:22:48
5f3cabc4cfc6,5f3cabc4cfc6_an_introduction_to_financial_option_pricing_on_a_qudit_based_quantum_computer.pdf,5f3cabc4cfc6_an_introduction_to_financial_option_pricing_on_a_qudit_based_quantum_computer.md,22,84855,success,,2026-04-08T22:22:48
5f5133229f76,5f5133229f76_spectral_graph_compression_in_deploying_recommender_algorithms_on_quantum_simula.pdf,5f5133229f76_spectral_graph_compression_in_deploying_recommender_algorithms_on_quantum_simula.md,20,57255,success,,2026-04-08T22:22:49
61102309a95a,61102309a95a_enhancing_quantum_machine_learning_algorithms_for_optimized_financial_portfolio_.pdf,61102309a95a_enhancing_quantum_machine_learning_algorithms_for_optimized_financial_portfolio_.md,7,39752,success,,2026-04-08T22:22:49
6128be5df2e0,6128be5df2e0_cost_optimization_in_hybrid_cloud_environments.pdf,6128be5df2e0_cost_optimization_in_hybrid_cloud_environments.md,14,27405,success,,2026-04-08T22:22:49
615067f0066c,615067f0066c_hybrid_quantum_classical_portfolio_optimization_leveraging_counterdiabatic_annea.pdf,615067f0066c_hybrid_quantum_classical_portfolio_optimization_leveraging_counterdiabatic_annea.md,10,34077,success,,2026-04-08T22:22:49
615067f0066c,615067f0066c.pdf,615067f0066c.md,10,34077,success,,2026-04-08T22:22:49
618a035e5260,618a035e5260_bls_qlstm_a_novel_hybrid_quantum_neural_network_for_stock_index_forecasting.pdf,618a035e5260_bls_qlstm_a_novel_hybrid_quantum_neural_network_for_stock_index_forecasting.md,15,73836,success,,2026-04-08T22:22:50
6190538f1800,6190538f1800_current_challenge_and_limitations_in_quantum_computation.pdf,6190538f1800_current_challenge_and_limitations_in_quantum_computation.md,10,25975,success,,2026-04-08T22:22:50
620d7dc5208d,620d7dc5208d_quantum_computing_in_finance_the_intesa_sanpaolo_experience.pdf,620d7dc5208d_quantum_computing_in_finance_the_intesa_sanpaolo_experience.md,6,31871,success,,2026-04-08T22:22:50
623597ee0f9c,623597ee0f9c_dividing_quantum_circuits_for_time_evolution_of_stochastic_processes_by_orthogon.pdf,623597ee0f9c_dividing_quantum_circuits_for_time_evolution_of_stochastic_processes_by_orthogon.md,17,68992,success,,2026-04-08T22:22:50
624a4d090c3e,624a4d090c3e_an_efficient_confidentiality_scheme_based_on_quadratic_chaotic_map_and_fibonacci.pdf,624a4d090c3e_an_efficient_confidentiality_scheme_based_on_quadratic_chaotic_map_and_fibonacci.md,27,63118,success,,2026-04-08T22:22:50
6257d900d3ef,6257d900d3ef_hybrid_quantum_classical_model_for_enhanced_cross_border_financial_fraud_detecti.pdf,6257d900d3ef_hybrid_quantum_classical_model_for_enhanced_cross_border_financial_fraud_detecti.md,10,33114,success,,2026-04-08T22:22:51
6278f0d22ba5,6278f0d22ba5_predictive_techniques_for_stock_price_movement_using_quantum_classical_approach_.pdf,6278f0d22ba5_predictive_techniques_for_stock_price_movement_using_quantum_classical_approach_.md,7,24614,success,,2026-04-08T22:22:51
629ad7ff1054,629ad7ff1054_financial_market_modeling_with_quantum_neural_networks.pdf,629ad7ff1054_financial_market_modeling_with_quantum_neural_networks.md,40,75322,success,,2026-04-08T22:22:51
631717352091,631717352091_monte_carlo_option_pricing_in_quantum_parallel.pdf,631717352091_monte_carlo_option_pricing_in_quantum_parallel.md,19,49601,success,,2026-04-08T22:22:52
63287a0e96b2,63287a0e96b2_time_series_forecasting_with_quantum_machine_learning_architectures.pdf,63287a0e96b2_time_series_forecasting_with_quantum_machine_learning_architectures.md,465,1054088,success,,2026-04-08T22:22:52
6377e377053e,6377e377053e_enhanced_fill_probability_estimates_in_institutional_algorithmic_bond_trading_us.pdf,6377e377053e_enhanced_fill_probability_estimates_in_institutional_algorithmic_bond_trading_us.md,16,84243,success,,2026-04-09T18:29:46
64111b3b5d61,64111b3b5d61_ai_amp_quantum_computing_for_finance_amp_insurance.pdf,64111b3b5d61_ai_amp_quantum_computing_for_finance_amp_insurance.md,690,941804,success,,2026-04-08T22:22:56
64522483ae83,64522483ae83_guest_editorial_selected_extended_papers_from_the_quantum_software_architecture_.pdf,64522483ae83_guest_editorial_selected_extended_papers_from_the_quantum_software_architecture_.md,2,9338,success,,2026-04-08T22:23:00
645e6ec4f04e,645e6ec4f04e_high_dimensional_counterdiabatic_quantum_computing.pdf,645e6ec4f04e_high_dimensional_counterdiabatic_quantum_computing.md,11,40832,success,,2026-04-09T18:38:15
646bd6bbd935,646bd6bbd935_accelerated_quantum_monte_carlo_with_mitigated_error_on_noisy_quantum_computer.pdf,646bd6bbd935_accelerated_quantum_monte_carlo_with_mitigated_error_on_noisy_quantum_computer.md,22,95986,success,,2026-04-08T22:23:01
64a4167a442c,64a4167a442c_quantum_machine_learning_for_advanced_data_processing_in_business_analytics_a_pa.pdf,64a4167a442c_quantum_machine_learning_for_advanced_data_processing_in_business_analytics_a_pa.md,24,88133,success,,2026-04-08T22:23:01
64bdec61d4fd,64bdec61d4fd_quantum_portfolio_rebalancing_algorithm_qpra_an_integrating_quantum_computing_an.pdf,64bdec61d4fd_quantum_portfolio_rebalancing_algorithm_qpra_an_integrating_quantum_computing_an.md,35,74332,success,,2026-04-08T22:23:01
64beee021f17,64beee021f17_hybrid_quantum_network_for_classification_of_finance_and_mnist_data.pdf,64beee021f17_hybrid_quantum_network_for_classification_of_finance_and_mnist_data.md,4,23008,success,,2026-04-08T22:23:02
65172a2ed058,65172a2ed058_quantum_inspired_computing_entanglement_enhanced_technique_for_short_portfolio_i.pdf,65172a2ed058_quantum_inspired_computing_entanglement_enhanced_technique_for_short_portfolio_i.md,5,31747,success,,2026-04-08T22:23:02
6534fbda7b00,6534fbda7b00_quantum_enhanced_deep_reinforcement_learning_for_central_bank_digital_currency_c.pdf,6534fbda7b00_quantum_enhanced_deep_reinforcement_learning_for_central_bank_digital_currency_c.md,16,21127,success,,2026-04-08T22:23:02
661640f62940,661640f62940_quantum_computing_for_optimization_with_ising_machine.pdf,661640f62940_quantum_computing_for_optimization_with_ising_machine.md,8,33812,success,,2026-04-08T22:23:02
6684e6c1b57f,6684e6c1b57f_quantum_algorithm_for_stochastic_optimal_stopping_problems_with_applications_in_.pdf,6684e6c1b57f_quantum_algorithm_for_stochastic_optimal_stopping_problems_with_applications_in_.md,46,129287,success,,2026-04-08T22:23:02
66b4a51889c0,66b4a51889c0_quantum_2_player_games_and_realizations_with_circuits.pdf,66b4a51889c0_quantum_2_player_games_and_realizations_with_circuits.md,13,58288,success,,2026-04-09T18:48:24
66f18ee7b813,66f18ee7b813_an_efficient_quantum_algorithm_for_independent_component_analysis.pdf,66f18ee7b813_an_efficient_quantum_algorithm_for_independent_component_analysis.md,24,68220,success,,2026-04-08T22:23:03
66f43397ba83,66f43397ba83_intermediate_qutrit_based_improved_quantum_arithmetic_operations_with_applicatio.pdf,66f43397ba83_intermediate_qutrit_based_improved_quantum_arithmetic_operations_with_applicatio.md,11,53561,success,,2026-04-08T22:23:03
67445f0a13ee,67445f0a13ee_variational_quantum_monte_carlo_method_with_a_neural_network_ansatz_for_open_qua.pdf,67445f0a13ee_variational_quantum_monte_carlo_method_with_a_neural_network_ansatz_for_open_qua.md,10,35532,success,,2026-04-08T22:23:04
674c681a57d0,674c681a57d0_d5_7_update_of_review_of_state_of_the_art_for_pricing_and_computation_of_var.pdf,674c681a57d0_d5_7_update_of_review_of_state_of_the_art_for_pricing_and_computation_of_var.md,24,79656,success,,2026-04-08T22:23:04
67d46e29ec7f,67d46e29ec7f_gaussian_boson_sampling_for_binary_optimization.pdf,67d46e29ec7f_gaussian_boson_sampling_for_binary_optimization.md,3,9646,success,,2026-04-08T22:23:04
67ed9d74dd96,67ed9d74dd96_approximate_complex_amplitude_encoding_algorithm_and_its_application_to_data_cla.pdf,67ed9d74dd96_approximate_complex_amplitude_encoding_algorithm_and_its_application_to_data_cla.md,13,53870,success,,2026-04-08T22:23:04
67ef832f18a2,67ef832f18a2_quantum_computing_applications_in_financial_modeling_and_portfolio_optimization.pdf,67ef832f18a2_quantum_computing_applications_in_financial_modeling_and_portfolio_optimization.md,5,22349,success,,2026-04-08T22:23:04
67f83161d410,67f83161d410_a_survey_of_quantum_computing_for_finance.pdf,67f83161d410_a_survey_of_quantum_computing_for_finance.md,60,289231,success,,2026-04-08T22:23:05
683bece8f94d,683bece8f94d_application_of_quantum_computers_in_foreign_exchange_reserves_management.pdf,683bece8f94d_application_of_quantum_computers_in_foreign_exchange_reserves_management.md,54,163300,success,,2026-04-08T22:23:05
685e76bf45ae,685e76bf45ae_implementing_the_quantum_approximate_optimization_algorithms_for_qubo_problems_a.pdf,685e76bf45ae_implementing_the_quantum_approximate_optimization_algorithms_for_qubo_problems_a.md,15,47136,success,,2026-04-08T22:23:06
68a06e2534e1,68a06e2534e1_quantum_computing_algorithms_architectures_and_applications_by_dr_animoni_nagara.pdf,68a06e2534e1_quantum_computing_algorithms_architectures_and_applications_by_dr_animoni_nagara.md,8,7847,success,,2026-04-08T22:23:06
68b9ec9dea63,68b9ec9dea63_quantum_enhanced_temporal_embeddings_via_a_hybrid_seq2seq_architecture.pdf,68b9ec9dea63_quantum_enhanced_temporal_embeddings_via_a_hybrid_seq2seq_architecture.md,6,25228,success,,2026-04-08T22:23:06
68d02a109ffd,68d02a109ffd_high_dimensional_signal_processing_using_classical_quantum_machine_learning_pipe.pdf,68d02a109ffd_high_dimensional_signal_processing_using_classical_quantum_machine_learning_pipe.md,3,17679,success,,2026-04-08T22:23:06
69a4901976a9,69a4901976a9_generative_quantum_learning_of_joint_probability_distribution_functions.pdf,69a4901976a9_generative_quantum_learning_of_joint_probability_distribution_functions.md,19,81193,success,,2026-04-08T22:23:06
69b8b36d8aad,69b8b36d8aad_a_quantum_risk_management_framework_qrmf_quantum_amplitude_estimation_for_var_cv.pdf,69b8b36d8aad_a_quantum_risk_management_framework_qrmf_quantum_amplitude_estimation_for_var_cv.md,20,53807,success,,2026-04-08T22:23:07
69bf4c1b7cbe,69bf4c1b7cbe_a_quantum_inspired_binary_optimization_algorithm_for_representative_selection.pdf,69bf4c1b7cbe_a_quantum_inspired_binary_optimization_algorithm_for_representative_selection.md,11,46351,success,,2026-04-08T22:23:07
69bfce9095d0,69bfce9095d0_genetically_engineered_quantum_circuits_for_financial_market_indicators.pdf,69bfce9095d0_genetically_engineered_quantum_circuits_for_financial_market_indicators.md,14,27455,success,,2026-04-08T22:23:08
6ac0d0a3c55a,6ac0d0a3c55a_end_to_end_resource_analysis_for_quantum_interior_point_methods_and_portfolio_op.pdf,6ac0d0a3c55a_end_to_end_resource_analysis_for_quantum_interior_point_methods_and_portfolio_op.md,40,181755,success,,2026-04-08T22:23:08
6b2b4f6ba298,6b2b4f6ba298_lt_div_gt_multiplicative_weights_methods_and_gibbs_state_preparation_for_conic_p.pdf,6b2b4f6ba298_lt_div_gt_multiplicative_weights_methods_and_gibbs_state_preparation_for_conic_p.md,24,43826,success,,2026-04-08T22:23:09
6cb502a2896a,6cb502a2896a_continuous_variables_quantum_algorithm_for_solving_ordinary_differential_equatio.pdf,6cb502a2896a_continuous_variables_quantum_algorithm_for_solving_ordinary_differential_equatio.md,6,30906,success,,2026-04-08T22:23:09
6ce12ea7c2bf,6ce12ea7c2bf_a_collaborative_framework_for_quantum_optimisation_and_quantum_neural_networks_c.pdf,6ce12ea7c2bf_a_collaborative_framework_for_quantum_optimisation_and_quantum_neural_networks_c.md,14,33394,success,,2026-04-08T22:23:09
6d5768682408,6d5768682408_solving_the_product_breakdown_structure_problem_with_constrained_qaoa.pdf,6d5768682408_solving_the_product_breakdown_structure_problem_with_constrained_qaoa.md,13,43370,success,,2026-04-08T22:23:09
6df543f1353b,6df543f1353b_variational_quantum_monte_carlo_simulations_with_tensor_network_states.pdf,6df543f1353b_variational_quantum_monte_carlo_simulations_with_tensor_network_states.md,4,20150,success,,2026-04-08T22:23:09
6e0380dce3b2,6e0380dce3b2_accelerating_quantum_monte_carlo_calculations_with_set_equivariant_architectures.pdf,6e0380dce3b2_accelerating_quantum_monte_carlo_calculations_with_set_equivariant_architectures.md,19,48867,success,,2026-04-08T22:23:09
6e5c81beaefd,6e5c81beaefd_classification_of_financial_data_using_quantum_support_vector_machine.pdf,6e5c81beaefd_classification_of_financial_data_using_quantum_support_vector_machine.md,5,16637,success,,2026-04-08T22:23:10
6e6696a9c05a,6e6696a9c05a_quantum_time_series_similarity_measures_and_quantum_temporal_kernels.pdf,6e6696a9c05a_quantum_time_series_similarity_measures_and_quantum_temporal_kernels.md,25,67064,success,,2026-04-08T22:23:10
6eb61c248ea7,6eb61c248ea7_decoherence_in_adiabatic_quantum_computation.pdf,6eb61c248ea7_decoherence_in_adiabatic_quantum_computation.md,21,93465,success,,2026-04-08T22:23:10
6f039fcdad9d,6f039fcdad9d_variational_quantum_algorithm_based_on_lagrange_polynomial_encoding_to_solve_dif.pdf,6f039fcdad9d_variational_quantum_algorithm_based_on_lagrange_polynomial_encoding_to_solve_dif.md,21,94106,success,,2026-04-08T22:23:10
6f139839ae4c,6f139839ae4c_quantum_reservoir_computing_for_statistical_classification_in_a_superconducting_.pdf,6f139839ae4c_quantum_reservoir_computing_for_statistical_classification_in_a_superconducting_.md,13,56761,success,,2026-04-08T22:23:11
6fe2aeb67e66,6fe2aeb67e66_quantum_computing.pdf,6fe2aeb67e66_quantum_computing.md,4,11663,success,,2026-04-08T22:23:11
7012f13a70a3,7012f13a70a3_unsupervised_quantum_anomaly_detection_on_noisy_quantum_processors.pdf,7012f13a70a3_unsupervised_quantum_anomaly_detection_on_noisy_quantum_processors.md,11,44207,success,,2026-04-08T22:23:11
71966c8a9dc7,71966c8a9dc7_big_data_in_financial_risk_management_predictive_modeling_real_time_assessment_a.pdf,71966c8a9dc7_big_data_in_financial_risk_management_predictive_modeling_real_time_assessment_a.md,15,58098,success,,2026-04-08T22:23:12
71dc25d5ac6a,71dc25d5ac6a_leveraging_quantum_computing_and_optimization_to_estimate_financial_crashes_in_s.pdf,71dc25d5ac6a_leveraging_quantum_computing_and_optimization_to_estimate_financial_crashes_in_s.md,6,31792,success,,2026-04-08T22:23:12
71e349feba65,71e349feba65_quantum_machine_learning_for_multi_criteria_decision_making_in_industrial_projec.pdf,71e349feba65_quantum_machine_learning_for_multi_criteria_decision_making_in_industrial_projec.md,1,2953,success,,2026-04-08T22:23:12
71ed62112b8d,71ed62112b8d_exploring_the_revolutionary_potential_of_quantum_technologies_in_the_fintech_ind.pdf,71ed62112b8d_exploring_the_revolutionary_potential_of_quantum_technologies_in_the_fintech_ind.md,9,30126,success,,2026-04-08T22:23:12
732f54a585cf,732f54a585cf_enhanced_ransomware_detection_using_a_hybrid_quantum_classical_convolutional_neu.pdf,732f54a585cf_enhanced_ransomware_detection_using_a_hybrid_quantum_classical_convolutional_neu.md,7,37303,success,,2026-04-08T22:23:12
73f3adac41d9,73f3adac41d9_solving_portfolio_optimization_problems_using_adiabatic_quantum_computing.pdf,73f3adac41d9_solving_portfolio_optimization_problems_using_adiabatic_quantum_computing.md,15,29766,success,,2026-04-08T22:23:12
74c6ac2ca350,74c6ac2ca350_solving_general_qubos_with_warm_start_qaoa_via_a_reduction_to_max_cut.pdf,74c6ac2ca350_solving_general_qubos_with_warm_start_qaoa_via_a_reduction_to_max_cut.md,24,65735,success,,2026-04-08T22:23:12
75a7b04fa681,75a7b04fa681_encoding_of_probability_distributions_for_quantum_monte_carlo_using_tensor_netwo.pdf,75a7b04fa681_encoding_of_probability_distributions_for_quantum_monte_carlo_using_tensor_netwo.md,20,42136,success,,2026-04-08T22:23:13
75c40280653d,75c40280653d_automating_financial_analysis_with_qml_algorithm_a_banking_industry_perspective.pdf,75c40280653d_automating_financial_analysis_with_qml_algorithm_a_banking_industry_perspective.md,5,57704,success,,2026-04-08T22:23:13
75cd91455541,75cd91455541_quantum_versus_classical_generative_modelling_in_finance.pdf,75cd91455541_quantum_versus_classical_generative_modelling_in_finance.md,17,68219,success,,2026-04-09T18:58:46
75d6acf76068,75d6acf76068_ml_driven_quantum_portfolio_optimization_hybrid_cnn_lstm_architecture_with_adapt.pdf,75d6acf76068_ml_driven_quantum_portfolio_optimization_hybrid_cnn_lstm_architecture_with_adapt.md,9,34165,success,,2026-04-08T22:23:13
75eee58caf3a,75eee58caf3a_contextual_quantum_neural_networks_for_stock_price_prediction.pdf,75eee58caf3a_contextual_quantum_neural_networks_for_stock_price_prediction.md,19,78722,success,,2026-04-08T22:23:14
7600a952f76a,7600a952f76a_shallow_and_robust_qaoa_improving_feasibility_and_hardware_performance_via_linea.pdf,7600a952f76a_shallow_and_robust_qaoa_improving_feasibility_and_hardware_performance_via_linea.md,31,62894,success,,2026-04-08T22:23:14
76a87207ec32,76a87207ec32_quantum_principal_component_analysis_for_financial_fraud_detection.pdf,76a87207ec32_quantum_principal_component_analysis_for_financial_fraud_detection.md,8,45684,success,,2026-04-08T22:23:14
76bf72482fcf,76bf72482fcf_a_comparative_analysis_of_classical_and_quantum_machine_learning_models_for_fina.pdf,76bf72482fcf_a_comparative_analysis_of_classical_and_quantum_machine_learning_models_for_fina.md,6,23567,success,,2026-04-08T22:23:14
76ee3cb38743,76ee3cb38743_quantum_speedup_of_monte_carlo_integration_with_respect_to_the_number_of_dimensi.pdf,76ee3cb38743_quantum_speedup_of_monte_carlo_integration_with_respect_to_the_number_of_dimensi.md,13,53363,success,,2026-04-08T22:23:14
76ee9fd77e4e,76ee9fd77e4e_quantum_alternating_operator_ansatz_with_pso_optimizer_for_portfolio_optimizatio.pdf,76ee9fd77e4e_quantum_alternating_operator_ansatz_with_pso_optimizer_for_portfolio_optimizatio.md,13,57638,success,,2026-04-08T22:23:14
774364c6da63,774364c6da63_hqqubo_a_hybrid_querying_quantum_optimization_model_validated_with_16_qubits_on_.pdf,774364c6da63_hqqubo_a_hybrid_querying_quantum_optimization_model_validated_with_16_qubits_on_.md,12,46648,success,,2026-04-09T19:06:03
774d2b8eb9f8,774d2b8eb9f8_variational_quantum_monte_carlo_calculations_for_solid_surfaces.pdf,774d2b8eb9f8_variational_quantum_monte_carlo_calculations_for_solid_surfaces.md,9,28559,success,,2026-04-08T22:23:15
775d4b298ecd,775d4b298ecd_quantum_machine_learning_for_anomaly_detection_in_consumer_electronics.pdf,775d4b298ecd_quantum_machine_learning_for_anomaly_detection_in_consumer_electronics.md,7,36176,success,,2026-04-08T22:23:15
778a06edc7f8,778a06edc7f8_quantum_interference_effects_in_social_decision_making.pdf,778a06edc7f8_quantum_interference_effects_in_social_decision_making.md,27,61886,success,,2026-04-08T22:23:15
77f0bbb6e5f3,77f0bbb6e5f3_enhancing_interpretability_of_quantum_assisted_blockchain_clustering_via_ai_agen.pdf,77f0bbb6e5f3_enhancing_interpretability_of_quantum_assisted_blockchain_clustering_via_ai_agen.md,9,40690,success,,2026-04-08T22:23:15
78b97b2dbd8e,78b97b2dbd8e_quantum_gated_recurrent_neural_networks.pdf,78b97b2dbd8e_quantum_gated_recurrent_neural_networks.md,12,58739,success,,2026-04-08T22:23:15
78cc9d5068f3,78cc9d5068f3_quantum_algorithms_for_portfolio_optimization.pdf,78cc9d5068f3_quantum_algorithms_for_portfolio_optimization.md,9,41799,success,,2026-04-08T22:23:16
79a526ef5902,79a526ef5902_arline_benchmarks_automated_benchmarking_platform_for_quantum_compilers.pdf,79a526ef5902_arline_benchmarks_automated_benchmarking_platform_for_quantum_compilers.md,27,96153,success,,2026-04-09T19:19:02
7a159ec77866,7a159ec77866_quantum_computing_in_high_frequency_trading_and_fraud_detection.pdf,7a159ec77866_quantum_computing_in_high_frequency_trading_and_fraud_detection.md,12,34535,success,,2026-04-08T22:23:16
7a47e22ecc89,7a47e22ecc89_benchmarking_of_quantum_and_classical_computing_in_large_scale_dynamic_portfolio.pdf,7a47e22ecc89_benchmarking_of_quantum_and_classical_computing_in_large_scale_dynamic_portfolio.md,25,60200,success,,2026-04-08T22:23:17
7b4b01100661,7b4b01100661_encoding_trade_offs_and_design_toolkits_in_quantum_algorithms_for_discrete_optim.pdf,7b4b01100661_encoding_trade_offs_and_design_toolkits_in_quantum_algorithms_for_discrete_optim.md,48,190052,success,,2026-04-08T22:23:17
7bdb6593ec48,7bdb6593ec48_advancing_bi_objective_weighted_portfolio_optimization_across_international_mark.pdf,7bdb6593ec48_advancing_bi_objective_weighted_portfolio_optimization_across_international_mark.md,8,46021,success,,2026-04-08T22:23:17
7c11ab76f3d9,7c11ab76f3d9_benchmarking_quantum_solvers_in_noisy_digital_simulations_for_financial_portfoli.pdf,7c11ab76f3d9_benchmarking_quantum_solvers_in_noisy_digital_simulations_for_financial_portfoli.md,17,66014,success,,2026-04-08T22:23:17
7c2e539656f7,7c2e539656f7_neural_networks_for_estimating_macro_asset_pricing_model_in_football_clubs.pdf,7c2e539656f7_neural_networks_for_estimating_macro_asset_pricing_model_in_football_clubs.md,19,104520,success,,2026-04-08T22:23:18
7c5f50a7c9b3,7c5f50a7c9b3_quantum_computing_algorithms_for_nonlinear_optimization_problems.pdf,7c5f50a7c9b3_quantum_computing_algorithms_for_nonlinear_optimization_problems.md,16,47747,success,,2026-04-08T22:23:18
7c6e8af63f61,7c6e8af63f61_constrained_portfolio_optimization_via_quantum_approximate_optimization_algorith.pdf,7c6e8af63f61_constrained_portfolio_optimization_via_quantum_approximate_optimization_algorith.md,11,42490,success,,2026-04-08T22:23:18
7c795b799d02,7c795b799d02_credit_default_prediction_with_projected_quantum_feature_models_and_ensembles.pdf,7c795b799d02_credit_default_prediction_with_projected_quantum_feature_models_and_ensembles.md,10,57110,success,,2026-04-08T22:23:18
7cc9ce4dad7d,7cc9ce4dad7d_detecting_financial_fraud_a_comparative_study_of_quantum_based_supervised_learni.pdf,7cc9ce4dad7d_detecting_financial_fraud_a_comparative_study_of_quantum_based_supervised_learni.md,760,1792790,success,,2026-04-08T22:23:19
7cce475cb4b7,7cce475cb4b7_a_variational_quantum_perceptron_with_grover_s_algorithm_for_efficient_classific.pdf,7cce475cb4b7_a_variational_quantum_perceptron_with_grover_s_algorithm_for_efficient_classific.md,10,30027,success,,2026-04-08T22:23:23
7cfdb2957f6c,7cfdb2957f6c_demonstration_of_quantum_linear_equation_solver_on_the_ibm_qiskit_platform.pdf,7cfdb2957f6c_demonstration_of_quantum_linear_equation_solver_on_the_ibm_qiskit_platform.md,4,14495,success,,2026-04-08T22:23:23
7d9c1f3a2af2,7d9c1f3a2af2_achieving_high_quality_portfolio_optimization_with_the_variational_quantum_eigen.pdf,7d9c1f3a2af2_achieving_high_quality_portfolio_optimization_with_the_variational_quantum_eigen.md,7,28869,success,,2026-04-08T22:23:24
7e0bccd34042,7e0bccd34042_quantum_machine_learning_methods_for_fourier_based_distribution_estimation_with_.pdf,7e0bccd34042_quantum_machine_learning_methods_for_fourier_based_distribution_estimation_with_.md,27,64497,success,,2026-04-08T22:23:24
7e3bc9e2594c,7e3bc9e2594c_mrna_secondary_structure_prediction_using_utility_scale_quantum_computers.pdf,7e3bc9e2594c_mrna_secondary_structure_prediction_using_utility_scale_quantum_computers.md,12,55813,success,,2026-04-08T22:23:24
7e5d0a8fc172,7e5d0a8fc172_quadratic_speed_up_in_infinite_variance_quantum_monte_carlo.pdf,7e5d0a8fc172_quadratic_speed_up_in_infinite_variance_quantum_monte_carlo.md,21,44100,success,,2026-04-08T22:23:25
7e636e790901,7e636e790901_efficient_dcqo_algorithm_within_the_impulse_regime_for_portfolio_optimization.pdf,7e636e790901_efficient_dcqo_algorithm_within_the_impulse_regime_for_portfolio_optimization.md,10,43359,success,,2026-04-08T22:23:25
7ea4faff382d,7ea4faff382d_quantum_enabled_algorithms_and_market_prediction_and_execution_for_ultra_low_lat.pdf,7ea4faff382d_quantum_enabled_algorithms_and_market_prediction_and_execution_for_ultra_low_lat.md,7,30860,success,,2026-04-08T22:23:25
7eefd96d7f06,7eefd96d7f06_quantum_algorithms_for_hedging_and_the_learning_of_ising_models.pdf,7eefd96d7f06_quantum_algorithms_for_hedging_and_the_learning_of_ising_models.md,16,74694,success,,2026-04-08T22:23:25
7efbd5b186f9,7efbd5b186f9_hat_v30_2_the_unified_theory_of_structural_time_and_the_lag_horizon.pdf,7efbd5b186f9_hat_v30_2_the_unified_theory_of_structural_time_and_the_lag_horizon.md,50,74231,success,,2026-04-08T22:23:26
7f0f52d2eab9,7f0f52d2eab9_a_brief_review_of_portfolio_optimization_techniques.pdf,7f0f52d2eab9_a_brief_review_of_portfolio_optimization_techniques.md,40,115214,success,,2026-04-08T22:23:26
7f5135581c08,7f5135581c08_financial_risk_management_on_a_neutral_atom_quantum_processor.pdf,7f5135581c08_financial_risk_management_on_a_neutral_atom_quantum_processor.md,17,71005,success,,2026-04-08T22:23:26
7f8c8060e256,7f8c8060e256_quantifying_the_advantages_of_applying_quantum_approximate_algorithms_to_portfol.pdf,7f8c8060e256_quantifying_the_advantages_of_applying_quantum_approximate_algorithms_to_portfol.md,35,95413,success,,2026-04-08T22:23:27
7f91dcfbca63,7f91dcfbca63_quantum_inspired_anomaly_detection_a_qubo_formulation.pdf,7f91dcfbca63_quantum_inspired_anomaly_detection_a_qubo_formulation.md,8,15064,success,,2026-04-08T22:23:28
7f91dcfbca63,7f91dcfbca63.pdf,7f91dcfbca63.md,8,15064,success,,2026-04-08T22:23:27
80690e1e30a0,80690e1e30a0_real_time_threat_mitigation_in_financial_it_infrastructures_using_quantum_comput.pdf,80690e1e30a0_real_time_threat_mitigation_in_financial_it_infrastructures_using_quantum_comput.md,7,34778,success,,2026-04-08T22:23:28
80db1bf3c910,80db1bf3c910_quantum_machine_learning_for_credit_scoring.pdf,80db1bf3c910_quantum_machine_learning_for_credit_scoring.md,11,47599,success,,2026-04-08T22:23:28
8154d6cc12dd,8154d6cc12dd_prediction_of_stocks_index_price_using_quantum_gans.pdf,8154d6cc12dd_prediction_of_stocks_index_price_using_quantum_gans.md,7,28049,success,,2026-04-08T22:23:28
81f92de64876,81f92de64876_quantum_enhanced_simulation_based_optimization.pdf,81f92de64876_quantum_enhanced_simulation_based_optimization.md,9,36974,success,,2026-04-08T22:23:28
822dbee7acfe,822dbee7acfe_scaling_portfolio_diversification_with_quantum_circuit_cutting_techniques.pdf,822dbee7acfe_scaling_portfolio_diversification_with_quantum_circuit_cutting_techniques.md,17,49880,success,,2026-04-08T22:23:28
82475e54c193,82475e54c193_quantum_encoding_and_analysis_on_continuous_time_stochastic_process_with_financi.pdf,82475e54c193_quantum_encoding_and_analysis_on_continuous_time_stochastic_process_with_financi.md,37,96291,success,,2026-04-08T22:23:28
8248c1859e99,8248c1859e99_data_is_often_loadable_in_short_depth_quantum_circuits_from_tensor_networks_for_.pdf,8248c1859e99_data_is_often_loadable_in_short_depth_quantum_circuits_from_tensor_networks_for_.md,6,31368,success,,2026-04-09T19:25:14
8273c874208a,8273c874208a_alternative_pipeline_for_option_pricing_using_quantum_computers.pdf,8273c874208a_alternative_pipeline_for_option_pricing_using_quantum_computers.md,35,72146,success,,2026-04-08T22:23:29
83317aae0ec0,83317aae0ec0_hybrid_quantum_investment_optimization_with_minimal_holding_period.pdf,83317aae0ec0_hybrid_quantum_investment_optimization_with_minimal_holding_period.md,6,25733,success,,2026-04-08T22:23:29
8372b98f0875,8372b98f0875_unsupervised_quantum_machine_learning_for_fraud_detection.pdf,8372b98f0875_unsupervised_quantum_machine_learning_for_fraud_detection.md,10,56324,success,,2026-04-08T22:23:29
837f13f527f7,837f13f527f7_enhancing_quantum_federated_learning_with_fisher_information_based_optimization.pdf,837f13f527f7_enhancing_quantum_federated_learning_with_fisher_information_based_optimization.md,7,28740,success,,2026-04-08T22:23:29
845689734409,845689734409_a_quantum_unstructured_search_algorithm_for_discrete_optimisation_the_use_case_o.pdf,845689734409_a_quantum_unstructured_search_algorithm_for_discrete_optimisation_the_use_case_o.md,21,53700,success,,2026-04-08T22:23:29
852010d3745d,852010d3745d_combinatorial_amplitude_patterns_via_nested_quantum_affine_transformations.pdf,852010d3745d_combinatorial_amplitude_patterns_via_nested_quantum_affine_transformations.md,7,33478,success,,2026-04-08T22:23:30
858a41cdb5b2,858a41cdb5b2_quantum_arithmetic_for_directly_embedded_arrays.pdf,858a41cdb5b2_quantum_arithmetic_for_directly_embedded_arrays.md,19,52369,success,,2026-04-08T22:23:30
85e9109e6bb0,85e9109e6bb0_financial_fraud_detection_with_entropy_computing.pdf,85e9109e6bb0_financial_fraud_detection_with_entropy_computing.md,15,39008,success,,2026-04-08T22:23:30
85fbbb9f2a42,85fbbb9f2a42_a_preprocessing_perspective_for_quantum_machine_learning_classification_advantag.pdf,85fbbb9f2a42_a_preprocessing_perspective_for_quantum_machine_learning_classification_advantag.md,15,50509,success,,2026-04-08T22:23:31
862fc759b55d,862fc759b55d_alternative_sampling_for_variational_quantum_monte_carlo.pdf,862fc759b55d_alternative_sampling_for_variational_quantum_monte_carlo.md,14,60785,success,,2026-04-08T22:23:31
86891f250a78,86891f250a78_quantum_machine_learning_on_near_term_quantum_devices_current_state_of_supervise.pdf,86891f250a78_quantum_machine_learning_on_near_term_quantum_devices_current_state_of_supervise.md,43,179107,success,,2026-04-08T22:23:31
86fa1780f8fe,86fa1780f8fe_quantum_enhanced_risk_assessment_for_securing_blockchain_enabled_financial_syste.pdf,86fa1780f8fe_quantum_enhanced_risk_assessment_for_securing_blockchain_enabled_financial_syste.md,14,29487,success,,2026-04-09T19:31:30
871c63b61487,871c63b61487_extracting_a_function_encoded_in_amplitudes_of_a_quantum_state_by_tensor_network.pdf,871c63b61487_extracting_a_function_encoded_in_amplitudes_of_a_quantum_state_by_tensor_network.md,30,72593,success,,2026-04-08T22:23:32
872cedb13e27,872cedb13e27_noise_robust_quantum_generative_models_for_distribution_learning_and_efficient_d.pdf,872cedb13e27_noise_robust_quantum_generative_models_for_distribution_learning_and_efficient_d.md,25,48352,success,,2026-04-08T22:23:32
87ac65c206bd,87ac65c206bd_predict_and_conquer_navigating_algorithm_trade_offs_with_quantum_design_automati.pdf,87ac65c206bd_predict_and_conquer_navigating_algorithm_trade_offs_with_quantum_design_automati.md,12,66322,success,,2026-04-08T22:23:32
881dd9b94148,881dd9b94148_optimized_qubo_formulation_methods_for_quantum_computing.pdf,881dd9b94148_optimized_qubo_formulation_methods_for_quantum_computing.md,31,145322,success,,2026-04-08T22:23:33
88e005f67ca2,88e005f67ca2_quantum_temporal_convolutional_neural_networks_for_cross_sectional_equity_return.pdf,88e005f67ca2_quantum_temporal_convolutional_neural_networks_for_cross_sectional_equity_return.md,21,84056,success,,2026-04-09T19:41:21
88e7d870aeb0,88e7d870aeb0_quantum_driven_reinforcement_learning_for_financial_market_prediction_and_risk_m.pdf,88e7d870aeb0_quantum_driven_reinforcement_learning_for_financial_market_prediction_and_risk_m.md,7,29009,success,,2026-04-08T22:23:33
8908fea924fc,8908fea924fc_efficient_state_preparation_for_quantum_amplitude_estimation.pdf,8908fea924fc_efficient_state_preparation_for_quantum_amplitude_estimation.md,12,50043,success,,2026-04-08T22:23:34
8a2a16ffc826,8a2a16ffc826_forecasting_stock_market_crashes_via_real_time_recession_probabilities_a_quantum.pdf,8a2a16ffc826_forecasting_stock_market_crashes_via_real_time_recession_probabilities_a_quantum.md,16,61543,success,,2026-04-08T22:23:34
8a2ce0575ff1,8a2ce0575ff1_quantum_reinforcement_learning_trading_agent_for_sector_rotation_in_the_taiwan_s.pdf,8a2ce0575ff1_quantum_reinforcement_learning_trading_agent_for_sector_rotation_in_the_taiwan_s.md,8,30974,success,,2026-04-08T22:23:34
8d08019fb608,8d08019fb608_applications_of_quantum_machine_learning_for_quantitative_finance.pdf,8d08019fb608_applications_of_quantum_machine_learning_for_quantitative_finance.md,39,171249,success,,2026-04-08T22:23:34
8d8d76478f6b,8d8d76478f6b_quantum_monte_carlo_simulations_for_predicting_electron_positron_pair_production.pdf,8d8d76478f6b_quantum_monte_carlo_simulations_for_predicting_electron_positron_pair_production.md,25,60897,success,,2026-04-08T22:23:34
8d9fbaf6510b,8d9fbaf6510b_a_time_series_model_based_on_quanntum_walk_in_terms_of_quantum_bernoulli_noise.pdf,8d9fbaf6510b_a_time_series_model_based_on_quanntum_walk_in_terms_of_quantum_bernoulli_noise.md,4,15847,success,,2026-04-08T22:23:35
8dad17700137,8dad17700137_best_practices_for_portfolio_optimization_by_quantum_computing_experimented_on_r.pdf,8dad17700137_best_practices_for_portfolio_optimization_by_quantum_computing_experimented_on_r.md,17,59159,success,,2026-04-08T22:23:35
8e2194183afe,8e2194183afe_robustness_of_quantum_algorithms_against_approximate_data_representations.pdf,8e2194183afe_robustness_of_quantum_algorithms_against_approximate_data_representations.md,2,9850,success,,2026-04-08T22:23:35
8e431c2a2616,8e431c2a2616_bq_bank_a_quantum_software_for_finance_and_banking.pdf,8e431c2a2616_bq_bank_a_quantum_software_for_finance_and_banking.md,10,41107,success,,2026-04-08T22:23:35
8e52ff85234f,8e52ff85234f_hybrid_quantum_classical_framework_for_multi_objective_weighted_portfolio_optimi.pdf,8e52ff85234f_hybrid_quantum_classical_framework_for_multi_objective_weighted_portfolio_optimi.md,2,12164,success,,2026-04-08T22:23:35
8e9d2c7faf8e,8e9d2c7faf8e_classically_boosted_quantum_optimization_algorithm.pdf,8e9d2c7faf8e_classically_boosted_quantum_optimization_algorithm.md,30,75262,success,,2026-04-08T22:23:35
8f553bfb1077,8f553bfb1077_a_quantum_spectral_method_for_simulating_stochastic_processes_with_applications_.pdf,8f553bfb1077_a_quantum_spectral_method_for_simulating_stochastic_processes_with_applications_.md,36,115469,success,,2026-04-08T22:23:35
8fccc6cb2db6,8fccc6cb2db6_quantum_on_the_money_quantum_computing_in_financial_services_sector.pdf,8fccc6cb2db6_quantum_on_the_money_quantum_computing_in_financial_services_sector.md,4,22342,success,,2026-04-08T22:23:35
8feb8231bb32,8feb8231bb32_ntegrating_quantum_inspired_principles_into_financial_data_science_optimizing_re.pdf,8feb8231bb32_ntegrating_quantum_inspired_principles_into_financial_data_science_optimizing_re.md,9,20035,success,,2026-04-08T22:23:36
8fec8d839e47,8fec8d839e47_q_dtn_a_quantum_enhanced_framework_for_secure_financial_risk_management.pdf,8fec8d839e47_q_dtn_a_quantum_enhanced_framework_for_secure_financial_risk_management.md,8,32892,success,,2026-04-08T22:23:36
90c55cffbb52,90c55cffbb52_hybrid_quantum_cloud_framework_for_nonlinear_clustering_optimization_and_intelli.pdf,90c55cffbb52_hybrid_quantum_cloud_framework_for_nonlinear_clustering_optimization_and_intelli.md,10,31486,success,,2026-04-08T22:23:36
90c55cffbb52,90c55cffbb52.pdf,90c55cffbb52.md,10,31486,success,,2026-04-08T22:23:36
910eaf0e9de4,910eaf0e9de4_federated_learning_in_quantum_computing_for_privacy_preserving_and_distributed_q.pdf,910eaf0e9de4_federated_learning_in_quantum_computing_for_privacy_preserving_and_distributed_q.md,8,30280,success,,2026-04-08T22:23:36
9125f8ceaddc,9125f8ceaddc_grover_search_algorithm_with_rydberg_blockaded_atoms_quantum_monte_carlo_simulat.pdf,9125f8ceaddc_grover_search_algorithm_with_rydberg_blockaded_atoms_quantum_monte_carlo_simulat.md,6,26635,success,,2026-04-08T22:23:36
9170a0c2d3a2,9170a0c2d3a2_the_effects_of_quantum_hardware_properties_on_the_performances_of_variational_qu.pdf,9170a0c2d3a2_the_effects_of_quantum_hardware_properties_on_the_performances_of_variational_qu.md,16,77779,success,,2026-04-08T22:23:36
91d09b729085,91d09b729085_backtesting_quantum_computing_algorithms_for_portfolio_optimization.pdf,91d09b729085_backtesting_quantum_computing_algorithms_for_portfolio_optimization.md,20,94784,success,,2026-04-08T22:23:37
9242f9c3e9d3,9242f9c3e9d3_deep_learning_with_quantum_computing_leveraging_risk_assessment_financial_optimi.pdf,9242f9c3e9d3_deep_learning_with_quantum_computing_leveraging_risk_assessment_financial_optimi.md,7,31288,success,,2026-04-08T22:23:37
924cd91fefd6,924cd91fefd6_implementing_quantum_machine_learning_in_credit_card_fraud_detection.pdf,924cd91fefd6_implementing_quantum_machine_learning_in_credit_card_fraud_detection.md,6,34144,success,,2026-04-08T22:23:37
92948f73b470,92948f73b470_quantum_data_learning_of_topological_to_ferromagnetic_phase_transitions_in_the_2.pdf,92948f73b470_quantum_data_learning_of_topological_to_ferromagnetic_phase_transitions_in_the_2.md,16,64224,success,,2026-04-08T22:23:37
92b5369078cd,92b5369078cd_variational_quantum_factorization_vqf_using_different_variations_of_quantum_appr.pdf,92b5369078cd_variational_quantum_factorization_vqf_using_different_variations_of_quantum_appr.md,6,23047,success,,2026-04-08T22:23:38
9352e26d9232,9352e26d9232_an_implementation_of_quantum_machine_learning_technique_to_determine_insurance_c.pdf,9352e26d9232_an_implementation_of_quantum_machine_learning_technique_to_determine_insurance_c.md,5,24689,success,,2026-04-08T22:23:38
93ff9980959f,93ff9980959f_approaching_collateral_optimization_for_nisq_and_quantum_inspired_computing.pdf,93ff9980959f_approaching_collateral_optimization_for_nisq_and_quantum_inspired_computing.md,18,97698,success,,2026-04-08T22:23:38
9405b3330b09,9405b3330b09_quantum_classical_hybrid_neural_networks_for_continuous_variable_prediction.pdf,9405b3330b09_quantum_classical_hybrid_neural_networks_for_continuous_variable_prediction.md,10,32734,success,,2026-04-08T22:23:39
946a6e1b2725,946a6e1b2725_synergizing_quantum_computing_and_machine_learning_a_pathway_toward_quantum_enha.pdf,946a6e1b2725_synergizing_quantum_computing_and_machine_learning_a_pathway_toward_quantum_enha.md,8,38313,success,,2026-04-08T22:23:39
94dbaa0bc6b4,94dbaa0bc6b4_fundamental_theorem_for_quantum_asset_pricing.pdf,94dbaa0bc6b4_fundamental_theorem_for_quantum_asset_pricing.md,19,50489,success,,2026-04-08T22:23:39
953d9d489a99,953d9d489a99_python_integrated_quantum_classical_computing_framework_for_intelligent_time_ser.pdf,953d9d489a99_python_integrated_quantum_classical_computing_framework_for_intelligent_time_ser.md,5,27090,success,,2026-04-08T22:23:40
954608913b5d,954608913b5d_constrained_optimization_via_quantum_zeno_dynamics.pdf,954608913b5d_constrained_optimization_via_quantum_zeno_dynamics.md,31,96463,success,,2026-04-08T22:23:40
95a7b64bceac,95a7b64bceac_quantum_computing_for_advanced_market_forecasting_and_risk_management_in_financi.pdf,95a7b64bceac_quantum_computing_for_advanced_market_forecasting_and_risk_management_in_financi.md,4,21539,success,,2026-04-08T22:23:41
95ecf8c43fd1,95ecf8c43fd1_fd4qc_application_of_classical_and_quantum_hybrid_machine_learning_for_financial.pdf,95ecf8c43fd1_fd4qc_application_of_classical_and_quantum_hybrid_machine_learning_for_financial.md,7,18525,success,,2026-04-08T22:23:41
9636cfb13bd3,9636cfb13bd3_a_quantum_model_for_constrained_markowitz_modern_portfolio_using_slack_variables.pdf,9636cfb13bd3_a_quantum_model_for_constrained_markowitz_modern_portfolio_using_slack_variables.md,20,44545,success,,2026-04-08T22:23:41
963ca4c12a61,963ca4c12a61_quantum_risk_modeling_redefining_actuarial_science_with_quantum_algorithms.pdf,963ca4c12a61_quantum_risk_modeling_redefining_actuarial_science_with_quantum_algorithms.md,12,31843,success,,2026-04-08T22:23:41
96baad0b46a9,96baad0b46a9_quantum_computational_finance_monte_carlo_pricing_of_financial_derivatives.pdf,96baad0b46a9_quantum_computational_finance_monte_carlo_pricing_of_financial_derivatives.md,17,68772,success,,2026-04-08T22:23:42
9700e75505fd,9700e75505fd_hybrid_quantum_classical_algorithms_for_loan_collection_optimization_with_loan_l.pdf,9700e75505fd_hybrid_quantum_classical_algorithms_for_loan_collection_optimization_with_loan_l.md,10,34521,success,,2026-04-08T22:23:42
970f45895147,970f45895147_empirical_analysis_of_classical_and_quantum_algorithms_for_portfolio_optimizatio.pdf,970f45895147_empirical_analysis_of_classical_and_quantum_algorithms_for_portfolio_optimizatio.md,6,27593,success,,2026-04-08T22:23:42
972faa34c6b1,972faa34c6b1_explaining_the_advantage_of_quantum_enhanced_physics_informed_neural_networks.pdf,972faa34c6b1_explaining_the_advantage_of_quantum_enhanced_physics_informed_neural_networks.md,12,42108,success,,2026-04-08T22:23:42
975be2b38005,975be2b38005_comparative_study_of_quantum_computing_tools_and_frameworks.pdf,975be2b38005_comparative_study_of_quantum_computing_tools_and_frameworks.md,324,702274,success,,2026-04-08T22:23:43
976207a6400b,976207a6400b_from_theory_to_reality_tracing_the_milestones_of_quantum_information_systems.pdf,976207a6400b_from_theory_to_reality_tracing_the_milestones_of_quantum_information_systems.md,7,37128,success,,2026-04-08T22:23:46
980d054544f5,980d054544f5_model_analysis_and_application_of_quantum_computers_in_credit_scoring_card_combi.pdf,980d054544f5_model_analysis_and_application_of_quantum_computers_in_credit_scoring_card_combi.md,6,29419,success,,2026-04-08T22:23:46
993b4e035b55,993b4e035b55_hybrid_quantum_classical_machine_learning_architectures_for_scalable_pattern_rec.pdf,993b4e035b55_hybrid_quantum_classical_machine_learning_architectures_for_scalable_pattern_rec.md,3,8264,success,,2026-04-08T22:23:46
99b07636e459,99b07636e459_experimental_implementation_of_quantum_walk_based_portfolio_optimization.pdf,99b07636e459_experimental_implementation_of_quantum_walk_based_portfolio_optimization.md,11,35147,success,,2026-04-08T22:23:46
99d3efa89dee,99d3efa89dee_a_performance_characterization_of_quantum_generative_models.pdf,99d3efa89dee_a_performance_characterization_of_quantum_generative_models.md,27,96675,success,,2026-04-08T22:23:46
99e391ee5e85,99e391ee5e85_toward_quantum_utility_in_finance_a_robust_data_driven_algorithm_for_asset_clust.pdf,99e391ee5e85_toward_quantum_utility_in_finance_a_robust_data_driven_algorithm_for_asset_clust.md,9,23920,success,,2026-04-08T22:23:47
9a926e905d18,9a926e905d18_a_new_stock_forecasting_model_by_hidden_quantum_markov_models.pdf,9a926e905d18_a_new_stock_forecasting_model_by_hidden_quantum_markov_models.md,701,1557236,success,,2026-04-08T22:23:47
9aa8ee9654b4,9aa8ee9654b4_quantum_differential_machine_learning.pdf,9aa8ee9654b4_quantum_differential_machine_learning.md,18,78547,success,,2026-04-08T22:23:53
9abc38e76aec,9abc38e76aec_quantum_computing_and_its_implications_for_theoretical_and_applied_economics_fro.pdf,9abc38e76aec_quantum_computing_and_its_implications_for_theoretical_and_applied_economics_fro.md,15,57264,success,,2026-04-08T22:23:54
9ac554cf64c4,9ac554cf64c4_research_on_quantum_computing_technology_and_application.pdf,9ac554cf64c4_research_on_quantum_computing_technology_and_application.md,5,16440,success,,2026-04-09T19:43:24
9b277c9234e8,9b277c9234e8_a_variational_quantum_algorithm_for_the_feynman_kac_formula.pdf,9b277c9234e8_a_variational_quantum_algorithm_for_the_feynman_kac_formula.md,50,128239,success,,2026-04-08T22:23:54
9b3837c81545,9b3837c81545_portfolio_management_using_market_graph_and_reinforcement_learning.pdf,9b3837c81545_portfolio_management_using_market_graph_and_reinforcement_learning.md,55,91722,success,,2026-04-08T22:23:55
9b55a2fa0cd5,9b55a2fa0cd5_research_and_application_of_quantum_computing_algorithm_for_asset_portfolio_opti.pdf,9b55a2fa0cd5_research_and_application_of_quantum_computing_algorithm_for_asset_portfolio_opti.md,6,29129,success,,2026-04-08T22:23:56
9bc9b29fc6af,9bc9b29fc6af_hybrid_llm_and_higher_order_quantum_approximate_optimization_for_csa_collateral_.pdf,9bc9b29fc6af_hybrid_llm_and_higher_order_quantum_approximate_optimization_for_csa_collateral_.md,6,28247,success,,2026-04-08T22:23:56
9bd4d4752519,9bd4d4752519_rasengan_a_transition_hamiltonian_based_approximation_algorithm_for_solving_cons.pdf,9bd4d4752519_rasengan_a_transition_hamiltonian_based_approximation_algorithm_for_solving_cons.md,14,82502,success,,2026-04-09T20:07:48
9be7c1fe15c2,9be7c1fe15c2_advancing_stock_price_prediction_and_algorithmic_trading_quantum_machine_learnin.pdf,9be7c1fe15c2_advancing_stock_price_prediction_and_algorithmic_trading_quantum_machine_learnin.md,15,55939,success,,2026-04-08T22:23:56
9c09c81b2a12,9c09c81b2a12_ai_enhanced_devops_integration_in_quantum_computing_environments_optimizing_serv.pdf,9c09c81b2a12_ai_enhanced_devops_integration_in_quantum_computing_environments_optimizing_serv.md,4,22496,success,,2026-04-08T22:23:57
9c8acfa3bc72,9c8acfa3bc72_hybrid_quantum_classical_support_vector_machines_for_financial_regime_detection_.pdf,9c8acfa3bc72_hybrid_quantum_classical_support_vector_machines_for_financial_regime_detection_.md,58,137669,success,,2026-04-08T22:23:57
9c8acfa3bc72,9c8acfa3bc72.pdf,9c8acfa3bc72.md,58,137669,success,,2026-04-08T22:23:57
9d21f2dbc900,9d21f2dbc900_hybrid_heuristic_algorithms_for_adiabatic_quantum_machine_learning_models.pdf,9d21f2dbc900_hybrid_heuristic_algorithms_for_adiabatic_quantum_machine_learning_models.md,23,42897,success,,2026-04-08T22:23:58
9e79a3ba95a4,9e79a3ba95a4_simulation_of_an_inhomogeneous_fermi_gas_through_the_bcs_bec_crossover.pdf,9e79a3ba95a4_simulation_of_an_inhomogeneous_fermi_gas_through_the_bcs_bec_crossover.md,16,53376,success,,2026-04-08T22:23:58
9eb296f23a10,9eb296f23a10_a_modular_engine_for_quantum_monte_carlo_integration.pdf,9eb296f23a10_a_modular_engine_for_quantum_monte_carlo_integration.md,87,228241,success,,2026-04-08T22:23:58
9ecabb9df454,9ecabb9df454_quantum_risk_modeling_theoretical_frameworks_for_financial_uncertainty_quantific.pdf,9ecabb9df454_quantum_risk_modeling_theoretical_frameworks_for_financial_uncertainty_quantific.md,12,24548,success,,2026-04-08T22:24:00
9ece39a58632,9ece39a58632_quantum_computing_for_sustainable_energy_optimising_sdg_7_through_smart_energy_m.pdf,9ece39a58632_quantum_computing_for_sustainable_energy_optimising_sdg_7_through_smart_energy_m.md,9,44687,success,,2026-04-08T22:24:00
9ee4aaf0f745,9ee4aaf0f745_quantum_advantage_for_multi_option_portfolio_pricing_and_valuation_adjustments.pdf,9ee4aaf0f745_quantum_advantage_for_multi_option_portfolio_pricing_and_valuation_adjustments.md,42,91836,success,,2026-04-08T22:24:01
9f6ab6f7c9d8,9f6ab6f7c9d8_transguard_qnet_a_hybrid_quantum_machine_learning_framework_for_financial_transa.pdf,9f6ab6f7c9d8_transguard_qnet_a_hybrid_quantum_machine_learning_framework_for_financial_transa.md,27,55230,success,,2026-04-08T22:24:01
9fd619b02b3e,9fd619b02b3e_quantum_computational_insurance_and_actuarial_science.pdf,9fd619b02b3e_quantum_computational_insurance_and_actuarial_science.md,28,64985,success,,2026-04-08T22:24:02
a01f6e902e50,a01f6e902e50_design_and_implementation_of_a_quantum_computing_based_financial_portfolio_optim.pdf,a01f6e902e50_design_and_implementation_of_a_quantum_computing_based_financial_portfolio_optim.md,11,28406,success,,2026-04-08T22:24:02
a052f266d945,a052f266d945_carbon_market_risk_estimation_using_quantum_conditional_generative_adversarial_n.pdf,a052f266d945_carbon_market_risk_estimation_using_quantum_conditional_generative_adversarial_n.md,18,92199,success,,2026-04-08T22:24:02
a0bb411d1801,a0bb411d1801_on_the_potential_of_quantum_walks_for_modeling_financial_return_distributions.pdf,a0bb411d1801_on_the_potential_of_quantum_walks_for_modeling_financial_return_distributions.md,24,68614,success,,2026-04-08T22:24:03
a0d2cf9e49bf,a0d2cf9e49bf_leveraging_distributed_quantum_computing_for_effective_optimization_solutions.pdf,a0d2cf9e49bf_leveraging_distributed_quantum_computing_for_effective_optimization_solutions.md,5,26813,success,,2026-04-08T22:24:03
a0e970f7273f,a0e970f7273f_an_evolving_objective_function_for_improved_variational_quantum_optimisation.pdf,a0e970f7273f_an_evolving_objective_function_for_improved_variational_quantum_optimisation.md,20,76178,success,,2026-04-08T22:24:03
a1125822ca6a,a1125822ca6a_quantum_optimisation_via_maximally_amplified_states.pdf,a1125822ca6a_quantum_optimisation_via_maximally_amplified_states.md,21,93414,success,,2026-04-08T22:24:03
a143717759af,a143717759af_reverse_stress_testing_in_banking.pdf,a143717759af_reverse_stress_testing_in_banking.md,16,43911,success,,2026-04-08T22:24:04
a19de5d705c8,a19de5d705c8_quantum_walk_option_pricing_model_based_on_binary_tree.pdf,a19de5d705c8_quantum_walk_option_pricing_model_based_on_binary_tree.md,8,27232,success,,2026-04-08T22:24:05
a254eea1f1d3,a254eea1f1d3_a_novel_approach_for_quantum_financial_simulation_and_quantum_state_preparation.pdf,a254eea1f1d3_a_novel_approach_for_quantum_financial_simulation_and_quantum_state_preparation.md,25,54170,success,,2026-04-08T22:24:05
a2b17048118b,a2b17048118b_quantum_machine_learning_technique_for_insurance_claim_fraud_detection_with_quan.pdf,a2b17048118b_quantum_machine_learning_technique_for_insurance_claim_fraud_detection_with_quan.md,7,31412,success,,2026-04-08T22:24:05
a2b747cae698,a2b747cae698_quantum_heavy_tailed_bandits.pdf,a2b747cae698_quantum_heavy_tailed_bandits.md,15,50998,success,,2026-04-08T22:24:05
a326ebb75ee1,a326ebb75ee1_quantum_ensemble_optimisation_revolutionizing_investment_portfolio_management_wi.pdf,a326ebb75ee1_quantum_ensemble_optimisation_revolutionizing_investment_portfolio_management_wi.md,8,29081,success,,2026-04-08T22:24:05
a3f27d44e6cf,a3f27d44e6cf_analysis_of_hessian_scaling_for_local_and_global_costs_in_variational_quantum_al.pdf,a3f27d44e6cf_analysis_of_hessian_scaling_for_local_and_global_costs_in_variational_quantum_al.md,23,62242,success,,2026-04-08T22:24:06
a426a8634e23,a426a8634e23_analyzing_perceptron_algorithm_for_global_gold_price_prediction_using_quantum_co.pdf,a426a8634e23_analyzing_perceptron_algorithm_for_global_gold_price_prediction_using_quantum_co.md,12,41371,success,,2026-04-08T22:24:06
a46c5a11b5dd,a46c5a11b5dd_variational_quantum_simulations_of_stochastic_differential_equations.pdf,a46c5a11b5dd_variational_quantum_simulations_of_stochastic_differential_equations.md,15,59594,success,,2026-04-08T22:24:06
a4777ce71497,a4777ce71497_quantum_amplitude_loading_for_rainbow_options_pricing.pdf,a4777ce71497_quantum_amplitude_loading_for_rainbow_options_pricing.md,10,43126,success,,2026-04-08T22:24:07
a4c29a22413b,a4c29a22413b_quantum_circuit_learning_to_compute_option_prices_and_their_sensitivities.pdf,a4c29a22413b_quantum_circuit_learning_to_compute_option_prices_and_their_sensitivities.md,15,32426,success,,2026-04-08T22:24:07
a4cb146201fc,a4cb146201fc_quantum_propensity_in_economics.pdf,a4cb146201fc_quantum_propensity_in_economics.md,21,36637,success,,2026-04-08T22:24:07
a4cb146201fc,a4cb146201fc.pdf,a4cb146201fc.md,21,36637,success,,2026-04-08T22:24:07
a538cd2dc13c,a538cd2dc13c_continuous_variable_quantum_boltzmann_machine.pdf,a538cd2dc13c_continuous_variable_quantum_boltzmann_machine.md,23,54224,success,,2026-04-08T22:24:07
a5b68f8e6d90,a5b68f8e6d90_financial_fraud_detection_a_comparative_study_of_quantum_machine_learning_models.pdf,a5b68f8e6d90_financial_fraud_detection_a_comparative_study_of_quantum_machine_learning_models.md,30,54786,success,,2026-04-08T22:24:08
a64e9d084306,a64e9d084306_study_on_quantum_finance_algorithm_quantum_monte_carlo_algorithm_based_on_europe.pdf,a64e9d084306_study_on_quantum_finance_algorithm_quantum_monte_carlo_algorithm_based_on_europe.md,9,22891,success,,2026-04-08T22:24:08
a75f8f16f267,a75f8f16f267_quantum_machine_learning_for_financial_forecasting_and_portfolio_optimization_al.pdf,a75f8f16f267_quantum_machine_learning_for_financial_forecasting_and_portfolio_optimization_al.md,7,25957,success,,2026-04-08T22:24:08
a7b3e49448d1,a7b3e49448d1_a_comprehensive_review_of_the_convergence_of_quantum_computing_and_finance.pdf,a7b3e49448d1_a_comprehensive_review_of_the_convergence_of_quantum_computing_and_finance.md,6,30875,success,,2026-04-08T22:24:09
a801ca3560e0,a801ca3560e0_quantum_machine_learning_an_application_of_quantum_support_vector_machines_for_f.pdf,a801ca3560e0_quantum_machine_learning_an_application_of_quantum_support_vector_machines_for_f.md,15,25660,success,,2026-04-08T22:24:09
a82edc88ba8d,a82edc88ba8d_a_practical_quantum_solver_for_multidimensional_partial_differential_equations.pdf,a82edc88ba8d_a_practical_quantum_solver_for_multidimensional_partial_differential_equations.md,11,47874,success,,2026-04-09T20:14:36
a8b9f6b19702,a8b9f6b19702_a_comprehensive_survey_of_modern_portfolio_optimization_from_traditional_risk_an.pdf,a8b9f6b19702_a_comprehensive_survey_of_modern_portfolio_optimization_from_traditional_risk_an.md,6,19521,success,,2026-04-08T22:24:09
a934c86420c1,a934c86420c1_applying_quantum_autoencoders_for_time_series_anomaly_detection.pdf,a934c86420c1_applying_quantum_autoencoders_for_time_series_anomaly_detection.md,21,79623,success,,2026-04-08T22:24:09
a9e4b00c1fae,a9e4b00c1fae_qlstm4fm_quantum_assisted_long_short_term_memory_framework_for_financial_market_.pdf,a9e4b00c1fae_qlstm4fm_quantum_assisted_long_short_term_memory_framework_for_financial_market_.md,6,28121,success,,2026-04-08T22:24:10
a9e56ea93735,a9e56ea93735_benchmarking_highly_precise_quantum_linear_systems_algorithms.pdf,a9e56ea93735_benchmarking_highly_precise_quantum_linear_systems_algorithms.md,3,13758,success,,2026-04-08T22:24:10
a9fb068595f2,a9fb068595f2_call_option_pricing_using_quantum_amplitude_estimation_a_comparative_study_with_.pdf,a9fb068595f2_call_option_pricing_using_quantum_amplitude_estimation_a_comparative_study_with_.md,5,21378,success,,2026-04-08T22:24:10
aa0f8200d68f,aa0f8200d68f_a_hybrid_quantum_classical_framework_for_solving_np_hard_optimization_problems.pdf,aa0f8200d68f_a_hybrid_quantum_classical_framework_for_solving_np_hard_optimization_problems.md,9,35332,success,,2026-04-08T22:24:10
aa5b834c3a1d,aa5b834c3a1d_antifragile_quantum_semantic_systems_via_cvar_povm_amp_riemannian_memory_manifol.pdf,aa5b834c3a1d_antifragile_quantum_semantic_systems_via_cvar_povm_amp_riemannian_memory_manifol.md,3,9531,success,,2026-04-08T22:24:10
aa910c409f87,aa910c409f87_quantum_algorithms_for_solving_dynamic_problems.pdf,aa910c409f87_quantum_algorithms_for_solving_dynamic_problems.md,219,621213,success,,2026-04-08T22:24:11
ab8ec0885239,ab8ec0885239_a_hybrid_quantum_classical_simulation_architecture_for_catastrophe_tail_risk_and.pdf,ab8ec0885239_a_hybrid_quantum_classical_simulation_architecture_for_catastrophe_tail_risk_and.md,10,24804,success,,2026-04-08T22:24:14
ac9a031452bb,ac9a031452bb_hybrid_quantum_classical_intelligence_for_business_a_reference_architecture_for_.pdf,ac9a031452bb_hybrid_quantum_classical_intelligence_for_business_a_reference_architecture_for_.md,32,208624,success,,2026-04-08T22:24:14
acc55c7d6a2a,acc55c7d6a2a_quantum_computing_approaches_to_portfolio_optimization_under_risk_and_market_unc.pdf,acc55c7d6a2a_quantum_computing_approaches_to_portfolio_optimization_under_risk_and_market_unc.md,3,8990,success,,2026-04-08T22:24:14
ad0844abb348,ad0844abb348_po_qa_a_framework_for_portfolio_optimization_using_quantum_algorithms.pdf,ad0844abb348_po_qa_a_framework_for_portfolio_optimization_using_quantum_algorithms.md,7,33949,success,,2026-04-08T22:24:14
ad79bfb0cfd8,ad79bfb0cfd8_quantum_machine_learning_for_secure_financial_forecasting_mitigating_data_breach.pdf,ad79bfb0cfd8_quantum_machine_learning_for_secure_financial_forecasting_mitigating_data_breach.md,22,83190,success,,2026-04-08T22:24:15
add09b8c5e11,add09b8c5e11_q_port_quantum_portfolio_optimization_with_resource_efficient_encoding_and_scala.pdf,add09b8c5e11_q_port_quantum_portfolio_optimization_with_resource_efficient_encoding_and_scala.md,378,842890,success,,2026-04-08T22:24:15
ae8a2fcc480d,ae8a2fcc480d_improved_approximation_algorithms_for_bounded_degree_local_hamiltonians.pdf,ae8a2fcc480d_improved_approximation_algorithms_for_bounded_degree_local_hamiltonians.md,21,57409,success,,2026-04-08T22:24:20
aeba35e547c4,aeba35e547c4_efficient_evaluation_of_exponential_and_gaussian_functions_on_a_quantum_computer.pdf,aeba35e547c4_efficient_evaluation_of_exponential_and_gaussian_functions_on_a_quantum_computer.md,17,74123,success,,2026-04-08T22:24:20
af45ea1743f6,af45ea1743f6_a_hybrid_quantum_wasserstein_gan_with_applications_to_option_pricing.pdf,af45ea1743f6_a_hybrid_quantum_wasserstein_gan_with_applications_to_option_pricing.md,47,131968,success,,2026-04-08T22:24:20
af5d5a990937,af5d5a990937_optimized_quantum_circuit_implementation_of_payoff_function.pdf,af5d5a990937_optimized_quantum_circuit_implementation_of_payoff_function.md,6,30418,success,,2026-04-08T22:24:21
afa84e1d94cf,afa84e1d94cf_quantum_architecture_search_for_quantum_monte_carlo_integration_via_conditional_.pdf,afa84e1d94cf_quantum_architecture_search_for_quantum_monte_carlo_integration_via_conditional_.md,11,46872,success,,2026-04-08T22:24:21
b0f18b08964e,b0f18b08964e_quantum_computing_and_financial_risk_management_a_theoretical_review_and_implica.pdf,b0f18b08964e_quantum_computing_and_financial_risk_management_a_theoretical_review_and_implica.md,11,34189,success,,2026-04-08T22:24:21
b10591681791,b10591681791_enhancing_knapsack_based_financial_portfolio_optimization_using_quantum_approxim.pdf,b10591681791_enhancing_knapsack_based_financial_portfolio_optimization_using_quantum_approxim.md,25,60306,success,,2026-04-08T22:24:21
b1450afbccd7,b1450afbccd7_quantum_driven_financial_decision_making_models_for_management_science_and_strat.pdf,b1450afbccd7_quantum_driven_financial_decision_making_models_for_management_science_and_strat.md,3,8403,success,,2026-04-08T22:24:22
b155d83ad4b5,b155d83ad4b5_quantum_portfolio_optimization_with_expert_analysis_evaluation.pdf,b155d83ad4b5_quantum_portfolio_optimization_with_expert_analysis_evaluation.md,6,37410,success,,2026-04-08T22:24:22
b17e753ba135,b17e753ba135_quantum_computing_in_community_detection_for_anti_fraud_applications.pdf,b17e753ba135_quantum_computing_in_community_detection_for_anti_fraud_applications.md,9,33238,success,,2026-04-08T22:24:22
b193d72aab07,b193d72aab07_towards_an_efficiently_simulated_quantum_approximate_optimisation.pdf,b193d72aab07_towards_an_efficiently_simulated_quantum_approximate_optimisation.md,6,34483,success,,2026-04-08T22:24:22
b1aad69bad2c,b1aad69bad2c_quantum_driven_paradigms_pioneering_artificial_intelligence_beyond_classical_bor.pdf,b1aad69bad2c_quantum_driven_paradigms_pioneering_artificial_intelligence_beyond_classical_bor.md,7,36126,success,,2026-04-08T22:24:23
b1bdaa2bbbb8,b1bdaa2bbbb8_quantum_classification.pdf,b1bdaa2bbbb8_quantum_classification.md,70,342908,success,,2026-04-08T22:24:23
b253d747bcc9,b253d747bcc9_quantum_machine_learning_and_fraud_detection.pdf,b253d747bcc9_quantum_machine_learning_and_fraud_detection.md,10,56324,success,,2026-04-08T22:24:24
b28e4aff9e6f,b28e4aff9e6f_the_maximum_likelihood_quantum_amplitude_estimation_algorithm_provides_the_best_.pdf,b28e4aff9e6f_the_maximum_likelihood_quantum_amplitude_estimation_algorithm_provides_the_best_.md,6,30015,success,,2026-04-08T22:24:24
b3543c214d69,b3543c214d69_quantum_enhanced_versus_classical_support_vector_machine_an_application_to_stock.pdf,b3543c214d69_quantum_enhanced_versus_classical_support_vector_machine_an_application_to_stock.md,28,60110,success,,2026-04-08T22:24:24
b43110ee807d,b43110ee807d_quantum_risk_analysis_of_financial_derivatives.pdf,b43110ee807d_quantum_risk_analysis_of_financial_derivatives.md,21,78783,success,,2026-04-08T22:24:25
b4397d93ce2f,b4397d93ce2f_benchmarking_amplitude_estimation_on_a_superconducting_quantum_computer.pdf,b4397d93ce2f_benchmarking_amplitude_estimation_on_a_superconducting_quantum_computer.md,7,23224,success,,2026-04-08T22:24:25
b4634f8d9776,b4634f8d9776_quantum_support_vector_machine_for_fraud_detection.pdf,b4634f8d9776_quantum_support_vector_machine_for_fraud_detection.md,5,25106,success,,2026-04-08T22:24:25
b524b2fc9631,b524b2fc9631_classical_and_quantum_computing_methods_for_estimating_loan_level_risk_distribut.pdf,b524b2fc9631_classical_and_quantum_computing_methods_for_estimating_loan_level_risk_distribut.md,16,67280,success,,2026-04-08T22:24:26
b5820c538b42,b5820c538b42_solving_linear_systems_on_quantum_hardware_with_hybrid_hhl.pdf,b5820c538b42_solving_linear_systems_on_quantum_hardware_with_hybrid_hhl.md,18,67287,success,,2026-04-08T22:24:26
b58f4a78e015,b58f4a78e015_q_chop_quantum_constrained_hamiltonian_optimization.pdf,b58f4a78e015_q_chop_quantum_constrained_hamiltonian_optimization.md,19,87538,success,,2026-04-08T22:24:26
b62275ba4e8f,b62275ba4e8f_time_series_forecasting_using_continuous_variables_based_quantum_neural_networks.pdf,b62275ba4e8f_time_series_forecasting_using_continuous_variables_based_quantum_neural_networks.md,6,32418,success,,2026-04-08T22:24:27
b660e6ffe7f2,b660e6ffe7f2_a_new_initial_distribution_for_quantum_generative_adversarial_networks_to_load_p.pdf,b660e6ffe7f2_a_new_initial_distribution_for_quantum_generative_adversarial_networks_to_load_p.md,14,29096,success,,2026-04-08T22:24:27
b69e5fca1ee6,b69e5fca1ee6_llm_guided_ans_tze_design_for_quantum_circuit_born_machines_in_financial_generat.pdf,b69e5fca1ee6_llm_guided_ans_tze_design_for_quantum_circuit_born_machines_in_financial_generat.md,5,19121,success,,2026-04-08T22:24:27
b7810a7c699b,b7810a7c699b_a_quantum_neural_network_with_built_in_self_attention_mechanism.pdf,b7810a7c699b_a_quantum_neural_network_with_built_in_self_attention_mechanism.md,14,68980,success,,2026-04-08T22:24:27
b7b5ffbce8ec,b7b5ffbce8ec_quantum_variational_autoencoder.pdf,b7b5ffbce8ec_quantum_variational_autoencoder.md,13,56831,success,,2026-04-08T22:24:28
b7c9696b8ffc,b7c9696b8ffc_quantum_adversarial_learning_in_emulation_of_monte_carlo_methods_for_max_cut_app.pdf,b7c9696b8ffc_quantum_adversarial_learning_in_emulation_of_monte_carlo_methods_for_max_cut_app.md,17,64152,success,,2026-04-08T22:24:28
b8057faa8a23,b8057faa8a23_exponentially_improved_constant_in_quantum_solution_extraction.pdf,b8057faa8a23_exponentially_improved_constant_in_quantum_solution_extraction.md,11,23270,success,,2026-04-08T22:24:28
b94d98f5a637,b94d98f5a637_a_quantum_walk_model_of_financial_options.pdf,b94d98f5a637_a_quantum_walk_model_of_financial_options.md,8,40888,success,,2026-04-08T22:24:29
b9713bab8200,b9713bab8200_data_re_uploading_in_quantum_machine_learning_for_time_series_application_to_tra.pdf,b9713bab8200_data_re_uploading_in_quantum_machine_learning_for_time_series_application_to_tra.md,20,72046,success,,2026-04-08T22:24:30
b97e7f0690c5,b97e7f0690c5_a_quantum_circuit_design_for_quantum_portfolio_optimization_problem.pdf,b97e7f0690c5_a_quantum_circuit_design_for_quantum_portfolio_optimization_problem.md,6,26750,success,,2026-04-08T22:24:30
b9898808569b,b9898808569b_empirical_evaluation_of_quantum_kernel_learning_for_sector_rotation_prediction_u.pdf,b9898808569b_empirical_evaluation_of_quantum_kernel_learning_for_sector_rotation_prediction_u.md,10,35774,success,,2026-04-08T22:24:30
b9aa74e4bc0d,b9aa74e4bc0d_an_empirical_study_on_enhancing_explainability_through_quantum_machine_learning_.pdf,b9aa74e4bc0d_an_empirical_study_on_enhancing_explainability_through_quantum_machine_learning_.md,8,41318,success,,2026-04-08T22:24:30
b9ec84f4d48c,b9ec84f4d48c_towards_pricing_financial_derivatives_with_an_ibm_quantum_computer.pdf,b9ec84f4d48c_towards_pricing_financial_derivatives_with_an_ibm_quantum_computer.md,8,40832,success,,2026-04-08T22:24:31
ba792b0b6f24,ba792b0b6f24_a_novel_decomposition_ensemble_approach_for_forecasting_stock_price_with_quantum.pdf,ba792b0b6f24_a_novel_decomposition_ensemble_approach_for_forecasting_stock_price_with_quantum.md,24,106592,success,,2026-04-08T22:24:31
ba8b763050ae,ba8b763050ae_a_comparative_technique_with_credit_card_based_fraud_detection_with_machine_lear.pdf,ba8b763050ae_a_comparative_technique_with_credit_card_based_fraud_detection_with_machine_lear.md,7,34451,success,,2026-04-08T22:24:31
ba8e571f1e45,ba8e571f1e45_evaluating_the_computational_advantages_of_the_variational_quantum_circuit_model.pdf,ba8e571f1e45_evaluating_the_computational_advantages_of_the_variational_quantum_circuit_model.md,23,79223,success,,2026-04-08T22:24:32
ba9b439040f0,ba9b439040f0_quantum_algorithms_for_portfolio_optimization_in_finance.pdf,ba9b439040f0_quantum_algorithms_for_portfolio_optimization_in_finance.md,1,3307,success,,2026-04-08T22:24:33
bb0210fb8e67,bb0210fb8e67_sapo_improving_the_scalability_and_accuracy_of_quantum_linear_solver_for_portfol.pdf,bb0210fb8e67_sapo_improving_the_scalability_and_accuracy_of_quantum_linear_solver_for_portfol.md,7,43304,success,,2026-04-08T22:24:33
bb719c33a7f1,bb719c33a7f1_comparative_study_of_quantum_circuit_scalability_in_a_financial_problem.pdf,bb719c33a7f1_comparative_study_of_quantum_circuit_scalability_in_a_financial_problem.md,19,44366,success,,2026-04-08T22:24:34
bb8d6c141f2d,bb8d6c141f2d_qnnformer_quantum_enhanced_neural_networks_with_multi_attention_mechanisms_for_l.pdf,bb8d6c141f2d_qnnformer_quantum_enhanced_neural_networks_with_multi_attention_mechanisms_for_l.md,32,83358,success,,2026-04-08T22:24:34
bbd82caa4d1f,bbd82caa4d1f_quantum_computing_drives_innovation_in_business_intelligence_across_marketing_an.pdf,bbd82caa4d1f_quantum_computing_drives_innovation_in_business_intelligence_across_marketing_an.md,15,75813,success,,2026-04-08T22:24:34
bbf0e3662d3c,bbf0e3662d3c_a_practitioner_s_guide_to_quantum_algorithms_for_optimisation_problems.pdf,bbf0e3662d3c_a_practitioner_s_guide_to_quantum_algorithms_for_optimisation_problems.md,20,107572,success,,2026-04-08T22:24:35
bc172c83a778,bc172c83a778_quantum_algorithms_for_solving_optimization_problems_in_logistics_finance_and_ma.pdf,bc172c83a778_quantum_algorithms_for_solving_optimization_problems_in_logistics_finance_and_ma.md,32,77747,success,,2026-04-08T22:24:35
bc7abe57bcdd,bc7abe57bcdd_decoding_stock_market_behavior_with_the_topological_quantum_computer.pdf,bc7abe57bcdd_decoding_stock_market_behavior_with_the_topological_quantum_computer.md,24,35761,success,,2026-04-08T22:24:35
bcd1adfba1e5,bcd1adfba1e5_the_qubit_shift_unveiling_next_generation_deep_learning_with_quantum_computing.pdf,bcd1adfba1e5_the_qubit_shift_unveiling_next_generation_deep_learning_with_quantum_computing.md,6,28480,success,,2026-04-08T22:24:35
bcec4aa1183a,bcec4aa1183a_a_scalable_quantum_machine_learning_methodology_design_for_handling_large_scale_.pdf,bcec4aa1183a_a_scalable_quantum_machine_learning_methodology_design_for_handling_large_scale_.md,9,36733,success,,2026-04-08T22:24:36
bcfb2bcd887f,bcfb2bcd887f_adaptive_quantum_entanglement_networks_for_real_time_financial_fraud_detection_a.pdf,bcfb2bcd887f_adaptive_quantum_entanglement_networks_for_real_time_financial_fraud_detection_a.md,17,56011,success,,2026-04-08T22:24:36
bf1f4204b1e6,bf1f4204b1e6_quantum_advantage_of_monte_carlo_option_pricing.pdf,bf1f4204b1e6_quantum_advantage_of_monte_carlo_option_pricing.md,14,43096,success,,2026-04-08T22:24:36
c0182e500e61,c0182e500e61_quantum_algorithms_for_monte_carlo_integration_using_pseudo_random_numbers.pdf,c0182e500e61_quantum_algorithms_for_monte_carlo_integration_using_pseudo_random_numbers.md,2,10882,success,,2026-04-08T22:24:36
c034ac9211c2,c034ac9211c2_generation_of_classical_quantum_code_from_uml_models.pdf,c034ac9211c2_generation_of_classical_quantum_code_from_uml_models.md,4,26298,success,,2026-04-08T22:24:37
c07bf2c04ef9,c07bf2c04ef9_corrections_to_enhancing_knapsack_based_financial_portfolio_optimization_using_q.pdf,c07bf2c04ef9_corrections_to_enhancing_knapsack_based_financial_portfolio_optimization_using_q.md,1,2898,success,,2026-04-09T20:27:44
c0d24cf1b7ed,c0d24cf1b7ed_practical_meta_reinforcement_learning_of_evolutionary_strategy_with_quantum_neur.pdf,c0d24cf1b7ed_practical_meta_reinforcement_learning_of_evolutionary_strategy_with_quantum_neur.md,29,72927,success,,2026-04-08T22:24:37
c0da85ef2954,c0da85ef2954_train_and_scaling_the_quantum_alternating_operator_ansatz_to_solve_portfolio_div.pdf,c0da85ef2954_train_and_scaling_the_quantum_alternating_operator_ansatz_to_solve_portfolio_div.md,6,19576,success,,2026-04-08T22:24:37
c0fc8b113e0f,c0fc8b113e0f_opportunities_and_challenges_for_data_quality_in_the_era_of_quantum_computing.pdf,c0fc8b113e0f_opportunities_and_challenges_for_data_quality_in_the_era_of_quantum_computing.md,14,84557,success,,2026-04-08T22:24:37
c1358ec0f6a6,c1358ec0f6a6_quantum_computation_for_pricing_caps_using_the_libor_market_model.pdf,c1358ec0f6a6_quantum_computation_for_pricing_caps_using_the_libor_market_model.md,18,52258,success,,2026-04-08T22:24:38
c1aa6c306cde,c1aa6c306cde_implementing_quantum_generative_adversarial_network_qgan_and_qcbm_in_finance.pdf,c1aa6c306cde_implementing_quantum_generative_adversarial_network_qgan_and_qcbm_in_finance.md,6,26162,success,,2026-04-08T22:24:38
c233bf88de0f,c233bf88de0f_on_quantum_bsde_solver_for_high_dimensional_parabolic_pdes.pdf,c233bf88de0f_on_quantum_bsde_solver_for_high_dimensional_parabolic_pdes.md,6,26722,success,,2026-04-08T22:24:38
c368d34620bf,c368d34620bf_credit_card_fraud_detection_using_machine_learning_based_on_support_vector_machi.pdf,c368d34620bf_credit_card_fraud_detection_using_machine_learning_based_on_support_vector_machi.md,6,20658,success,,2026-04-09T20:30:29
c408224c2f59,c408224c2f59_qfdnn_a_resource_efficient_variational_quantum_feature_deep_neural_networks_for_.pdf,c408224c2f59_qfdnn_a_resource_efficient_variational_quantum_feature_deep_neural_networks_for_.md,12,55510,success,,2026-04-08T22:24:38
c434305b37fb,c434305b37fb_quantum_circuit_based_adaptation_for_credit_risk_analysis.pdf,c434305b37fb_quantum_circuit_based_adaptation_for_credit_risk_analysis.md,20,82592,success,,2026-04-08T22:24:39
c43a47ce0c1a,c43a47ce0c1a_fraud_detection_using_quantum_machine_learning_qml.pdf,c43a47ce0c1a_fraud_detection_using_quantum_machine_learning_qml.md,6,24864,success,,2026-04-08T22:24:40
c44a5eb1ea97,c44a5eb1ea97_quantum_accelerated_multilevel_monte_carlo_methods_for_stochastic_differential_e.pdf,c44a5eb1ea97_quantum_accelerated_multilevel_monte_carlo_methods_for_stochastic_differential_e.md,37,94892,success,,2026-04-08T22:24:40
c46b48afaa7c,c46b48afaa7c_quantum_computing_for_financial_risk_measurement.pdf,c46b48afaa7c_quantum_computing_for_financial_risk_measurement.md,38,97247,success,,2026-04-08T22:24:40
c47a454352d5,c47a454352d5_preparing_random_state_for_quantum_financing_with_quantum_walks.pdf,c47a454352d5_preparing_random_state_for_quantum_financing_with_quantum_walks.md,11,36386,success,,2026-04-08T22:24:41
c48c60134357,c48c60134357_statistics_informed_parameterized_quantum_circuit_via_maximum_entropy_principle_.pdf,c48c60134357_statistics_informed_parameterized_quantum_circuit_via_maximum_entropy_principle_.md,28,78549,success,,2026-04-08T22:24:41
c4e919f71785,c4e919f71785_quantum_algorithms_for_mixed_binary_optimization_applied_to_transaction_settleme.pdf,c4e919f71785_quantum_algorithms_for_mixed_binary_optimization_applied_to_transaction_settleme.md,8,38967,success,,2026-04-08T22:24:42
c50cff63fd9e,c50cff63fd9e_bridging_quantum_algorithms_and_classical_finance_portfolio_optimization_using_q.pdf,c50cff63fd9e_bridging_quantum_algorithms_and_classical_finance_portfolio_optimization_using_q.md,6,25914,success,,2026-04-08T22:24:42
c56a3ba7d912,c56a3ba7d912_quantum_reservoir_computing_for_credit_card_default_prediction_on_a_neutral_atom.pdf,c56a3ba7d912_quantum_reservoir_computing_for_credit_card_default_prediction_on_a_neutral_atom.md,21,74302,success,,2026-04-08T22:24:42
c57f6422ed7b,c57f6422ed7b_quantum_generative_adversarial_networks_for_learning_and_loading_random_distribu.pdf,c57f6422ed7b_quantum_generative_adversarial_networks_for_learning_and_loading_random_distribu.md,9,48071,success,,2026-04-08T22:24:42
c5fa20e739f7,c5fa20e739f7_improving_the_trainability_of_vqe_on_nisq_computers_for_solving_portfolio_optimi.pdf,c5fa20e739f7_improving_the_trainability_of_vqe_on_nisq_computers_for_solving_portfolio_optimi.md,24,117527,success,,2026-04-08T22:24:43
c60694a1e2ed,c60694a1e2ed_quantum_machine_learning_for_credit_risk_a_next_generation_approach_to_risk_asse.pdf,c60694a1e2ed_quantum_machine_learning_for_credit_risk_a_next_generation_approach_to_risk_asse.md,9,35533,success,,2026-04-08T22:24:43
c6422717f546,c6422717f546_enterprise_portfolio_optimization_based_on_particle_swarm_optimization_and_quant.pdf,c6422717f546_enterprise_portfolio_optimization_based_on_particle_swarm_optimization_and_quant.md,5,24775,success,,2026-04-08T22:24:44
c65b93ca030a,c65b93ca030a_an_innovative_hunting_based_quantum_inspired_jaguar_algorithm_for_combinatorial_.pdf,c65b93ca030a_an_innovative_hunting_based_quantum_inspired_jaguar_algorithm_for_combinatorial_.md,2,12630,success,,2026-04-08T22:24:44
c6d03068fd05,c6d03068fd05_qfnn_ffd_quantum_federated_neural_network_for_financial_fraud_detection.pdf,c6d03068fd05_qfnn_ffd_quantum_federated_neural_network_for_financial_fraud_detection.md,9,50339,success,,2026-04-08T22:24:44
c70ae91a70de,c70ae91a70de_the_lie_algebra_of_xy_mixer_topologies_and_warm_starting_qaoa_for_constrained_op.pdf,c70ae91a70de_the_lie_algebra_of_xy_mixer_topologies_and_warm_starting_qaoa_for_constrained_op.md,62,147128,success,,2026-04-08T22:24:44
c70de9d73132,c70de9d73132_real_time_sign_problem_suppressed_quantum_monte_carlo_algorithm_for_noisy_quantu.pdf,c70de9d73132_real_time_sign_problem_suppressed_quantum_monte_carlo_algorithm_for_noisy_quantu.md,22,77593,success,,2026-04-08T22:24:45
c7451962353b,c7451962353b_quantum_computing_in_financial_risk_management_and_portfolio_optimization.pdf,c7451962353b_quantum_computing_in_financial_risk_management_and_portfolio_optimization.md,11,41599,success,,2026-04-08T22:24:46
c784a08e2043,c784a08e2043_industry_applications_of_neutral_atom_quantum_computing_solving_independent_set_.pdf,c784a08e2043_industry_applications_of_neutral_atom_quantum_computing_solving_independent_set_.md,30,116706,success,,2026-04-08T22:24:46
c7b77a40d1ea,c7b77a40d1ea_quantum_generative_models_of_mid_price_movement_in_limit_order_books.pdf,c7b77a40d1ea_quantum_generative_models_of_mid_price_movement_in_limit_order_books.md,9,46323,success,,2026-04-08T22:24:47
c7c7d7851588,c7c7d7851588_fermionic_quantum_approximate_optimization_algorithm.pdf,c7c7d7851588_fermionic_quantum_approximate_optimization_algorithm.md,16,62213,success,,2026-04-08T22:24:47
c7d33a63a50e,c7d33a63a50e_quantum_risk_analysis_beyond_conditional_value_at_risk.pdf,c7d33a63a50e_quantum_risk_analysis_beyond_conditional_value_at_risk.md,35,72729,success,,2026-04-08T22:24:48
c7db741770a8,c7db741770a8_quantum_assisted_ai_for_speeding_up_large_scale_data_processing.pdf,c7db741770a8_quantum_assisted_ai_for_speeding_up_large_scale_data_processing.md,10,32436,success,,2026-04-08T22:24:48
c7df20032013,c7df20032013_quantum_deep_hedging.pdf,c7df20032013_quantum_deep_hedging.md,43,137610,success,,2026-04-08T22:24:48
c7e723b86ecc,c7e723b86ecc_quantum_monte_carlo_study_of_the_quasiparticle_effective_mass_of_the_two_dimensi.pdf,c7e723b86ecc_quantum_monte_carlo_study_of_the_quasiparticle_effective_mass_of_the_two_dimensi.md,9,41978,success,,2026-04-08T22:24:49
c85b1f95ca15,c85b1f95ca15_non_differentiable_leaning_of_quantum_circuit_born_machine_with_genetic_algorith.pdf,c85b1f95ca15_non_differentiable_leaning_of_quantum_circuit_born_machine_with_genetic_algorith.md,12,52334,success,,2026-04-08T22:24:49
c8872ea43678,c8872ea43678_quantum_machine_learning_for_pattern_recognition_in_financial_fraud_detection.pdf,c8872ea43678_quantum_machine_learning_for_pattern_recognition_in_financial_fraud_detection.md,12,19261,success,,2026-04-08T22:24:50
c8c709dc67c3,c8c709dc67c3_quantum_synergy_in_peptide_folding_a_comparative_study_of_cvar_variational_quant.pdf,c8c709dc67c3_quantum_synergy_in_peptide_folding_a_comparative_study_of_cvar_variational_quant.md,8,44519,success,,2026-04-09T21:03:40
c91a2002db67,c91a2002db67_quantum_king_ring_domination_in_chess_a_qaoa_approach.pdf,c91a2002db67_quantum_king_ring_domination_in_chess_a_qaoa_approach.md,10,46274,success,,2026-04-08T22:24:51
c945ded90aa0,c945ded90aa0_efficient_option_pricing_with_unary_based_photonic_computing_chip_and_generative.pdf,c945ded90aa0_efficient_option_pricing_with_unary_based_photonic_computing_chip_and_generative.md,11,44372,success,,2026-04-08T22:24:51
c94ec3a9d152,c94ec3a9d152_a_dual_phase_deep_learning_framework_for_advanced_phishing_detection_using_the_n.pdf,c94ec3a9d152_a_dual_phase_deep_learning_framework_for_advanced_phishing_detection_using_the_n.md,40,99356,success,,2026-04-09T21:20:28
c950657aa481,c950657aa481_quantum_testing_of_recommender_algorithms_on_gpu_based_quantum_simulators.pdf,c950657aa481_quantum_testing_of_recommender_algorithms_on_gpu_based_quantum_simulators.md,16,48844,success,,2026-04-08T22:24:52
c99a158445ec,c99a158445ec_entanglement_based_machine_learning_on_a_quantum_computer.pdf,c99a158445ec_entanglement_based_machine_learning_on_a_quantum_computer.md,6,24574,success,,2026-04-08T22:24:52
ca17c4baa8d1,ca17c4baa8d1_quantum_computing_for_financial_modelling.pdf,ca17c4baa8d1_quantum_computing_for_financial_modelling.md,30,94984,success,,2026-04-08T22:24:52
cab849abe702,cab849abe702_diagram_to_circuit_qnlp_for_financial_sentiment_analysis.pdf,cab849abe702_diagram_to_circuit_qnlp_for_financial_sentiment_analysis.md,16,49617,success,,2026-04-08T22:24:52
cad7df42e483,cad7df42e483_quantum_machine_learning_algorithms_for_complex_optimization_problems.pdf,cad7df42e483_quantum_machine_learning_algorithms_for_complex_optimization_problems.md,5,19627,success,,2026-04-08T22:24:53
cb19eb039ea0,cb19eb039ea0_comparative_performance_analysis_of_quantum_machine_learning_architectures_for_c.pdf,cb19eb039ea0_comparative_performance_analysis_of_quantum_machine_learning_architectures_for_c.md,15,76686,success,,2026-04-09T21:30:32
cb2b33577b51,cb2b33577b51_variational_quantum_classifiers_through_the_lens_of_the_hessian.pdf,cb2b33577b51_variational_quantum_classifiers_through_the_lens_of_the_hessian.md,17,52768,success,,2026-04-08T22:24:53
cb7047eb4b01,cb7047eb4b01_deterministic_commutative_normalization_achieves_z_diff_0_a_comparative_analysis.pdf,cb7047eb4b01_deterministic_commutative_normalization_achieves_z_diff_0_a_comparative_analysis.md,7,11166,success,,2026-04-08T22:24:53
cb8d976cb90c,cb8d976cb90c_explicit_block_encoding_for_partial_differential_equation_constrained_optimizati.pdf,cb8d976cb90c_explicit_block_encoding_for_partial_differential_equation_constrained_optimizati.md,22,81616,success,,2026-04-08T22:24:53
cbc953d2f213,cbc953d2f213_quantum_assisted_machine_learning_for_enhanced_fraud_detection_in_cybersecurity.pdf,cbc953d2f213_quantum_assisted_machine_learning_for_enhanced_fraud_detection_in_cybersecurity.md,6,24805,success,,2026-04-08T22:24:54
cc3196e053ee,cc3196e053ee_towards_an_end_to_end_approach_for_quantum_principal_component_analysis.pdf,cc3196e053ee_towards_an_end_to_end_approach_for_quantum_principal_component_analysis.md,6,32499,success,,2026-04-08T22:24:54
cd5dc35d5f39,cd5dc35d5f39_fraud_detection_in_credit_card_transactions_using_quantum_assisted_restricted_bo.pdf,cd5dc35d5f39_fraud_detection_in_credit_card_transactions_using_quantum_assisted_restricted_bo.md,8,35765,success,,2026-04-08T22:24:54
cd6d281e7994,cd6d281e7994_quantum_computing_and_entrepreneurial_innovation_opportunities_disruption_and_et.pdf,cd6d281e7994_quantum_computing_and_entrepreneurial_innovation_opportunities_disruption_and_et.md,1,2963,success,,2026-04-08T22:24:54
cd9329dc38ef,cd9329dc38ef_quantum_attacks_on_bitcoin_and_how_to_protect_against_them.pdf,cd9329dc38ef_quantum_attacks_on_bitcoin_and_how_to_protect_against_them.md,23,65749,success,,2026-04-08T22:24:54
cde1c896dc3c,cde1c896dc3c_quantum_machine_learning_for_finance.pdf,cde1c896dc3c_quantum_machine_learning_for_finance.md,11,76356,success,,2026-04-08T22:24:55
ce2db00aac7a,ce2db00aac7a_quantum_algorithm_for_credit_valuation_adjustments.pdf,ce2db00aac7a_quantum_algorithm_for_credit_valuation_adjustments.md,23,92193,success,,2026-04-08T22:24:55
cf0d84ba3b6a,cf0d84ba3b6a_experiments_on_fraud_detection_use_case_with_qml_and_tda_mapper.pdf,cf0d84ba3b6a_experiments_on_fraud_detection_use_case_with_qml_and_tda_mapper.md,2,6006,success,,2026-04-09T21:31:40
cf30c27e711a,cf30c27e711a_a_critical_analysis_of_a_multi_input_cnn_architecture_for_quantum_enhanced_forec.pdf,cf30c27e711a_a_critical_analysis_of_a_multi_input_cnn_architecture_for_quantum_enhanced_forec.md,5,24557,success,,2026-04-08T22:24:56
cf803ec26409,cf803ec26409_quasi_binary_encoding_based_quantum_alternating_operator_ansatz.pdf,cf803ec26409_quasi_binary_encoding_based_quantum_alternating_operator_ansatz.md,23,67737,success,,2026-04-08T22:24:56
cf8de5885b73,cf8de5885b73_grover_search_for_portfolio_selection.pdf,cf8de5885b73_grover_search_for_portfolio_selection.md,7,26981,success,,2026-04-08T22:24:57
cf9049abcad1,cf9049abcad1_quantum_enhanced_graph_analytics_a_hybrid_ai_framework_for_seller_fraud_detectio.pdf,cf9049abcad1_quantum_enhanced_graph_analytics_a_hybrid_ai_framework_for_seller_fraud_detectio.md,6,17625,success,,2026-04-08T22:24:57
cfc22a0f0b6b,cfc22a0f0b6b_a_new_time_series_model_based_on_quantum_walk.pdf,cfc22a0f0b6b_a_new_time_series_model_based_on_quantum_walk.md,11,25094,success,,2026-04-08T22:24:57
d0176849806b,d0176849806b_quantum_virtualization_for_scalable_fintech_workflows_multi_tenant_qvms_in_quant.pdf,d0176849806b_quantum_virtualization_for_scalable_fintech_workflows_multi_tenant_qvms_in_quant.md,1,2996,success,,2026-04-08T22:24:57
d0568e395fbf,d0568e395fbf_11_a_review_of_different_techniques_and_challenges_of_quantum_computing_in_vario.pdf,d0568e395fbf_11_a_review_of_different_techniques_and_challenges_of_quantum_computing_in_vario.md,12,35186,success,,2026-04-08T22:24:57
d0568e395fbf,d0568e395fbf.pdf,d0568e395fbf.md,12,35186,success,,2026-04-08T22:24:57
d05bf542e350,d05bf542e350_variational_quantum_circuit_based_reinforcement_learning_for_dynamic_portfolio_o.pdf,d05bf542e350_variational_quantum_circuit_based_reinforcement_learning_for_dynamic_portfolio_o.md,30,108277,success,,2026-04-08T22:24:58
d097cb51b8b1,d097cb51b8b1_modification_of_a_quantum_inspired_genetic_algorithm_for_numerical_optimization_.pdf,d097cb51b8b1_modification_of_a_quantum_inspired_genetic_algorithm_for_numerical_optimization_.md,28,105963,success,,2026-04-08T22:24:58
d169bf320747,d169bf320747_multiclass_portfolio_optimization_via_variational_quantum_eigensolver_with_dicke.pdf,d169bf320747_multiclass_portfolio_optimization_via_variational_quantum_eigensolver_with_dicke.md,17,66888,success,,2026-04-08T22:24:59
d18096ef8f4c,d18096ef8f4c_financial_portfolio_optimization_a_qubo_formulation_for_sharpe_ratio_maximizatio.pdf,d18096ef8f4c_financial_portfolio_optimization_a_qubo_formulation_for_sharpe_ratio_maximizatio.md,15,26133,success,,2026-04-08T22:24:59
d186493da11a,d186493da11a_leveraging_quantum_machine_learning_to_address_class_imbalance_a_novel_approach.pdf,d186493da11a_leveraging_quantum_machine_learning_to_address_class_imbalance_a_novel_approach.md,21,63136,success,,2026-04-08T22:24:59
d1e6a91e7f11,d1e6a91e7f11_financial_fraud_detection_using_quantum_graph_neural_networks.pdf,d1e6a91e7f11_financial_fraud_detection_using_quantum_graph_neural_networks.md,15,54605,success,,2026-04-08T22:25:00
d21bf4bb49f1,d21bf4bb49f1_quantum_in_consumer_technology.pdf,d21bf4bb49f1_quantum_in_consumer_technology.md,4,11534,success,,2026-04-08T22:25:00
d28e11e1f8b0,d28e11e1f8b0_a_testing_pipeline_for_quantum_computing_applications.pdf,d28e11e1f8b0_a_testing_pipeline_for_quantum_computing_applications.md,6,35378,success,,2026-04-08T22:25:00
d349fc59251c,d349fc59251c_preparing_arbitrary_continuous_functions_in_quantum_registers_with_logarithmic_c.pdf,d349fc59251c_preparing_arbitrary_continuous_functions_in_quantum_registers_with_logarithmic_c.md,41,152817,success,,2026-04-08T22:25:00
d3580aed27bb,d3580aed27bb_advancing_financial_decision_making_through_quantum_computing_and_cloud_based_ai.pdf,d3580aed27bb_advancing_financial_decision_making_through_quantum_computing_and_cloud_based_ai.md,11,36855,success,,2026-04-08T22:25:01
d37354bd1037,d37354bd1037_quantum_computing_for_multi_period_asset_allocation.pdf,d37354bd1037_quantum_computing_for_multi_period_asset_allocation.md,3,11308,success,,2026-04-08T22:25:02
d388ccd2fff8,d388ccd2fff8_a_hybrid_quantum_classical_lstm_approach_for_predicting_the_stock_market.pdf,d388ccd2fff8_a_hybrid_quantum_classical_lstm_approach_for_predicting_the_stock_market.md,458,1106924,success,,2026-04-08T22:25:02
d3bf87c97dee,d3bf87c97dee_exponential_qubit_reduction_in_optimization_for_financial_transaction_settlement.pdf,d3bf87c97dee_exponential_qubit_reduction_in_optimization_for_financial_transaction_settlement.md,36,100355,success,,2026-04-08T22:25:05
d429e0713a3d,d429e0713a3d_quantum_computing_in_option_pricing.pdf,d429e0713a3d_quantum_computing_in_option_pricing.md,205,311037,success,,2026-04-08T22:25:06
d5410f88017c,d5410f88017c_composite_qdrift_product_formulas_for_quantum_and_classical_simulations_in_real_.pdf,d5410f88017c_composite_qdrift_product_formulas_for_quantum_and_classical_simulations_in_real_.md,49,152292,success,,2026-04-08T22:25:09
d7449b1ba0c5,d7449b1ba0c5_improving_credit_card_transaction_fraud_detection_using_cvqboosting.pdf,d7449b1ba0c5_improving_credit_card_transaction_fraud_detection_using_cvqboosting.md,9,38758,success,,2026-04-08T22:25:10
d746904e8cbb,d746904e8cbb_training_quantum_self_attention_model_in_near_term_quantum_computer.pdf,d746904e8cbb_training_quantum_self_attention_model_in_near_term_quantum_computer.md,6,25757,success,,2026-04-09T21:35:29
d76ce1e8a91b,d76ce1e8a91b_quantum_computational_finance_quantum_algorithm_for_portfolio_optimization.pdf,d76ce1e8a91b_quantum_computational_finance_quantum_algorithm_for_portfolio_optimization.md,18,41879,success,,2026-04-08T22:25:10
d85be19938f4,d85be19938f4_quantum_computation_for_pricing_the_collateralized_debt_obligations.pdf,d85be19938f4_quantum_computation_for_pricing_the_collateralized_debt_obligations.md,19,73084,success,,2026-04-09T21:50:03
d919ba675da3,d919ba675da3_application_of_deep_quantum_neural_networks_to_finance.pdf,d919ba675da3_application_of_deep_quantum_neural_networks_to_finance.md,13,23455,success,,2026-04-08T22:25:11
d93774a0f763,d93774a0f763_generalized_lanczos_algorithm_for_variational_quantum_monte_carlo.pdf,d93774a0f763_generalized_lanczos_algorithm_for_variational_quantum_monte_carlo.md,18,76636,success,,2026-04-08T22:25:11
da48095bcac8,da48095bcac8_application_of_quantum_monte_carlo_integration_to_markovian_backward_stochastic_.pdf,da48095bcac8_application_of_quantum_monte_carlo_integration_to_markovian_backward_stochastic_.md,4,15567,success,,2026-04-08T22:25:11
da7ecd113b59,da7ecd113b59_autocallable_options_pricing_with_integration_based_exponential_amplitude_loadin.pdf,da7ecd113b59_autocallable_options_pricing_with_integration_based_exponential_amplitude_loadin.md,11,53297,success,,2026-04-08T22:25:11
db0868f018ba,db0868f018ba_error_and_resource_estimates_of_variational_quantum_algorithms_for_solving_diffe.pdf,db0868f018ba_error_and_resource_estimates_of_variational_quantum_algorithms_for_solving_diffe.md,57,111380,success,,2026-04-08T22:25:12
dbe1e9d1911e,dbe1e9d1911e_quantumleap_hybrid_quantum_neural_network_for_financial_predictions.pdf,dbe1e9d1911e_quantumleap_hybrid_quantum_neural_network_for_financial_predictions.md,10,40527,success,,2026-04-09T21:57:25
dc2662e424c1,dc2662e424c1_an_extended_epistemic_framework_beyond_probability_for_quantum_information_proce.pdf,dc2662e424c1_an_extended_epistemic_framework_beyond_probability_for_quantum_information_proce.md,22,63776,success,,2026-04-08T22:25:12
dc60950e60b9,dc60950e60b9_quantum_computing_s_role_in_finance_consumer_behaviour_blockchain_digital_market.pdf,dc60950e60b9_quantum_computing_s_role_in_finance_consumer_behaviour_blockchain_digital_market.md,478,1171463,success,,2026-04-08T22:25:13
dca63675e36a,dca63675e36a_hybrid_quantum_deep_learning_for_financial_market_trend_prediction.pdf,dca63675e36a_hybrid_quantum_deep_learning_for_financial_market_trend_prediction.md,6,28095,success,,2026-04-08T22:25:16
dcc9f218d7a2,dcc9f218d7a2_quantum_computing_for_multidimensional_option_pricing_end_to_end_pipeline.pdf,dcc9f218d7a2_quantum_computing_for_multidimensional_option_pricing_end_to_end_pipeline.md,26,75405,success,,2026-04-08T22:25:16
dd43141323b8,dd43141323b8_applying_qnlp_to_sentiment_analysis_in_finance.pdf,dd43141323b8_applying_qnlp_to_sentiment_analysis_in_finance.md,6,27441,success,,2026-04-08T22:25:16
dd4a45af4eb4,dd4a45af4eb4_wavelet_based_financial_forecast_ensemble_featuring_hybrid_quantum_classical_lst.pdf,dd4a45af4eb4_wavelet_based_financial_forecast_ensemble_featuring_hybrid_quantum_classical_lst.md,13,42547,success,,2026-04-08T22:25:17
dd6b533767c3,dd6b533767c3_factoring_decision_support_system_based_on_optimized_quantum_algorithms_qmc.pdf,dd6b533767c3_factoring_decision_support_system_based_on_optimized_quantum_algorithms_qmc.md,27,52605,success,,2026-04-08T22:25:17
dd846d58c0b9,dd846d58c0b9_transfer_learning_of_optimal_qaoa_parameters_in_combinatorial_optimization.pdf,dd846d58c0b9_transfer_learning_of_optimal_qaoa_parameters_in_combinatorial_optimization.md,15,56144,success,,2026-04-08T22:25:17
dda6a6312022,dda6a6312022_quantum_computing_meets_finance.pdf,dda6a6312022_quantum_computing_meets_finance.md,3,6827,success,,2026-04-08T22:25:18
dda7775da9aa,dda7775da9aa_circuithunt_automated_quantum_circuit_screening_for_superior_credit_card_fraud_d.pdf,dda7775da9aa_circuithunt_automated_quantum_circuit_screening_for_superior_credit_card_fraud_d.md,7,45796,success,,2026-04-08T22:25:18
ddd77f0637f4,ddd77f0637f4_quantum_generative_modeling_for_financial_time_series_with_temporal_correlations.pdf,ddd77f0637f4_quantum_generative_modeling_for_financial_time_series_with_temporal_correlations.md,26,83353,success,,2026-04-08T22:25:18
de580e8c085e,de580e8c085e_qudit_based_scalable_quantum_algorithm_for_solving_the_integer_programming_probl.pdf,de580e8c085e_qudit_based_scalable_quantum_algorithm_for_solving_the_integer_programming_probl.md,20,91233,success,,2026-04-08T22:25:19
de7c20d08bbe,de7c20d08bbe_novel_quantum_circuit_designs_of_random_injection_and_payoff_computation_for_fin.pdf,de7c20d08bbe_novel_quantum_circuit_designs_of_random_injection_and_payoff_computation_for_fin.md,4,22494,success,,2026-04-08T22:25:20
dea554bac8c5,dea554bac8c5_quantum_portfolios.pdf,dea554bac8c5_quantum_portfolios.md,12,19146,success,,2026-04-08T22:25:20
deb2ea7baca5,deb2ea7baca5_mixed_signal_quantum_circuit_design_for_option_pricing_using_design_compiler.pdf,deb2ea7baca5_mixed_signal_quantum_circuit_design_for_option_pricing_using_design_compiler.md,5,24567,success,,2026-04-08T22:25:20
df5489e3b780,df5489e3b780_continuous_variable_quantum_k_means_clustering_with_photonic_gaussian_states.pdf,df5489e3b780_continuous_variable_quantum_k_means_clustering_with_photonic_gaussian_states.md,6,26701,success,,2026-04-08T22:25:20
df5b91d07411,df5b91d07411_hybrid_photonic_quantum_reservoir_computing_for_high_dimensional_financial_surfa.pdf,df5b91d07411_hybrid_photonic_quantum_reservoir_computing_for_high_dimensional_financial_surfa.md,18,39354,success,,2026-04-08T22:25:20
df75588a0f00,df75588a0f00_qaoa_in_qaoa_solving_large_scale_maxcut_problems_on_small_quantum_machines.pdf,df75588a0f00_qaoa_in_qaoa_solving_large_scale_maxcut_problems_on_small_quantum_machines.md,16,64543,success,,2026-04-08T22:25:21
dfca7435a13e,dfca7435a13e_harnessing_bayesian_statistics_to_accelerate_iterative_quantum_amplitude_estimat.pdf,dfca7435a13e_harnessing_bayesian_statistics_to_accelerate_iterative_quantum_amplitude_estimat.md,48,128342,success,,2026-04-08T22:25:21
dfd464e83103,dfd464e83103_corrigendum_to_omnisolver_an_extensible_interface_to_ising_spinglass_and_qubo_so.pdf,dfd464e83103_corrigendum_to_omnisolver_an_extensible_interface_to_ising_spinglass_and_qubo_so.md,8,24497,success,,2026-04-08T22:25:22
dfe7c7ebfb9f,dfe7c7ebfb9f_financial_portfolio_optimization_a_qaoa_and_vqe_formulation_for_sharpe_ratio_max.pdf,dfe7c7ebfb9f_financial_portfolio_optimization_a_qaoa_and_vqe_formulation_for_sharpe_ratio_max.md,7,26987,success,,2026-04-08T22:25:22
dfef8f5777bb,dfef8f5777bb_advancing_computational_efficiency_with_quantum_annealing_in_complex_optimizatio.pdf,dfef8f5777bb_advancing_computational_efficiency_with_quantum_annealing_in_complex_optimizatio.md,5,30007,success,,2026-04-08T22:25:22
e02980089334,e02980089334_a_review_of_routing_and_resource_optimization_in_quantum_networks.pdf,e02980089334_a_review_of_routing_and_resource_optimization_in_quantum_networks.md,25,80147,success,,2026-04-08T22:25:22
e0a04002122e,e0a04002122e_qaoa_based_mrmr_algorithm_for_feature_selection.pdf,e0a04002122e_qaoa_based_mrmr_algorithm_for_feature_selection.md,7,27538,success,,2026-04-08T22:25:23
e0b170657e2b,e0b170657e2b_var_estimation_with_quantum_computing_noise_correction_using_neural_networks.pdf,e0b170657e2b_var_estimation_with_quantum_computing_noise_correction_using_neural_networks.md,19,57693,success,,2026-04-08T22:25:23
e0da2160fe63,e0da2160fe63_time_domain_multiplexed_gaussian_boson_sampling_for_graph_problems_in_finance.pdf,e0da2160fe63_time_domain_multiplexed_gaussian_boson_sampling_for_graph_problems_in_finance.md,10,47015,success,,2026-04-08T22:25:24
e0da2160fe63,e0da2160fe63.pdf,e0da2160fe63.md,10,47015,success,,2026-04-08T22:25:23
e13c1293dd99,e13c1293dd99_predicting_stock_market_volatility_and_market_crash_using_deep_learning_methods.pdf,e13c1293dd99_predicting_stock_market_volatility_and_market_crash_using_deep_learning_methods.md,563,1416456,success,,2026-04-08T22:25:24
e1ab375ffe44,e1ab375ffe44_improving_variational_quantum_optimization_using_cvar.pdf,e1ab375ffe44_improving_variational_quantum_optimization_using_cvar.md,16,58668,success,,2026-04-08T22:25:29
e24892efe307,e24892efe307_cryptanalysis_of_the_quantum_blind_signature_scheme_for_supply_chain_finance_and.pdf,e24892efe307_cryptanalysis_of_the_quantum_blind_signature_scheme_for_supply_chain_finance_and.md,12,60681,success,,2026-04-08T22:25:30
e2976806d26c,e2976806d26c_enhancing_african_market_predictions_integrating_quantum_computing_with_echo_sta.pdf,e2976806d26c_enhancing_african_market_predictions_integrating_quantum_computing_with_echo_sta.md,14,60253,success,,2026-04-08T22:25:30
e366a47d08de,e366a47d08de_quantum_monte_carlo_simulations_for_financial_risk_analytics_scenario_generation.pdf,e366a47d08de_quantum_monte_carlo_simulations_for_financial_risk_analytics_scenario_generation.md,35,83665,success,,2026-04-08T22:25:30
e36d3ea67d07,e36d3ea67d07_quantum_enhanced_probabilistic_databases_a_novel_framework_for_real_time_decisio.pdf,e36d3ea67d07_quantum_enhanced_probabilistic_databases_a_novel_framework_for_real_time_decisio.md,5,26067,success,,2026-04-08T22:25:31
e37b332b43d5,e37b332b43d5_fx_asian_option_pricing_using_quantum_computers.pdf,e37b332b43d5_fx_asian_option_pricing_using_quantum_computers.md,20,47694,success,,2026-04-08T22:25:31
e3ccb8cc6354,e3ccb8cc6354_pricing_multi_asset_derivatives_by_finite_difference_method_on_a_quantum_compute.pdf,e3ccb8cc6354_pricing_multi_asset_derivatives_by_finite_difference_method_on_a_quantum_compute.md,35,78820,success,,2026-04-08T22:25:32
e3f0d48b8da0,e3f0d48b8da0_quantum_cybersecurity_for_the_financial_sector.pdf,e3f0d48b8da0_quantum_cybersecurity_for_the_financial_sector.md,1,3538,success,,2026-04-08T22:25:32
e3f607c31738,e3f607c31738_quantum_portfolio_optimization_with_investment_bands_and_target_volatility.pdf,e3f607c31738_quantum_portfolio_optimization_with_investment_bands_and_target_volatility.md,5,20003,success,,2026-04-08T22:25:32
e40a21367703,e40a21367703_stock_price_prediction_a_comparative_analysis_of_classical_and_quantum_neural_ne.pdf,e40a21367703_stock_price_prediction_a_comparative_analysis_of_classical_and_quantum_neural_ne.md,16,39304,success,,2026-04-08T22:25:32
e4a9bb7f1bbb,e4a9bb7f1bbb_exploring_quantum_machine_learning_algorithms_for_enhanced_data_classification_a.pdf,e4a9bb7f1bbb_exploring_quantum_machine_learning_algorithms_for_enhanced_data_classification_a.md,5,27210,success,,2026-04-08T22:25:33
e4bb7333aaa5,e4bb7333aaa5_variational_quantum_eigensolver_with_linear_depth_problem_inspired_ansatz_for_so.pdf,e4bb7333aaa5_variational_quantum_eigensolver_with_linear_depth_problem_inspired_ansatz_for_so.md,21,82510,success,,2026-04-08T22:25:33
e4f0b279bc74,e4f0b279bc74_algorithms_for_quantum_simulation_at_finite_energies.pdf,e4f0b279bc74_algorithms_for_quantum_simulation_at_finite_energies.md,21,88757,success,,2026-04-08T22:25:33
e4ff7159708b,e4ff7159708b_simulating_the_non_hermitian_dynamics_of_financial_option_pricing_with_quantum_c.pdf,e4ff7159708b_simulating_the_non_hermitian_dynamics_of_financial_option_pricing_with_quantum_c.md,8,29600,success,,2026-04-08T22:25:34
e513378d8c92,e513378d8c92_ai_data_science_and_quantum_neural_networks_in_e_commerce_methods_applications_r.pdf,e513378d8c92_ai_data_science_and_quantum_neural_networks_in_e_commerce_methods_applications_r.md,15,33163,success,,2026-04-08T22:25:35
e52f3f130a75,e52f3f130a75_a_hybrid_graph_based_evolutionary_optimization_model_using_sparseea_agds_for_sec.pdf,e52f3f130a75_a_hybrid_graph_based_evolutionary_optimization_model_using_sparseea_agds_for_sec.md,15,45442,success,,2026-04-08T22:25:35
e53a9047880e,e53a9047880e_hybrid_quantum_classical_neural_network_hqcnn_for_crypto_price_forecasting.pdf,e53a9047880e_hybrid_quantum_classical_neural_network_hqcnn_for_crypto_price_forecasting.md,5,24697,success,,2026-04-08T22:25:35
e667225d4f3c,e667225d4f3c_advancing_financial_prediction_through_quantum_machine_learning.pdf,e667225d4f3c_advancing_financial_prediction_through_quantum_machine_learning.md,7,32896,success,,2026-04-08T22:25:35
e6692a4012cb,e6692a4012cb_response_to_exponential_challenges_in_unbiasing_quantum_monte_carlo_algorithms_w.pdf,e6692a4012cb_response_to_exponential_challenges_in_unbiasing_quantum_monte_carlo_algorithms_w.md,4,13419,success,,2026-04-08T22:25:35
e6d5993eabdd,e6d5993eabdd_toward_practical_quantum_machine_learning_a_novel_hybrid_quantum_lstm_for_fraud_.pdf,e6d5993eabdd_toward_practical_quantum_machine_learning_a_novel_hybrid_quantum_lstm_for_fraud_.md,11,54658,success,,2026-04-08T22:25:35
e6ece474516c,e6ece474516c_warm_starting_quantum_optimization.pdf,e6ece474516c_warm_starting_quantum_optimization.md,20,89693,success,,2026-04-08T22:25:36
e71143fc75ea,e71143fc75ea_quantum_optimization_of_currency_arbitrage_via_graph_informed_entanglement_strat.pdf,e71143fc75ea_quantum_optimization_of_currency_arbitrage_via_graph_informed_entanglement_strat.md,8,33861,success,,2026-04-08T22:25:36
e7e84a5252aa,e7e84a5252aa_quantum_computing_approach_to_realistic_esg_friendly_stock_portfolios.pdf,e7e84a5252aa_quantum_computing_approach_to_realistic_esg_friendly_stock_portfolios.md,12,62332,success,,2026-04-08T22:25:37
e8140e32d73c,e8140e32d73c_solving_large_scale_linear_systems_of_equations_by_a_quantum_hybrid_algorithm_an.pdf,e8140e32d73c_solving_large_scale_linear_systems_of_equations_by_a_quantum_hybrid_algorithm_an.md,1,309,success,,2026-04-09T21:57:35
e82f44de737a,e82f44de737a_application_of_quantum_computing_algorithms_for_optimization_of_tactical_asset_a.pdf,e82f44de737a_application_of_quantum_computing_algorithms_for_optimization_of_tactical_asset_a.md,8,25880,success,,2026-04-08T22:25:37
e8333614ccce,e8333614ccce_cca_sgad_quantum_amplitude_amplification_for_combinatorial_search_on_sparse_grap.pdf,e8333614ccce_cca_sgad_quantum_amplitude_amplification_for_combinatorial_search_on_sparse_grap.md,18,49429,success,,2026-04-08T22:25:38
e884248dc62e,e884248dc62e_clock_quantum_monte_carlo_an_imaginary_time_method_for_real_time_quantum_dynamic.pdf,e884248dc62e_clock_quantum_monte_carlo_an_imaginary_time_method_for_real_time_quantum_dynamic.md,9,38450,success,,2026-04-08T22:25:38
e8b9674d7c5e,e8b9674d7c5e_driving_operational_efficiency_in_finance_through_strategic_automation_and_proce.pdf,e8b9674d7c5e_driving_operational_efficiency_in_finance_through_strategic_automation_and_proce.md,8,36439,success,,2026-04-08T22:25:38
e922f913e80b,e922f913e80b_quantum_algorithm_for_solving_mckean_vlasov_stochastic_differential_equations.pdf,e922f913e80b_quantum_algorithm_for_solving_mckean_vlasov_stochastic_differential_equations.md,32,76394,success,,2026-04-08T22:25:39
e9b892fcd6fc,e9b892fcd6fc_toward_efficient_credit_card_fraud_detection_leveraging_quantum_neural_networks_.pdf,e9b892fcd6fc_toward_efficient_credit_card_fraud_detection_leveraging_quantum_neural_networks_.md,10,47329,success,,2026-04-08T22:25:39
e9e49c657667,e9e49c657667_scenario_based_macroeconomic_and_financial_forecasting_using_quantum_enhanced_mo.pdf,e9e49c657667_scenario_based_macroeconomic_and_financial_forecasting_using_quantum_enhanced_mo.md,3,8450,success,,2026-04-08T22:25:39
ea3050e19cb2,ea3050e19cb2_11_unveiling_intelligence_exploring_variational_quantum_circuits_as_machine_lear.pdf,ea3050e19cb2_11_unveiling_intelligence_exploring_variational_quantum_circuits_as_machine_lear.md,28,70524,success,,2026-04-08T22:25:40
ea3050e19cb2,ea3050e19cb2.pdf,ea3050e19cb2.md,28,70524,success,,2026-04-08T22:25:39
ea4504852540,ea4504852540_quantum_binomial_tree_an_exponential_speedup_for_derivative_pricing.pdf,ea4504852540_quantum_binomial_tree_an_exponential_speedup_for_derivative_pricing.md,25,62510,success,,2026-04-08T22:25:40
ea4b39301625,ea4b39301625_improved_quantum_approximate_optimization_algorithm_based_on_conditional_value_a.pdf,ea4b39301625_improved_quantum_approximate_optimization_algorithm_based_on_conditional_value_a.md,15,27024,success,,2026-04-08T22:25:40
ebbdd376073e,ebbdd376073e_quantum_algorithm_for_copula_based_risk_aggregation_using_orthogonal_series_dens.pdf,ebbdd376073e_quantum_algorithm_for_copula_based_risk_aggregation_using_orthogonal_series_dens.md,9,39194,success,,2026-04-08T22:25:40
ebc26d3b1089,ebc26d3b1089_mining_quantum_software_patterns_in_open_source_projects.pdf,ebc26d3b1089_mining_quantum_software_patterns_in_open_source_projects.md,11,67374,success,,2026-04-08T22:25:41
ebc4087b5ca1,ebc4087b5ca1_quantum_resistant_artificial_intelligence_and_machine_learning_architectures_for.pdf,ebc4087b5ca1_quantum_resistant_artificial_intelligence_and_machine_learning_architectures_for.md,196,464173,success,,2026-04-08T22:25:41
ec46c4209f52,ec46c4209f52_optimal_tuning_of_quantum_generative_adversarial_networks_for_multivariate_distr.pdf,ec46c4209f52_optimal_tuning_of_quantum_generative_adversarial_networks_for_multivariate_distr.md,31,102226,success,,2026-04-08T22:25:42
ecd17525083d,ecd17525083d_quantum_approximate_optimization_algorithm_for_large_scale_portfolio_selection_w.pdf,ecd17525083d_quantum_approximate_optimization_algorithm_for_large_scale_portfolio_selection_w.md,3,9225,success,,2026-04-08T22:25:44
ed02e34c2236,ed02e34c2236_quantum_computing_a_beginner_s_guide_to_future_processing.pdf,ed02e34c2236_quantum_computing_a_beginner_s_guide_to_future_processing.md,5,15470,success,,2026-04-08T22:25:44
ed0de8d44eff,ed0de8d44eff_quantum_thinking_in_finance.pdf,ed0de8d44eff_quantum_thinking_in_finance.md,33,48855,success,,2026-04-08T22:25:44
ed111831958f,ed111831958f_quantum_algorithm_for_calculating_risk_contributions_in_a_credit_portfolio.pdf,ed111831958f_quantum_algorithm_for_calculating_risk_contributions_in_a_credit_portfolio.md,9,42846,success,,2026-04-08T22:25:44
ee8331fcdc90,ee8331fcdc90_designing_pss_and_svc_parameters_simultaneously_through_the_improved_quantum_alg.pdf,ee8331fcdc90_designing_pss_and_svc_parameters_simultaneously_through_the_improved_quantum_alg.md,8,29373,success,,2026-04-08T22:25:44
eedf4aad8fda,eedf4aad8fda_a_survey_on_quantum_computational_finance_for_derivatives_pricing_and_var.pdf,eedf4aad8fda_a_survey_on_quantum_computational_finance_for_derivatives_pricing_and_var.md,27,124649,success,,2026-04-08T22:25:45
ef5568395d8c,ef5568395d8c_financial_performance_analysis_in_european_football_clubs.pdf,ef5568395d8c_financial_performance_analysis_in_european_football_clubs.md,16,47442,success,,2026-04-08T22:25:46
ef887b17024e,ef887b17024e_unveiling_advanced_computational_applications_in_quantum_computing_a_comprehensi.pdf,ef887b17024e_unveiling_advanced_computational_applications_in_quantum_computing_a_comprehensi.md,12,41620,success,,2026-04-08T22:25:46
ef99551dab0f,ef99551dab0f_next_applications_of_quantum_computing_d5_1_review_of_state_of_the_art_for_prici.pdf,ef99551dab0f_next_applications_of_quantum_computing_d5_1_review_of_state_of_the_art_for_prici.md,57,170128,success,,2026-04-08T22:25:46
ef9db5fc8faa,ef9db5fc8faa_reinforcement_learning_meets_quantum_optimization_a_new_paradigm_for_dynamic_por.pdf,ef9db5fc8faa_reinforcement_learning_meets_quantum_optimization_a_new_paradigm_for_dynamic_por.md,10,29961,success,,2026-04-08T22:25:47
f02939adf369,f02939adf369_power_law_amplitude_estimation_for_option_pricing_with_nisq_devices.pdf,f02939adf369_power_law_amplitude_estimation_for_option_pricing_with_nisq_devices.md,7,29693,success,,2026-04-08T22:25:47
f054252b17db,f054252b17db_adaptive_ai_and_quantum_computing_for_real_time_financial_fraud_detection_and_cy.pdf,f054252b17db_adaptive_ai_and_quantum_computing_for_real_time_financial_fraud_detection_and_cy.md,10,31734,success,,2026-04-08T22:25:47
f123e5ead03b,f123e5ead03b_bermudan_option_pricing_by_quantum_amplitude_estimation_and_chebyshev_interpolat.pdf,f123e5ead03b_bermudan_option_pricing_by_quantum_amplitude_estimation_and_chebyshev_interpolat.md,14,60883,success,,2026-04-08T22:25:47
f190da5cb928,f190da5cb928_constraint_aware_quantum_optimization_via_hamming_weight_operators.pdf,f190da5cb928_constraint_aware_quantum_optimization_via_hamming_weight_operators.md,11,45601,success,,2026-04-08T22:25:47
f1cdc4d681b5,f1cdc4d681b5_unraveling_the_effect_of_covid_19_on_the_selection_of_optimal_portfolio_using_hy.pdf,f1cdc4d681b5_unraveling_the_effect_of_covid_19_on_the_selection_of_optimal_portfolio_using_hy.md,3,16988,success,,2026-04-08T22:25:48
f20042024dc6,f20042024dc6_the_potential_of_quantum_techniques_for_stock_price_prediction.pdf,f20042024dc6_the_potential_of_quantum_techniques_for_stock_price_prediction.md,7,29724,success,,2026-04-08T22:25:48
f2dee5528891,f2dee5528891_exploring_quantum_computing_algorithms_for_optimization_problems.pdf,f2dee5528891_exploring_quantum_computing_algorithms_for_optimization_problems.md,5,17541,success,,2026-04-08T22:25:48
f35eb73554d8,f35eb73554d8_quantum_machine_learning_algorithms_and_applications_in_quantum_computing.pdf,f35eb73554d8_quantum_machine_learning_algorithms_and_applications_in_quantum_computing.md,6,20743,success,,2026-04-08T22:25:48
f362fd204c2b,f362fd204c2b_hybrid_classical_quantum_generative_algorithms_for_financial_modelling_and_predi.pdf,f362fd204c2b_hybrid_classical_quantum_generative_algorithms_for_financial_modelling_and_predi.md,11,50101,success,,2026-04-08T22:25:48
f3998e794c14,f3998e794c14_a_review_on_high_frequency_trading_forecasting_methods_opportunity_and_challenge.pdf,f3998e794c14_a_review_on_high_frequency_trading_forecasting_methods_opportunity_and_challenge.md,18,103701,success,,2026-04-08T22:25:48
f3c77d3e6ee0,f3c77d3e6ee0_hybrid_quantum_classical_algorithm_for_robust_optimization_via_stochastic_gradie.pdf,f3c77d3e6ee0_hybrid_quantum_classical_algorithm_for_robust_optimization_via_stochastic_gradie.md,31,69648,success,,2026-04-08T22:25:49
f3cb59fe38ac,f3cb59fe38ac_utilizing_graph_neural_networks_gnn_in_quantum_natural_language_processing_q_nlp.pdf,f3cb59fe38ac_utilizing_graph_neural_networks_gnn_in_quantum_natural_language_processing_q_nlp.md,429,1018080,success,,2026-04-08T22:25:49
f407c516e84f,f407c516e84f_hybrid_quantum_classical_optimization_for_financial_index_tracking.pdf,f407c516e84f_hybrid_quantum_classical_optimization_for_financial_index_tracking.md,26,60303,success,,2026-04-08T22:25:53
f4883fc328d4,f4883fc328d4_error_resilient_quantum_machine_learning_for_real_world_optimization_problems_in.pdf,f4883fc328d4_error_resilient_quantum_machine_learning_for_real_world_optimization_problems_in.md,14,41989,success,,2026-04-08T22:25:54
f4e582f59d68,f4e582f59d68_benchmarking_quantum_models_for_time_series_forecasting.pdf,f4e582f59d68_benchmarking_quantum_models_for_time_series_forecasting.md,5,26963,success,,2026-04-08T22:25:55
f55fea197b67,f55fea197b67_comparative_analysis_of_loan_risk_forecasting_using_quantum_machine_learning_and.pdf,f55fea197b67_comparative_analysis_of_loan_risk_forecasting_using_quantum_machine_learning_and.md,23,48409,success,,2026-04-08T22:25:55
f6c404e63d0f,f6c404e63d0f_solving_subset_sum_problems_using_quantum_inspired_optimization_algorithms_with_.pdf,f6c404e63d0f_solving_subset_sum_problems_using_quantum_inspired_optimization_algorithms_with_.md,6,29316,success,,2026-04-08T22:25:55
f792c5e92b0c,f792c5e92b0c_prospects_and_challenges_of_quantum_finance.pdf,f792c5e92b0c_prospects_and_challenges_of_quantum_finance.md,49,146165,success,,2026-04-08T22:25:55
f85bdc99d9eb,f85bdc99d9eb_quantum_computing_for_finance.pdf,f85bdc99d9eb_quantum_computing_for_finance.md,29,122028,success,,2026-04-08T22:25:56
f8669d109a5f,f8669d109a5f_quantum_computing_the_underlying_principle_behind_it.pdf,f8669d109a5f_quantum_computing_the_underlying_principle_behind_it.md,24,74250,success,,2026-04-08T22:25:56
f88bb4cc0c22,f88bb4cc0c22_systematic_review_on_the_influence_of_classical_and_quantum_machine_learning_in_.pdf,f88bb4cc0c22_systematic_review_on_the_influence_of_classical_and_quantum_machine_learning_in_.md,60,124091,success,,2026-04-08T22:25:56
f90adf90a78a,f90adf90a78a_exploring_quantum_neural_networks_for_demand_forecasting.pdf,f90adf90a78a_exploring_quantum_neural_networks_for_demand_forecasting.md,22,53928,success,,2026-04-08T22:25:57
f92cf78ba56a,f92cf78ba56a_a_comparative_insight_into_peptide_folding_with_quantum_cvar_vqe_algorithm_md_si.pdf,f92cf78ba56a_a_comparative_insight_into_peptide_folding_with_quantum_cvar_vqe_algorithm_md_si.md,19,42974,success,,2026-04-08T22:25:57
f93112e0b03a,f93112e0b03a_universal_quantum_speedup_for_branch_and_bound_branch_and_cut_and_tree_search_al.pdf,f93112e0b03a_universal_quantum_speedup_for_branch_and_bound_branch_and_cut_and_tree_search_al.md,25,88109,success,,2026-04-08T22:25:57
f94276561f48,f94276561f48_generative_learning_with_qopula_circuits.pdf,f94276561f48_generative_learning_with_qopula_circuits.md,6,34900,success,,2026-04-08T22:25:58
f96f14134a21,f96f14134a21_hybrid_quantum_neural_networks_with_amplitude_encoding_advancing_recovery_rate_p.pdf,f96f14134a21_hybrid_quantum_neural_networks_with_amplitude_encoding_advancing_recovery_rate_p.md,66,153107,success,,2026-04-08T22:25:58
f9e5b6ee139d,f9e5b6ee139d_quantum_multiple_kernel_learning_in_financial_classification_tasks.pdf,f9e5b6ee139d_quantum_multiple_kernel_learning_in_financial_classification_tasks.md,15,51011,success,,2026-04-08T22:25:59
f9f0249a4f6d,f9f0249a4f6d_advanced_equivalence_checking_for_quantum_circuits.pdf,f9f0249a4f6d_advanced_equivalence_checking_for_quantum_circuits.md,14,86265,success,,2026-04-08T22:25:59
fbaaa4d89d56,fbaaa4d89d56_quantum_implementation_of_risk_analysis_relevant_copulas.pdf,fbaaa4d89d56_quantum_implementation_of_risk_analysis_relevant_copulas.md,15,55989,success,,2026-04-08T22:25:59
fbec16f60f72,fbec16f60f72_exponential_improvement_on_asian_option_pricing_through_quantum_preconditioning_.pdf,fbec16f60f72_exponential_improvement_on_asian_option_pricing_through_quantum_preconditioning_.md,26,69464,success,,2026-04-08T22:26:00
fc82cb4fddfa,fc82cb4fddfa_quadratic_unconstrained_binary_optimization_approach_for_incorporating_solvency.pdf,fc82cb4fddfa_quadratic_unconstrained_binary_optimization_approach_for_incorporating_solvency.md,17,57077,success,,2026-04-08T22:26:00
fd31c17753a0,fd31c17753a0_financial_fraud_detection_using_a_hybrid_deep_belief_network_and_quantum_optimiz.pdf,fd31c17753a0_financial_fraud_detection_using_a_hybrid_deep_belief_network_and_quantum_optimiz.md,32,119371,success,,2026-04-08T22:26:00
fd5b3f400773,fd5b3f400773_quantum_computing_and_the_future_of_finance_exploring_how_quantum_technology_imp.pdf,fd5b3f400773_quantum_computing_and_the_future_of_finance_exploring_how_quantum_technology_imp.md,10,46206,success,,2026-04-08T22:26:01
fd6d12958e8e,fd6d12958e8e_quantum_computing_for_cryptography_breaking_encryption_algorithms.pdf,fd6d12958e8e_quantum_computing_for_cryptography_breaking_encryption_algorithms.md,12,26437,success,,2026-04-08T22:26:01
fdc49be32988,fdc49be32988_coherent_feed_forward_quantum_neural_network.pdf,fdc49be32988_coherent_feed_forward_quantum_neural_network.md,13,56552,success,,2026-04-08T22:26:01
fddc282dba6f,fddc282dba6f_portfolio_construction_using_a_sampling_based_variational_quantum_scheme.pdf,fddc282dba6f_portfolio_construction_using_a_sampling_based_variational_quantum_scheme.md,7,34772,success,,2026-04-08T22:26:01
fe91ad8edae4,fe91ad8edae4_eaqga_a_quantum_enhanced_genetic_algorithm_with_novel_entanglement_aware_crossov.pdf,fe91ad8edae4_eaqga_a_quantum_enhanced_genetic_algorithm_with_novel_entanglement_aware_crossov.md,9,46624,success,,2026-04-08T22:26:02
fecff5249e72,fecff5249e72_quantum_enhanced_analysis_of_discrete_stochastic_processes.pdf,fecff5249e72_quantum_enhanced_analysis_of_discrete_stochastic_processes.md,9,57327,success,,2026-04-08T22:26:02
ff36740b3b52,ff36740b3b52_quantum_powered_credit_risk_assessment_a_novel_approach_using_hybrid_quantum_cla.pdf,ff36740b3b52_quantum_powered_credit_risk_assessment_a_novel_approach_using_hybrid_quantum_cla.md,27,76373,success,,2026-04-08T22:26:02
ff46fac9e8e5,ff46fac9e8e5_hqnn_fsp_a_hybrid_classical_quantum_neural_network_for_regression_based_financia.pdf,ff46fac9e8e5_hqnn_fsp_a_hybrid_classical_quantum_neural_network_for_regression_based_financia.md,11,64216,success,,2026-04-08T22:26:03
ff62c3dd3f66,ff62c3dd3f66_hybrid_quantum_classical_ensemble_learning_for_s_p_500_directional_prediction.pdf,ff62c3dd3f66_hybrid_quantum_classical_ensemble_learning_for_s_p_500_directional_prediction.md,17,68531,success,,2026-04-08T22:26:03
ff9590d2d73c,ff9590d2d73c_qpanda_high_performance_quantum_computing_framework_for_multiple_application_sce.pdf,ff9590d2d73c_qpanda_high_performance_quantum_computing_framework_for_multiple_application_sce.md,23,63598,success,,2026-04-08T22:26:03
ff9ec9ec394a,ff9ec9ec394a_advancements_in_quantum_computing_and_information_science.pdf,ff9ec9ec394a_advancements_in_quantum_computing_and_information_science.md,46,82210,success,,2026-04-08T22:26:04
