series_kind,entity_id,m_precision_qubits,scenario_id,classical_algorithm_family,classical_target_kappa,n_value,projected_seconds,projected_repetitions,source_max_success_n,fit_exponent,fit_r2,projection_status
hhl_projection,hhl_s1_fixed_m,4,state_preparation_only,,,20.000000000000004,0.08327949614202725,1.0,10000,1.0965541176759857,0.9981055945156931,inside_observed_success_range
hhl_projection,hhl_s1_fixed_m,4,single_scalar_observable_sampling,,,20.000000000000004,832.7949614202724,10000.0,10000,1.0965541176759857,0.9981055945156931,inside_observed_success_range
hhl_projection,hhl_s1_fixed_m,4,full_vector_readout_lower_bound,,,20.000000000000004,1.6655899228405453,20.000000000000004,10000,1.0965541176759857,0.9981055945156931,inside_observed_success_range
hhl_projection,hhl_s1_fixed_m,4,full_vector_tomography_proxy,,,20.000000000000004,16655.89922840545,200000.00000000003,10000,1.0965541176759857,0.9981055945156931,inside_observed_success_range
hhl_projection,hhl_s1_fixed_m,4,state_preparation_only,,,21.47112230040726,0.09002001801584734,1.0,10000,1.0965541176759857,0.9981055945156931,inside_observed_success_range
hhl_projection,hhl_s1_fixed_m,4,single_scalar_observable_sampling,,,21.47112230040726,900.2001801584735,10000.0,10000,1.0965541176759857,0.9981055945156931,inside_observed_success_range
hhl_projection,hhl_s1_fixed_m,4,full_vector_readout_lower_bound,,,21.47112230040726,1.9328308163031231,21.47112230040726,10000,1.0965541176759857,0.9981055945156931,inside_observed_success_range
hhl_projection,hhl_s1_fixed_m,4,full_vector_tomography_proxy,,,21.47112230040726,19328.30816303123,214711.22300407258,10000,1.0965541176759857,0.9981055945156931,inside_observed_success_range
hhl_projection,hhl_s1_fixed_m,4,state_preparation_only,,,23.050454641952303,0.09730610797348449,1.0,10000,1.0965541176759857,0.9981055945156931,inside_observed_success_range
hhl_projection,hhl_s1_fixed_m,4,single_scalar_observable_sampling,,,23.050454641952303,973.061079734845,10000.0,10000,1.0965541176759857,0.9981055945156931,inside_observed_success_range
hhl_projection,hhl_s1_fixed_m,4,full_vector_readout_lower_bound,,,23.050454641952303,2.2429500282277175,23.050454641952303,10000,1.0965541176759857,0.9981055945156931,inside_observed_success_range
hhl_projection,hhl_s1_fixed_m,4,full_vector_tomography_proxy,,,23.050454641952303,22429.500282277175,230504.54641952302,10000,1.0965541176759857,0.9981055945156931,inside_observed_success_range
hhl_projection,hhl_s1_fixed_m,4,state_preparation_only,,,24.7459565348674,0.10518192350595357,1.0,10000,1.0965541176759857,0.9981055945156931,inside_observed_success_range
hhl_projection,hhl_s1_fixed_m,4,single_scalar_observable_sampling,,,24.7459565348674,1051.8192350595357,10000.0,10000,1.0965541176759857,0.9981055945156931,inside_observed_success_range
hhl_projection,hhl_s1_fixed_m,4,full_vector_readout_lower_bound,,,24.7459565348674,2.6028273073320745,24.7459565348674,10000,1.0965541176759857,0.9981055945156931,inside_observed_success_range
hhl_projection,hhl_s1_fixed_m,4,full_vector_tomography_proxy,,,24.7459565348674,26028.273073320746,247459.565348674,10000,1.0965541176759857,0.9981055945156931,inside_observed_success_range
hhl_projection,hhl_s1_fixed_m,4,state_preparation_only,,,26.56617296003502,0.11369519614767615,1.0,10000,1.0965541176759857,0.9981055945156931,inside_observed_success_range
hhl_projection,hhl_s1_fixed_m,4,single_scalar_observable_sampling,,,26.56617296003502,1136.9519614767614,10000.0,10000,1.0965541176759857,0.9981055945156931,inside_observed_success_range
hhl_projection,hhl_s1_fixed_m,4,full_vector_readout_lower_bound,,,26.56617296003502,3.0204462455842718,26.56617296003502,10000,1.0965541176759857,0.9981055945156931,inside_observed_success_range
hhl_projection,hhl_s1_fixed_m,4,full_vector_tomography_proxy,,,26.56617296003502,30204.462455842717,265661.7296003502,10000,1.0965541176759857,0.9981055945156931,inside_observed_success_range
hhl_projection,hhl_s1_fixed_m,4,state_preparation_only,,,28.520277433934204,0.12289752075438008,1.0,10000,1.0965541176759857,0.9981055945156931,inside_observed_success_range
hhl_projection,hhl_s1_fixed_m,4,single_scalar_observable_sampling,,,28.520277433934204,1228.975207543801,10000.0,10000,1.0965541176759857,0.9981055945156931,inside_observed_success_range
hhl_projection,hhl_s1_fixed_m,4,full_vector_readout_lower_bound,,,28.520277433934204,3.505071387857607,28.520277433934204,10000,1.0965541176759857,0.9981055945156931,inside_observed_success_range
hhl_projection,hhl_s1_fixed_m,4,full_vector_tomography_proxy,,,28.520277433934204,35050.71387857607,285202.774339342,10000,1.0965541176759857,0.9981055945156931,inside_observed_success_range
hhl_projection,hhl_s1_fixed_m,4,state_preparation_only,,,30.61811824127734,0.13284466819473448,1.0,10000,1.0965541176759857,0.9981055945156931,inside_observed_success_range
hhl_projection,hhl_s1_fixed_m,4,single_scalar_observable_sampling,,,30.61811824127734,1328.4466819473448,10000.0,10000,1.0965541176759857,0.9981055945156931,inside_observed_success_range
hhl_projection,hhl_s1_fixed_m,4,full_vector_readout_lower_bound,,,30.61811824127734,4.067453758509635,30.61811824127734,10000,1.0965541176759857,0.9981055945156931,inside_observed_success_range
hhl_projection,hhl_s1_fixed_m,4,full_vector_tomography_proxy,,,30.61811824127734,40674.53758509635,306181.18241277337,10000,1.0965541176759857,0.9981055945156931,inside_observed_success_range
hhl_projection,hhl_s1_fixed_m,4,state_preparation_only,,,32.870268068339804,0.14359692335079202,1.0,10000,1.0965541176759857,0.9981055945156931,inside_observed_success_range
hhl_projection,hhl_s1_fixed_m,4,single_scalar_observable_sampling,,,32.870268068339804,1435.9692335079203,10000.0,10000,1.0965541176759857,0.9981055945156931,inside_observed_success_range
hhl_projection,hhl_s1_fixed_m,4,full_vector_readout_lower_bound,,,32.870268068339804,4.720069364329378,32.870268068339804,10000,1.0965541176759857,0.9981055945156931,inside_observed_success_range
hhl_projection,hhl_s1_fixed_m,4,full_vector_tomography_proxy,,,32.870268068339804,47200.69364329377,328702.68068339804,10000,1.0965541176759857,0.9981055945156931,inside_observed_success_range
hhl_projection,hhl_s1_fixed_m,4,state_preparation_only,,,35.28807728712478,0.15521945047569888,1.0,10000,1.0965541176759857,0.9981055945156931,inside_observed_success_range
hhl_projection,hhl_s1_fixed_m,4,single_scalar_observable_sampling,,,35.28807728712478,1552.1945047569889,10000.0,10000,1.0965541176759857,0.9981055945156931,inside_observed_success_range
hhl_projection,hhl_s1_fixed_m,4,full_vector_readout_lower_bound,,,35.28807728712478,5.477395964851499,35.28807728712478,10000,1.0965541176759857,0.9981055945156931,inside_observed_success_range
hhl_projection,hhl_s1_fixed_m,4,full_vector_tomography_proxy,,,35.28807728712478,54773.95964851499,352880.7728712478,10000,1.0965541176759857,0.9981055945156931,inside_observed_success_range
hhl_projection,hhl_s1_fixed_m,4,state_preparation_only,,,37.883731158903984,0.16778268812292801,1.0,10000,1.0965541176759857,0.9981055945156931,inside_observed_success_range
hhl_projection,hhl_s1_fixed_m,4,single_scalar_observable_sampling,,,37.883731158903984,1677.8268812292802,10000.0,10000,1.0965541176759857,0.9981055945156931,inside_observed_success_range
hhl_projection,hhl_s1_fixed_m,4,full_vector_readout_lower_bound,,,37.883731158903984,6.356234249967238,37.883731158903984,10000,1.0965541176759857,0.9981055945156931,inside_observed_success_range
hhl_projection,hhl_s1_fixed_m,4,full_vector_tomography_proxy,,,37.883731158903984,63562.34249967237,378837.3115890398,10000,1.0965541176759857,0.9981055945156931,inside_observed_success_range
hhl_projection,hhl_s1_fixed_m,4,state_preparation_only,,,40.67031124542884,0.18136277604051343,1.0,10000,1.0965541176759857,0.9981055945156931,inside_observed_success_range
hhl_projection,hhl_s1_fixed_m,4,single_scalar_observable_sampling,,,40.67031124542884,1813.6277604051343,10000.0,10000,1.0965541176759857,0.9981055945156931,inside_observed_success_range
hhl_projection,hhl_s1_fixed_m,4,full_vector_readout_lower_bound,,,40.67031124542884,7.376080549902686,40.67031124542884,10000,1.0965541176759857,0.9981055945156931,inside_observed_success_range
hhl_projection,hhl_s1_fixed_m,4,full_vector_tomography_proxy,,,40.67031124542884,73760.80549902686,406703.1124542884,10000,1.0965541176759857,0.9981055945156931,inside_observed_success_range
hhl_projection,hhl_s1_fixed_m,4,state_preparation_only,,,43.661861337311564,0.19604201661748547,1.0,10000,1.0965541176759857,0.9981055945156931,inside_observed_success_range
hhl_projection,hhl_s1_fixed_m,4,single_scalar_observable_sampling,,,43.661861337311564,1960.4201661748546,10000.0,10000,1.0965541176759857,0.9981055945156931,inside_observed_success_range
hhl_projection,hhl_s1_fixed_m,4,full_vector_readout_lower_bound,,,43.661861337311564,8.55955934583958,43.661861337311564,10000,1.0965541176759857,0.9981055945156931,inside_observed_success_range
hhl_projection,hhl_s1_fixed_m,4,full_vector_tomography_proxy,,,43.661861337311564,85595.59345839579,436618.6133731156,10000,1.0965541176759857,0.9981055945156931,inside_observed_success_range
hhl_projection,hhl_s1_fixed_m,4,state_preparation_only,,,46.873458231842,0.21190937367911303,1.0,10000,1.0965541176759857,0.9981055945156931,inside_observed_success_range
hhl_projection,hhl_s1_fixed_m,4,single_scalar_observable_sampling,,,46.873458231842,2119.09373679113,10000.0,10000,1.0965541176759857,0.9981055945156931,inside_observed_success_range
hhl_projection,hhl_s1_fixed_m,4,full_vector_readout_lower_bound,,,46.873458231842,9.932925176083703,46.873458231842,10000,1.0965541176759857,0.9981055945156931,inside_observed_success_range
hhl_projection,hhl_s1_fixed_m,4,full_vector_tomography_proxy,,,46.873458231842,99329.25176083703,468734.58231842,10000,1.0965541176759857,0.9981055945156931,inside_observed_success_range
hhl_projection,hhl_s1_fixed_m,4,state_preparation_only,,,50.32128771694554,0.22906101165391032,1.0,10000,1.0965541176759857,0.9981055945156931,inside_observed_success_range
hhl_projection,hhl_s1_fixed_m,4,single_scalar_observable_sampling,,,50.32128771694554,2290.6101165391033,10000.0,10000,1.0965541176759857,0.9981055945156931,inside_observed_success_range
hhl_projection,hhl_s1_fixed_m,4,full_vector_readout_lower_bound,,,50.32128771694554,11.526645072171037,50.32128771694554,10000,1.0965541176759857,0.9981055945156931,inside_observed_success_range
hhl_projection,hhl_s1_fixed_m,4,full_vector_tomography_proxy,,,50.32128771694554,115266.45072171037,503212.8771694554,10000,1.0965541176759857,0.9981055945156931,inside_observed_success_range
hhl_projection,hhl_s1_fixed_m,4,state_preparation_only,,,54.022726144225956,0.24760087838004174,1.0,10000,1.0965541176759857,0.9981055945156931,inside_observed_success_range
hhl_projection,hhl_s1_fixed_m,4,single_scalar_observable_sampling,,,54.022726144225956,2476.0087838004174,10000.0,10000,1.0965541176759857,0.9981055945156931,inside_observed_success_range
hhl_projection,hhl_s1_fixed_m,4,full_vector_readout_lower_bound,,,54.022726144225956,13.376074445794792,54.022726144225956,10000,1.0965541176759857,0.9981055945156931,inside_observed_success_range
hhl_projection,hhl_s1_fixed_m,4,full_vector_tomography_proxy,,,54.022726144225956,133760.7444579479,540227.2614422595,10000,1.0965541176759857,0.9981055945156931,inside_observed_success_range
hhl_projection,hhl_s1_fixed_m,4,state_preparation_only,,,57.99642800220423,0.26764133508323135,1.0,10000,1.0965541176759857,0.9981055945156931,inside_observed_success_range
hhl_projection,hhl_s1_fixed_m,4,single_scalar_observable_sampling,,,57.99642800220423,2676.4133508323134,10000.0,10000,1.0965541176759857,0.9981055945156931,inside_observed_success_range
hhl_projection,hhl_s1_fixed_m,4,full_vector_readout_lower_bound,,,57.99642800220423,15.522241420568445,57.99642800220423,10000,1.0965541176759857,0.9981055945156931,inside_observed_success_range
hhl_projection,hhl_s1_fixed_m,4,full_vector_tomography_proxy,,,57.99642800220423,155222.41420568444,579964.2800220423,10000,1.0965541176759857,0.9981055945156931,inside_observed_success_range
hhl_projection,hhl_s1_fixed_m,4,state_preparation_only,,,62.26241993110458,0.2893038373441758,1.0,10000,1.0965541176759857,0.9981055945156931,inside_observed_success_range
hhl_projection,hhl_s1_fixed_m,4,single_scalar_observable_sampling,,,62.26241993110458,2893.0383734417583,10000.0,10000,1.0965541176759857,0.9981055945156931,inside_observed_success_range
hhl_projection,hhl_s1_fixed_m,4,full_vector_readout_lower_bound,,,62.26241993110458,18.01275700840305,62.26241993110458,10000,1.0965541176759857,0.9981055945156931,inside_observed_success_range
hhl_projection,hhl_s1_fixed_m,4,full_vector_tomography_proxy,,,62.26241993110458,180127.5700840305,622624.1993110458,10000,1.0965541176759857,0.9981055945156931,inside_observed_success_range
hhl_projection,hhl_s1_fixed_m,4,state_preparation_only,,,66.84220165300304,0.3127196711824695,1.0,10000,1.0965541176759857,0.9981055945156931,inside_observed_success_range
hhl_projection,hhl_s1_fixed_m,4,single_scalar_observable_sampling,,,66.84220165300304,3127.1967118246953,10000.0,10000,1.0965541176759857,0.9981055945156931,inside_observed_success_range
hhl_projection,hhl_s1_fixed_m,4,full_vector_readout_lower_bound,,,66.84220165300304,20.90287132203943,66.84220165300304,10000,1.0965541176759857,0.9981055945156931,inside_observed_success_range
hhl_projection,hhl_s1_fixed_m,4,full_vector_tomography_proxy,,,66.84220165300304,209028.7132203943,668422.0165300304,10000,1.0965541176759857,0.9981055945156931,inside_observed_success_range
hhl_projection,hhl_s1_fixed_m,4,state_preparation_only,,,71.75885432600562,0.3380307487181021,1.0,10000,1.0965541176759857,0.9981055945156931,inside_observed_success_range
hhl_projection,hhl_s1_fixed_m,4,single_scalar_observable_sampling,,,71.75885432600562,3380.3074871810213,10000.0,10000,1.0965541176759857,0.9981055945156931,inside_observed_success_range
hhl_projection,hhl_s1_fixed_m,4,full_vector_readout_lower_bound,,,71.75885432600562,24.2566992549729,71.75885432600562,10000,1.0965541176759857,0.9981055945156931,inside_observed_success_range
hhl_projection,hhl_s1_fixed_m,4,full_vector_tomography_proxy,,,71.75885432600562,242566.992549729,717588.5432600562,10000,1.0965541176759857,0.9981055945156931,inside_observed_success_range
hhl_projection,hhl_s1_fixed_m,4,state_preparation_only,,,77.03715686853877,0.3653904682326433,1.0,10000,1.0965541176759857,0.9981055945156931,inside_observed_success_range
hhl_projection,hhl_s1_fixed_m,4,single_scalar_observable_sampling,,,77.03715686853877,3653.904682326433,10000.0,10000,1.0965541176759857,0.9981055945156931,inside_observed_success_range
hhl_projection,hhl_s1_fixed_m,4,full_vector_readout_lower_bound,,,77.03715686853877,28.148642819506975,77.03715686853877,10000,1.0965541176759857,0.9981055945156931,inside_observed_success_range
hhl_projection,hhl_s1_fixed_m,4,full_vector_tomography_proxy,,,77.03715686853877,281486.4281950698,770371.5686853877,10000,1.0965541176759857,0.9981055945156931,inside_observed_success_range
hhl_projection,hhl_s1_fixed_m,4,state_preparation_only,,,82.70371084000278,0.3949646438425337,1.0,10000,1.0965541176759857,0.9981055945156931,inside_observed_success_range
hhl_projection,hhl_s1_fixed_m,4,single_scalar_observable_sampling,,,82.70371084000278,3949.6464384253372,10000.0,10000,1.0965541176759857,0.9981055945156931,inside_observed_success_range
hhl_projection,hhl_s1_fixed_m,4,full_vector_readout_lower_bound,,,82.70371084000278,32.66504169637759,82.70371084000278,10000,1.0965541176759857,0.9981055945156931,inside_observed_success_range
hhl_projection,hhl_s1_fixed_m,4,full_vector_tomography_proxy,,,82.70371084000278,326650.41696377593,827037.1084000278,10000,1.0965541176759857,0.9981055945156931,inside_observed_success_range
hhl_projection,hhl_s1_fixed_m,4,state_preparation_only,,,88.78707450716085,0.4269325104187902,1.0,10000,1.0965541176759857,0.9981055945156931,inside_observed_success_range
hhl_projection,hhl_s1_fixed_m,4,single_scalar_observable_sampling,,,88.78707450716085,4269.325104187902,10000.0,10000,1.0965541176759857,0.9981055945156931,inside_observed_success_range
hhl_projection,hhl_s1_fixed_m,4,full_vector_readout_lower_bound,,,88.78707450716085,37.90608861208236,88.78707450716085,10000,1.0965541176759857,0.9981055945156931,inside_observed_success_range
hhl_projection,hhl_s1_fixed_m,4,full_vector_tomography_proxy,,,88.78707450716085,379060.8861208235,887870.7450716085,10000,1.0965541176759857,0.9981055945156931,inside_observed_success_range
hhl_projection,hhl_s1_fixed_m,4,state_preparation_only,,,95.31790677193109,0.4614878098434532,1.0,10000,1.0965541176759857,0.9981055945156931,inside_observed_success_range
hhl_projection,hhl_s1_fixed_m,4,single_scalar_observable_sampling,,,95.31790677193109,4614.878098434532,10000.0,10000,1.0965541176759857,0.9981055945156931,inside_observed_success_range
hhl_projection,hhl_s1_fixed_m,4,full_vector_readout_lower_bound,,,95.31790677193109,43.98805203504094,95.31790677193109,10000,1.0965541176759857,0.9981055945156931,inside_observed_success_range
hhl_projection,hhl_s1_fixed_m,4,full_vector_tomography_proxy,,,95.31790677193109,439880.5203504094,953179.0677193109,10000,1.0965541176759857,0.9981055945156931,inside_observed_success_range
hhl_projection,hhl_s1_fixed_m,4,state_preparation_only,,,102.32912168594753,0.4988399651860613,1.0,10000,1.0965541176759857,0.9981055945156931,inside_observed_success_range
hhl_projection,hhl_s1_fixed_m,4,single_scalar_observable_sampling,,,102.32912168594753,4988.399651860613,10000.0,10000,1.0965541176759857,0.9981055945156931,inside_observed_success_range
hhl_projection,hhl_s1_fixed_m,4,full_vector_readout_lower_bound,,,102.32912168594753,51.045855499338295,102.32912168594753,10000,1.0965541176759857,0.9981055945156931,inside_observed_success_range
hhl_projection,hhl_s1_fixed_m,4,full_vector_tomography_proxy,,,102.32912168594753,510458.5549933829,1023291.2168594752,10000,1.0965541176759857,0.9981055945156931,inside_observed_success_range
hhl_projection,hhl_s1_fixed_m,4,state_preparation_only,,,109.85605433061183,0.5392153499162712,1.0,10000,1.0965541176759857,0.9981055945156931,inside_observed_success_range
hhl_projection,hhl_s1_fixed_m,4,single_scalar_observable_sampling,,,109.85605433061183,5392.153499162712,10000.0,10000,1.0965541176759857,0.9981055945156931,inside_observed_success_range
hhl_projection,hhl_s1_fixed_m,4,full_vector_readout_lower_bound,,,109.85605433061183,59.23607077630175,109.85605433061183,10000,1.0965541176759857,0.9981055945156931,inside_observed_success_range
hhl_projection,hhl_s1_fixed_m,4,full_vector_tomography_proxy,,,109.85605433061183,592360.7077630175,1098560.543306118,10000,1.0965541176759857,0.9981055945156931,inside_observed_success_range
hhl_projection,hhl_s1_fixed_m,4,state_preparation_only,,,117.93663889863747,0.5828586598447031,1.0,10000,1.0965541176759857,0.9981055945156931,inside_observed_success_range
hhl_projection,hhl_s1_fixed_m,4,single_scalar_observable_sampling,,,117.93663889863747,5828.586598447031,10000.0,10000,1.0965541176759857,0.9981055945156931,inside_observed_success_range
hhl_projection,hhl_s1_fixed_m,4,full_vector_readout_lower_bound,,,117.93663889863747,68.74039129504851,117.93663889863747,10000,1.0965541176759857,0.9981055945156931,inside_observed_success_range
hhl_projection,hhl_s1_fixed_m,4,full_vector_tomography_proxy,,,117.93663889863747,687403.9129504851,1179366.3889863747,10000,1.0965541176759857,0.9981055945156931,inside_observed_success_range
hhl_projection,hhl_s1_fixed_m,4,state_preparation_only,,,126.6115998745807,0.6300343961067062,1.0,10000,1.0965541176759857,0.9981055945156931,inside_observed_success_range
hhl_projection,hhl_s1_fixed_m,4,single_scalar_observable_sampling,,,126.6115998745807,6300.343961067062,10000.0,10000,1.0965541176759857,0.9981055945156931,inside_observed_success_range
hhl_projection,hhl_s1_fixed_m,4,full_vector_readout_lower_bound,,,126.6115998745807,79.76966286708537,126.6115998745807,10000,1.0965541176759857,0.9981055945156931,inside_observed_success_range
hhl_projection,hhl_s1_fixed_m,4,full_vector_tomography_proxy,,,126.6115998745807,797696.6286708537,1266115.998745807,10000,1.0965541176759857,0.9981055945156931,inside_observed_success_range
hhl_projection,hhl_s1_fixed_m,4,state_preparation_only,,,135.9246572778676,0.6810284681766644,1.0,10000,1.0965541176759857,0.9981055945156931,inside_observed_success_range
hhl_projection,hhl_s1_fixed_m,4,single_scalar_observable_sampling,,,135.9246572778676,6810.284681766644,10000.0,10000,1.0965541176759857,0.9981055945156931,inside_observed_success_range
hhl_projection,hhl_s1_fixed_m,4,full_vector_readout_lower_bound,,,135.9246572778676,92.56856113338426,135.9246572778676,10000,1.0965541176759857,0.9981055945156931,inside_observed_success_range
hhl_projection,hhl_s1_fixed_m,4,full_vector_tomography_proxy,,,135.9246572778676,925685.6113338426,1359246.572778676,10000,1.0965541176759857,0.9981055945156931,inside_observed_success_range
hhl_projection,hhl_s1_fixed_m,4,state_preparation_only,,,145.92274700270173,0.7361499266279764,1.0,10000,1.0965541176759857,0.9981055945156931,inside_observed_success_range
hhl_projection,hhl_s1_fixed_m,4,single_scalar_observable_sampling,,,145.92274700270173,7361.499266279764,10000.0,10000,1.0965541176759857,0.9981055945156931,inside_observed_success_range
hhl_projection,hhl_s1_fixed_m,4,full_vector_readout_lower_bound,,,145.92274700270173,107.42101949939163,145.92274700270173,10000,1.0965541176759857,0.9981055945156931,inside_observed_success_range
hhl_projection,hhl_s1_fixed_m,4,full_vector_tomography_proxy,,,145.92274700270173,1074210.1949939164,1459227.4700270172,10000,1.0965541176759857,0.9981055945156931,inside_observed_success_range
hhl_projection,hhl_s1_fixed_m,4,state_preparation_only,,,156.65625736531982,0.7957328361401168,1.0,10000,1.0965541176759857,0.9981055945156931,inside_observed_success_range
hhl_projection,hhl_s1_fixed_m,4,single_scalar_observable_sampling,,,156.65625736531982,7957.328361401168,10000.0,10000,1.0965541176759857,0.9981055945156931,inside_observed_success_range
hhl_projection,hhl_s1_fixed_m,4,full_vector_readout_lower_bound,,,156.65625736531982,124.656527972402,156.65625736531982,10000,1.0965541176759857,0.9981055945156931,inside_observed_success_range
hhl_projection,hhl_s1_fixed_m,4,full_vector_tomography_proxy,,,156.65625736531982,1246565.27972402,1566562.573653198,10000,1.0965541176759857,0.9981055945156931,inside_observed_success_range
hhl_projection,hhl_s1_fixed_m,4,state_preparation_only,,,168.17928305074292,0.860138300104165,1.0,10000,1.0965541176759857,0.9981055945156931,inside_observed_success_range
hhl_projection,hhl_s1_fixed_m,4,single_scalar_observable_sampling,,,168.17928305074292,8601.38300104165,10000.0,10000,1.0965541176759857,0.9981055945156931,inside_observed_success_range
hhl_projection,hhl_s1_fixed_m,4,full_vector_readout_lower_bound,,,168.17928305074292,144.65744263600322,168.17928305074292,10000,1.0965541176759857,0.9981055945156931,inside_observed_success_range
hhl_projection,hhl_s1_fixed_m,4,full_vector_tomography_proxy,,,168.17928305074292,1446574.4263600323,1681792.830507429,10000,1.0965541176759857,0.9981055945156931,inside_observed_success_range
hhl_projection,hhl_s1_fixed_m,4,state_preparation_only,,,180.5498977388656,0.9297566490969935,1.0,10000,1.0965541176759857,0.9981055945156931,inside_observed_success_range
hhl_projection,hhl_s1_fixed_m,4,single_scalar_observable_sampling,,,180.5498977388656,9297.566490969935,10000.0,10000,1.0965541176759857,0.9981055945156931,inside_observed_success_range
hhl_projection,hhl_s1_fixed_m,4,full_vector_readout_lower_bound,,,180.5498977388656,167.86746791649253,180.5498977388656,10000,1.0965541176759857,0.9981055945156931,inside_observed_success_range
hhl_projection,hhl_s1_fixed_m,4,full_vector_tomography_proxy,,,180.5498977388656,1678674.6791649254,1805498.977388656,10000,1.0965541176759857,0.9981055945156931,inside_observed_success_range
hhl_projection,hhl_s1_fixed_m,4,state_preparation_only,,,193.83044678386045,1.0050098064873807,1.0,10000,1.0965541176759857,0.9981055945156931,inside_observed_success_range
hhl_projection,hhl_s1_fixed_m,4,single_scalar_observable_sampling,,,193.83044678386045,10050.098064873808,10000.0,10000,1.0965541176759857,0.9981055945156931,inside_observed_success_range
hhl_projection,hhl_s1_fixed_m,4,full_vector_readout_lower_bound,,,193.83044678386045,194.80149981361012,193.83044678386045,10000,1.0965541176759857,0.9981055945156931,inside_observed_success_range
hhl_projection,hhl_s1_fixed_m,4,full_vector_tomography_proxy,,,193.83044678386045,1948014.9981361013,1938304.4678386045,10000,1.0965541176759857,0.9981055945156931,inside_observed_success_range
hhl_projection,hhl_s1_fixed_m,4,state_preparation_only,,,208.08786142194228,1.0863538455108488,1.0,10000,1.0965541176759857,0.9981055945156931,inside_observed_success_range
hhl_projection,hhl_s1_fixed_m,4,single_scalar_observable_sampling,,,208.08786142194228,10863.538455108488,10000.0,10000,1.0965541176759857,0.9981055945156931,inside_observed_success_range
hhl_projection,hhl_s1_fixed_m,4,full_vector_readout_lower_bound,,,208.08786142194228,226.0570484598556,208.08786142194228,10000,1.0965541176759857,0.9981055945156931,inside_observed_success_range
hhl_projection,hhl_s1_fixed_m,4,full_vector_tomography_proxy,,,208.08786142194228,2260570.4845985556,2080878.6142194227,10000,1.0965541176759857,0.9981055945156931,inside_observed_success_range
hhl_projection,hhl_s1_fixed_m,4,state_preparation_only,,,223.3939960910361,1.1742817533104646,1.0,10000,1.0965541176759857,0.9981055945156931,inside_observed_success_range
hhl_projection,hhl_s1_fixed_m,4,single_scalar_observable_sampling,,,223.3939960910361,11742.817533104646,10000.0,10000,1.0965541176759857,0.9981055945156931,inside_observed_success_range
hhl_projection,hhl_s1_fixed_m,4,full_vector_readout_lower_bound,,,223.3939960910361,262.3274934088129,223.3939960910361,10000,1.0965541176759857,0.9981055945156931,inside_observed_success_range
hhl_projection,hhl_s1_fixed_m,4,full_vector_tomography_proxy,,,223.3939960910361,2623274.934088129,2233939.960910361,10000,1.0965541176759857,0.9981055945156931,inside_observed_success_range
hhl_projection,hhl_s1_fixed_m,4,state_preparation_only,,,239.82599056236668,1.269326418695064,1.0,10000,1.0965541176759857,0.9981055945156931,inside_observed_success_range
hhl_projection,hhl_s1_fixed_m,4,single_scalar_observable_sampling,,,239.82599056236668,12693.264186950639,10000.0,10000,1.0965541176759857,0.9981055945156931,inside_observed_success_range
hhl_projection,hhl_s1_fixed_m,4,full_vector_readout_lower_bound,,,239.82599056236668,304.4174657105251,239.82599056236668,10000,1.0965541176759857,0.9981055945156931,inside_observed_success_range
hhl_projection,hhl_s1_fixed_m,4,full_vector_tomography_proxy,,,239.82599056236668,3044174.657105251,2398259.905623667,10000,1.0965541176759857,0.9981055945156931,inside_observed_success_range
hhl_projection,hhl_s1_fixed_m,4,state_preparation_only,,,257.4666587090447,1.3720638617223402,1.0,10000,1.0965541176759857,0.9981055945156931,inside_observed_success_range
hhl_projection,hhl_s1_fixed_m,4,single_scalar_observable_sampling,,,257.4666587090447,13720.638617223402,10000.0,10000,1.0965541176759857,0.9981055945156931,inside_observed_success_range
hhl_projection,hhl_s1_fixed_m,4,full_vector_readout_lower_bound,,,257.4666587090447,353.2606980130796,257.4666587090447,10000,1.0965541176759857,0.9981055945156931,inside_observed_success_range
hhl_projection,hhl_s1_fixed_m,4,full_vector_tomography_proxy,,,257.4666587090447,3532606.980130796,2574666.5870904466,10000,1.0965541176759857,0.9981055945156931,inside_observed_success_range
hhl_projection,hhl_s1_fixed_m,4,state_preparation_only,,,276.4049058709558,1.4831167246796906,1.0,10000,1.0965541176759857,0.9981055945156931,inside_observed_success_range
hhl_projection,hhl_s1_fixed_m,4,single_scalar_observable_sampling,,,276.4049058709558,14831.167246796906,10000.0,10000,1.0965541176759857,0.9981055945156931,inside_observed_success_range
hhl_projection,hhl_s1_fixed_m,4,full_vector_readout_lower_bound,,,276.4049058709558,409.9407386807302,276.4049058709558,10000,1.0965541176759857,0.9981055945156931,inside_observed_success_range
hhl_projection,hhl_s1_fixed_m,4,full_vector_tomography_proxy,,,276.4049058709558,4099407.3868073015,2764049.058709558,10000,1.0965541176759857,0.9981055945156931,inside_observed_success_range
hhl_projection,hhl_s1_fixed_m,4,state_preparation_only,,,296.7361769193925,1.6031580456199943,1.0,10000,1.0965541176759857,0.9981055945156931,inside_observed_success_range
hhl_projection,hhl_s1_fixed_m,4,single_scalar_observable_sampling,,,296.7361769193925,16031.580456199943,10000.0,10000,1.0965541176759857,0.9981055945156931,inside_observed_success_range
hhl_projection,hhl_s1_fixed_m,4,full_vector_readout_lower_bound,,,296.7361769193925,475.71498945484217,296.7361769193925,10000,1.0965541176759857,0.9981055945156931,inside_observed_success_range
hhl_projection,hhl_s1_fixed_m,4,full_vector_tomography_proxy,,,296.7361769193925,4757149.894548422,2967361.769193925,10000,1.0965541176759857,0.9981055945156931,inside_observed_success_range
hhl_projection,hhl_s1_fixed_m,4,state_preparation_only,,,318.56293727957825,1.7329153373219452,1.0,10000,1.0965541176759857,0.9981055945156931,inside_observed_success_range
hhl_projection,hhl_s1_fixed_m,4,single_scalar_observable_sampling,,,318.56293727957825,17329.15337321945,10000.0,10000,1.0965541176759857,0.9981055945156931,inside_observed_success_range
hhl_projection,hhl_s1_fixed_m,4,full_vector_readout_lower_bound,,,318.56293727957825,552.04259991411,318.56293727957825,10000,1.0965541176759857,0.9981055945156931,inside_observed_success_range
hhl_projection,hhl_s1_fixed_m,4,full_vector_tomography_proxy,,,318.56293727957825,5520425.999141101,3185629.3727957825,10000,1.0965541176759857,0.9981055945156931,inside_observed_success_range
hhl_projection,hhl_s1_fixed_m,4,state_preparation_only,,,341.99518933533966,1.8731749963954867,1.0,10000,1.0965541176759857,0.9981055945156931,inside_observed_success_range
hhl_projection,hhl_s1_fixed_m,4,single_scalar_observable_sampling,,,341.99518933533966,18731.749963954866,10000.0,10000,1.0965541176759857,0.9981055945156931,inside_observed_success_range
hhl_projection,hhl_s1_fixed_m,4,full_vector_readout_lower_bound,,,341.99518933533966,640.6168375504986,341.99518933533966,10000,1.0965541176759857,0.9981055945156931,inside_observed_success_range
hhl_projection,hhl_s1_fixed_m,4,full_vector_tomography_proxy,,,341.99518933533966,6406168.375504986,3419951.8933533966,10000,1.0965541176759857,0.9981055945156931,inside_observed_success_range
hhl_projection,hhl_s1_fixed_m,4,state_preparation_only,,,367.15102681850044,2.0247870692538945,1.0,10000,1.0965541176759857,0.9981055945156931,inside_observed_success_range
hhl_projection,hhl_s1_fixed_m,4,single_scalar_observable_sampling,,,367.15102681850044,20247.870692538945,10000.0,10000,1.0965541176759857,0.9981055945156931,inside_observed_success_range
hhl_projection,hhl_s1_fixed_m,4,full_vector_readout_lower_bound,,,367.15102681850044,743.4026515653895,367.15102681850044,10000,1.0965541176759857,0.9981055945156931,inside_observed_success_range
hhl_projection,hhl_s1_fixed_m,4,full_vector_tomography_proxy,,,367.15102681850044,7434026.515653895,3671510.268185004,10000,1.0965541176759857,0.9981055945156931,inside_observed_success_range
hhl_projection,hhl_s1_fixed_m,4,state_preparation_only,,,394.1572299770066,2.1886704038367357,1.0,10000,1.0965541176759857,0.9981055945156931,inside_observed_success_range
hhl_projection,hhl_s1_fixed_m,4,single_scalar_observable_sampling,,,394.1572299770066,21886.704038367356,10000.0,10000,1.0965541176759857,0.9981055945156931,inside_observed_success_range
hhl_projection,hhl_s1_fixed_m,4,full_vector_readout_lower_bound,,,394.1572299770066,862.6802637089442,394.1572299770066,10000,1.0965541176759857,0.9981055945156931,inside_observed_success_range
hhl_projection,hhl_s1_fixed_m,4,full_vector_tomography_proxy,,,394.1572299770066,8626802.63708944,3941572.2997700656,10000,1.0965541176759857,0.9981055945156931,inside_observed_success_range
hhl_projection,hhl_s1_fixed_m,4,state_preparation_only,,,423.14990452130263,2.3658182183057885,1.0,10000,1.0965541176759857,0.9981055945156931,inside_observed_success_range
hhl_projection,hhl_s1_fixed_m,4,single_scalar_observable_sampling,,,423.14990452130263,23658.182183057885,10000.0,10000,1.0965541176759857,0.9981055945156931,inside_observed_success_range
hhl_projection,hhl_s1_fixed_m,4,full_vector_readout_lower_bound,,,423.14990452130263,1001.0957531908527,423.14990452130263,10000,1.0965541176759857,0.9981055945156931,inside_observed_success_range
hhl_projection,hhl_s1_fixed_m,4,full_vector_tomography_proxy,,,423.14990452130263,10010957.531908527,4231499.045213026,10000,1.0965541176759857,0.9981055945156931,inside_observed_success_range
hhl_projection,hhl_s1_fixed_m,4,state_preparation_only,,,454.2751675691273,2.55730412046322,1.0,10000,1.0965541176759857,0.9981055945156931,inside_observed_success_range
hhl_projection,hhl_s1_fixed_m,4,single_scalar_observable_sampling,,,454.2751675691273,25573.0412046322,10000.0,10000,1.0965541176759857,0.9981055945156931,inside_observed_success_range
hhl_projection,hhl_s1_fixed_m,4,full_vector_readout_lower_bound,,,454.2751675691273,1161.719757848649,454.2751675691273,10000,1.0965541176759857,0.9981055945156931,inside_observed_success_range
hhl_projection,hhl_s1_fixed_m,4,full_vector_tomography_proxy,,,454.2751675691273,11617197.578486491,4542751.675691273,10000,1.0965541176759857,0.9981055945156931,inside_observed_success_range
hhl_projection,hhl_s1_fixed_m,4,state_preparation_only,,,487.68988404573685,2.7642886143726884,1.0,10000,1.0965541176759857,0.9981055945156931,inside_observed_success_range
hhl_projection,hhl_s1_fixed_m,4,single_scalar_observable_sampling,,,487.68988404573685,27642.886143726882,10000.0,10000,1.0965541176759857,0.9981055945156931,inside_observed_success_range
hhl_projection,hhl_s1_fixed_m,4,full_vector_readout_lower_bound,,,487.68988404573685,1348.115593812367,487.68988404573685,10000,1.0965541176759857,0.9981055945156931,inside_observed_success_range
hhl_projection,hhl_s1_fixed_m,4,full_vector_tomography_proxy,,,487.68988404573685,13481155.93812367,4876898.840457369,10000,1.0965541176759857,0.9981055945156931,inside_observed_success_range
hhl_projection,hhl_s1_fixed_m,4,state_preparation_only,,,523.5624572508727,2.988026133616971,1.0,10000,1.0965541176759857,0.9981055945156931,inside_observed_success_range
hhl_projection,hhl_s1_fixed_m,4,single_scalar_observable_sampling,,,523.5624572508727,29880.261336169708,10000.0,10000,1.0965541176759857,0.9981055945156931,inside_observed_success_range
hhl_projection,hhl_s1_fixed_m,4,full_vector_readout_lower_bound,,,523.5624572508727,1564.4183048463258,523.5624572508727,10000,1.0965541176759857,0.9981055945156931,inside_observed_success_range
hhl_projection,hhl_s1_fixed_m,4,full_vector_tomography_proxy,,,523.5624572508727,15644183.048463259,5235624.572508727,10000,1.0965541176759857,0.9981055945156931,inside_observed_success_range
hhl_projection,hhl_s1_fixed_m,4,state_preparation_only,,,562.073677576762,3.2298726438173087,1.0,10000,1.0965541176759857,0.9981055945156931,inside_observed_success_range
hhl_projection,hhl_s1_fixed_m,4,single_scalar_observable_sampling,,,562.073677576762,32298.726438173086,10000.0,10000,1.0965541176759857,0.9981055945156931,inside_observed_success_range
hhl_projection,hhl_s1_fixed_m,4,full_vector_readout_lower_bound,,,562.073677576762,1815.4263950149737,562.073677576762,10000,1.0965541176759857,0.9981055945156931,inside_observed_success_range
hhl_projection,hhl_s1_fixed_m,4,full_vector_tomography_proxy,,,562.073677576762,18154263.950149734,5620736.775767619,10000,1.0965541176759857,0.9981055945156931,inside_observed_success_range
hhl_projection,hhl_s1_fixed_m,4,state_preparation_only,,,603.4176336545162,3.4912938604895953,1.0,10000,1.0965541176759857,0.9981055945156931,inside_observed_success_range
hhl_projection,hhl_s1_fixed_m,4,single_scalar_observable_sampling,,,603.4176336545162,34912.93860489596,10000.0,10000,1.0965541176759857,0.9981055945156931,inside_observed_success_range
hhl_projection,hhl_s1_fixed_m,4,full_vector_readout_lower_bound,,,603.4176336545162,2106.7082796891723,603.4176336545162,10000,1.0965541176759857,0.9981055945156931,inside_observed_success_range
hhl_projection,hhl_s1_fixed_m,4,full_vector_tomography_proxy,,,603.4176336545162,21067082.796891723,6034176.336545162,10000,1.0965541176759857,0.9981055945156931,inside_observed_success_range
hhl_projection,hhl_s1_fixed_m,4,state_preparation_only,,,647.8026905209233,3.7738741320420295,1.0,10000,1.0965541176759857,0.9981055945156931,inside_observed_success_range
hhl_projection,hhl_s1_fixed_m,4,single_scalar_observable_sampling,,,647.8026905209233,37738.7413204203,10000.0,10000,1.0965541176759857,0.9981055945156931,inside_observed_success_range
hhl_projection,hhl_s1_fixed_m,4,full_vector_readout_lower_bound,,,647.8026905209233,2444.7258164241407,647.8026905209233,10000,1.0965541176759857,0.9981055945156931,inside_observed_success_range
hhl_projection,hhl_s1_fixed_m,4,full_vector_tomography_proxy,,,647.8026905209233,24447258.164241407,6478026.905209233,10000,1.0965541176759857,0.9981055945156931,inside_observed_success_range
hhl_projection,hhl_s1_fixed_m,4,state_preparation_only,,,695.4525397353804,4.07932604174968,1.0,10000,1.0965541176759857,0.9981055945156931,inside_observed_success_range
hhl_projection,hhl_s1_fixed_m,4,single_scalar_observable_sampling,,,695.4525397353804,40793.2604174968,10000.0,10000,1.0965541176759857,0.9981055945156931,inside_observed_success_range
hhl_projection,hhl_s1_fixed_m,4,full_vector_readout_lower_bound,,,695.4525397353804,2836.9776561434915,695.4525397353804,10000,1.0965541176759857,0.9981055945156931,inside_observed_success_range
hhl_projection,hhl_s1_fixed_m,4,full_vector_tomography_proxy,,,695.4525397353804,28369776.56143491,6954525.397353803,10000,1.0965541176759857,0.9981055945156931,inside_observed_success_range
hhl_projection,hhl_s1_fixed_m,4,state_preparation_only,,,746.6073267393598,4.409500786899005,1.0,10000,1.0965541176759857,0.9981055945156931,inside_observed_success_range
hhl_projection,hhl_s1_fixed_m,4,single_scalar_observable_sampling,,,746.6073267393598,44095.00786899005,10000.0,10000,1.0965541176759857,0.9981055945156931,inside_observed_success_range
hhl_projection,hhl_s1_fixed_m,4,full_vector_readout_lower_bound,,,746.6073267393598,3292.1655947617696,746.6073267393598,10000,1.0965541176759857,0.9981055945156931,inside_observed_success_range
hhl_projection,hhl_s1_fixed_m,4,full_vector_tomography_proxy,,,746.6073267393598,32921655.947617695,7466073.267393597,10000,1.0965541176759857,0.9981055945156931,inside_observed_success_range
hhl_projection,hhl_s1_fixed_m,4,state_preparation_only,,,801.5248611400461,4.766399398005282,1.0,10000,1.0965541176759857,0.9981055945156931,inside_observed_success_range
hhl_projection,hhl_s1_fixed_m,4,single_scalar_observable_sampling,,,801.5248611400461,47663.993980052815,10000.0,10000,1.0965541176759857,0.9981055945156931,inside_observed_success_range
hhl_projection,hhl_s1_fixed_m,4,full_vector_readout_lower_bound,,,801.5248611400461,3820.387615624183,801.5248611400461,10000,1.0965541176759857,0.9981055945156931,inside_observed_success_range
hhl_projection,hhl_s1_fixed_m,4,full_vector_tomography_proxy,,,801.5248611400461,38203876.15624183,8015248.611400461,10000,1.0965541176759857,0.9981055945156931,inside_observed_success_range
hhl_projection,hhl_s1_fixed_m,4,state_preparation_only,,,860.4819160177441,5.152184866097287,1.0,10000,1.0965541176759857,0.9981055945156931,inside_observed_success_range
hhl_projection,hhl_s1_fixed_m,4,single_scalar_observable_sampling,,,860.4819160177441,51521.84866097287,10000.0,10000,1.0965541176759857,0.9981055945156931,inside_observed_success_range
hhl_projection,hhl_s1_fixed_m,4,full_vector_readout_lower_bound,,,860.4819160177441,4433.361905257018,860.4819160177441,10000,1.0965541176759857,0.9981055945156931,inside_observed_success_range
hhl_projection,hhl_s1_fixed_m,4,full_vector_tomography_proxy,,,860.4819160177441,44333619.05257018,8604819.160177441,10000,1.0965541176759857,0.9981055945156931,inside_observed_success_range
hhl_projection,hhl_s1_fixed_m,4,state_preparation_only,,,923.7756228052879,5.569195251566801,1.0,10000,1.0965541176759857,0.9981055945156931,inside_observed_success_range
hhl_projection,hhl_s1_fixed_m,4,single_scalar_observable_sampling,,,923.7756228052879,55691.95251566801,10000.0,10000,1.0965541176759857,0.9981055945156931,inside_observed_success_range
hhl_projection,hhl_s1_fixed_m,4,full_vector_readout_lower_bound,,,923.7756228052879,5144.686812040373,923.7756228052879,10000,1.0965541176759857,0.9981055945156931,inside_observed_success_range
hhl_projection,hhl_s1_fixed_m,4,full_vector_tomography_proxy,,,923.7756228052879,51446868.12040374,9237756.228052879,10000,1.0965541176759857,0.9981055945156931,inside_observed_success_range
hhl_projection,hhl_s1_fixed_m,4,state_preparation_only,,,991.7249687693615,6.019957854029493,1.0,10000,1.0965541176759857,0.9981055945156931,inside_observed_success_range
hhl_projection,hhl_s1_fixed_m,4,single_scalar_observable_sampling,,,991.7249687693615,60199.57854029493,10000.0,10000,1.0965541176759857,0.9981055945156931,inside_observed_success_range
hhl_projection,hhl_s1_fixed_m,4,full_vector_readout_lower_bound,,,991.7249687693615,5970.142514780271,991.7249687693615,10000,1.0965541176759857,0.9981055945156931,inside_observed_success_range
hhl_projection,hhl_s1_fixed_m,4,full_vector_tomography_proxy,,,991.7249687693615,59701425.14780271,9917249.687693615,10000,1.0965541176759857,0.9981055945156931,inside_observed_success_range
hhl_projection,hhl_s1_fixed_m,4,state_preparation_only,,,1064.6724046407257,6.50720452907371,1.0,10000,1.0965541176759857,0.9981055945156931,inside_observed_success_range
hhl_projection,hhl_s1_fixed_m,4,single_scalar_observable_sampling,,,1064.6724046407257,65072.0452907371,10000.0,10000,1.0965541176759857,0.9981055945156931,inside_observed_success_range
hhl_projection,hhl_s1_fixed_m,4,full_vector_readout_lower_bound,,,1064.6724046407257,6928.041093457928,1064.6724046407257,10000,1.0965541176759857,0.9981055945156931,inside_observed_success_range
hhl_projection,hhl_s1_fixed_m,4,full_vector_tomography_proxy,,,1064.6724046407257,69280410.93457927,10646724.046407256,10000,1.0965541176759857,0.9981055945156931,inside_observed_success_range
hhl_projection,hhl_s1_fixed_m,4,state_preparation_only,,,1142.9855704954857,7.033888244724915,1.0,10000,1.0965541176759857,0.9981055945156931,inside_observed_success_range
hhl_projection,hhl_s1_fixed_m,4,single_scalar_observable_sampling,,,1142.9855704954857,70338.88244724915,10000.0,10000,1.0965541176759857,0.9981055945156931,inside_observed_success_range
hhl_projection,hhl_s1_fixed_m,4,full_vector_readout_lower_bound,,,1142.9855704954857,8039.632768198398,1142.9855704954857,10000,1.0965541176759857,0.9981055945156931,inside_observed_success_range
hhl_projection,hhl_s1_fixed_m,4,full_vector_tomography_proxy,,,1142.9855704954857,80396327.68198398,11429855.704954857,10000,1.0965541176759857,0.9981055945156931,inside_observed_success_range
hhl_projection,hhl_s1_fixed_m,4,state_preparation_only,,,1227.059148585466,7.603200977966197,1.0,10000,1.0965541176759857,0.9981055945156931,inside_observed_success_range
hhl_projection,hhl_s1_fixed_m,4,single_scalar_observable_sampling,,,1227.059148585466,76032.00977966197,10000.0,10000,1.0965541176759857,0.9981055945156931,inside_observed_success_range
hhl_projection,hhl_s1_fixed_m,4,full_vector_readout_lower_bound,,,1227.059148585466,9329.577318547383,1227.059148585466,10000,1.0965541176759857,0.9981055945156931,inside_observed_success_range
hhl_projection,hhl_s1_fixed_m,4,full_vector_tomography_proxy,,,1227.059148585466,93295773.18547383,12270591.48585466,10000,1.0965541176759857,0.9981055945156931,inside_observed_success_range
hhl_projection,hhl_s1_fixed_m,4,state_preparation_only,,,1317.3168524556074,8.218593059777424,1.0,10000,1.0965541176759857,0.9981055945156931,inside_observed_success_range
hhl_projection,hhl_s1_fixed_m,4,single_scalar_observable_sampling,,,1317.3168524556074,82185.93059777425,10000.0,10000,1.0965541176759857,0.9981055945156931,inside_observed_success_range
hhl_projection,hhl_s1_fixed_m,4,full_vector_readout_lower_bound,,,1317.3168524556074,10826.491141119497,1317.3168524556074,10000,1.0965541176759857,0.9981055945156931,inside_observed_success_range
hhl_projection,hhl_s1_fixed_m,4,full_vector_tomography_proxy,,,1317.3168524556074,108264911.41119497,13173168.524556074,10000,1.0965541176759857,0.9981055945156931,inside_observed_success_range
hhl_projection,hhl_s1_fixed_m,4,state_preparation_only,,,1414.213562373095,8.883794085933728,1.0,10000,1.0965541176759857,0.9981055945156931,inside_observed_success_range
hhl_projection,hhl_s1_fixed_m,4,single_scalar_observable_sampling,,,1414.213562373095,88837.94085933728,10000.0,10000,1.0965541176759857,0.9981055945156931,inside_observed_success_range
hhl_projection,hhl_s1_fixed_m,4,full_vector_readout_lower_bound,,,1414.213562373095,12563.58208165737,1414.213562373095,10000,1.0965541176759857,0.9981055945156931,inside_observed_success_range
hhl_projection,hhl_s1_fixed_m,4,full_vector_tomography_proxy,,,1414.213562373095,125635820.81657371,14142135.62373095,10000,1.0965541176759857,0.9981055945156931,inside_observed_success_range
hhl_projection,hhl_s1_fixed_m,4,state_preparation_only,,,1518.2376178303682,9.602835520293848,1.0,10000,1.0965541176759857,0.9981055945156931,inside_observed_success_range
hhl_projection,hhl_s1_fixed_m,4,single_scalar_observable_sampling,,,1518.2376178303682,96028.35520293847,10000.0,10000,1.0965541176759857,0.9981055945156931,inside_observed_success_range
hhl_projection,hhl_s1_fixed_m,4,full_vector_readout_lower_bound,,,1518.2376178303682,14579.386124747776,1518.2376178303682,10000,1.0965541176759857,0.9981055945156931,inside_observed_success_range
hhl_projection,hhl_s1_fixed_m,4,full_vector_tomography_proxy,,,1518.2376178303682,145793861.24747774,15182376.178303681,10000,1.0965541176759857,0.9981055945156931,inside_observed_success_range
hhl_projection,hhl_s1_fixed_m,4,state_preparation_only,,,1629.9132786757411,10.380075127565824,1.0,10000,1.0965541176759857,0.9981055945156931,inside_observed_success_range
hhl_projection,hhl_s1_fixed_m,4,single_scalar_observable_sampling,,,1629.9132786757411,103800.75127565824,10000.0,10000,1.0965541176759857,0.9981055945156931,inside_observed_success_range
hhl_projection,hhl_s1_fixed_m,4,full_vector_readout_lower_bound,,,1629.9132786757411,16918.622284071324,1629.9132786757411,10000,1.0965541176759857,0.9981055945156931,inside_observed_success_range
hhl_projection,hhl_s1_fixed_m,4,full_vector_tomography_proxy,,,1629.9132786757411,169186222.84071323,16299132.786757411,10000,1.0965541176759857,0.9981055945156931,inside_observed_success_range
hhl_projection,hhl_s1_fixed_m,4,state_preparation_only,,,1749.8033672752315,11.22022338362553,1.0,10000,1.0965541176759857,0.9981055945156931,inside_observed_success_range
hhl_projection,hhl_s1_fixed_m,4,single_scalar_observable_sampling,,,1749.8033672752315,112202.2338362553,10000.0,10000,1.0965541176759857,0.9981055945156931,inside_observed_success_range
hhl_projection,hhl_s1_fixed_m,4,full_vector_readout_lower_bound,,,1749.8033672752315,19633.184658248243,1749.8033672752315,10000,1.0965541176759857,0.9981055945156931,inside_observed_success_range
hhl_projection,hhl_s1_fixed_m,4,full_vector_tomography_proxy,,,1749.8033672752315,196331846.58248243,17498033.672752313,10000,1.0965541176759857,0.9981055945156931,inside_observed_success_range
hhl_projection,hhl_s1_fixed_m,4,state_preparation_only,,,1878.5121050215455,12.128372023447916,1.0,10000,1.0965541176759857,0.9981055945156931,inside_observed_success_range
hhl_projection,hhl_s1_fixed_m,4,single_scalar_observable_sampling,,,1878.5121050215455,121283.72023447916,10000.0,10000,1.0965541176759857,0.9981055945156931,inside_observed_success_range
hhl_projection,hhl_s1_fixed_m,4,full_vector_readout_lower_bound,,,1878.5121050215455,22783.293660251566,1878.5121050215455,10000,1.0965541176759857,0.9981055945156931,inside_observed_success_range
hhl_projection,hhl_s1_fixed_m,4,full_vector_tomography_proxy,,,1878.5121050215455,227832936.60251564,18785121.050215453,10000,1.0965541176759857,0.9981055945156931,inside_observed_success_range
hhl_projection,hhl_s1_fixed_m,4,state_preparation_only,,,2016.6881574856552,13.110024899666776,1.0,10000,1.0965541176759857,0.9981055945156931,inside_observed_success_range
hhl_projection,hhl_s1_fixed_m,4,single_scalar_observable_sampling,,,2016.6881574856552,131100.24899666777,10000.0,10000,1.0965541176759857,0.9981055945156931,inside_observed_success_range
hhl_projection,hhl_s1_fixed_m,4,full_vector_readout_lower_bound,,,2016.6881574856552,26438.83195950005,2016.6881574856552,10000,1.0965541176759857,0.9981055945156931,inside_observed_success_range
hhl_projection,hhl_s1_fixed_m,4,full_vector_tomography_proxy,,,2016.6881574856552,264388319.59500048,20166881.57485655,10000,1.0965541176759857,0.9981055945156931,inside_observed_success_range
hhl_projection,hhl_s1_fixed_m,4,state_preparation_only,,,2165.0279035578724,14.171131338781441,1.0,10000,1.0965541176759857,0.9981055945156931,inside_observed_success_range
hhl_projection,hhl_s1_fixed_m,4,single_scalar_observable_sampling,,,2165.0279035578724,141711.3133878144,10000.0,10000,1.0965541176759857,0.9981055945156931,inside_observed_success_range
hhl_projection,hhl_s1_fixed_m,4,full_vector_readout_lower_bound,,,2165.0279035578724,30680.89477344525,2165.0279035578724,10000,1.0965541176759857,0.9981055945156931,inside_observed_success_range
hhl_projection,hhl_s1_fixed_m,4,full_vector_tomography_proxy,,,2165.0279035578724,306808947.7344525,21650279.035578724,10000,1.0965541176759857,0.9981055945156931,inside_observed_success_range
hhl_projection,hhl_s1_fixed_m,4,state_preparation_only,,,2324.2789450542714,15.318122197166707,1.0,10000,1.0965541176759857,0.9981055945156931,inside_observed_success_range
hhl_projection,hhl_s1_fixed_m,4,single_scalar_observable_sampling,,,2324.2789450542714,153181.22197166708,10000.0,10000,1.0965541176759857,0.9981055945156931,inside_observed_success_range
hhl_projection,hhl_s1_fixed_m,4,full_vector_readout_lower_bound,,,2324.2789450542714,35603.58890064305,2324.2789450542714,10000,1.0965541176759857,0.9981055945156931,inside_observed_success_range
hhl_projection,hhl_s1_fixed_m,4,full_vector_tomography_proxy,,,2324.2789450542714,356035889.0064305,23242789.450542714,10000,1.0965541176759857,0.9981055945156931,inside_observed_success_range
hhl_projection,hhl_s1_fixed_m,4,state_preparation_only,,,2495.243874476092,16.557948835403835,1.0,10000,1.0965541176759857,0.9981055945156931,inside_observed_success_range
hhl_projection,hhl_s1_fixed_m,4,single_scalar_observable_sampling,,,2495.243874476092,165579.48835403836,10000.0,10000,1.0965541176759857,0.9981055945156931,inside_observed_success_range
hhl_projection,hhl_s1_fixed_m,4,full_vector_readout_lower_bound,,,2495.243874476092,41316.12040542996,2495.243874476092,10000,1.0965541176759857,0.9981055945156931,inside_observed_success_range
hhl_projection,hhl_s1_fixed_m,4,full_vector_tomography_proxy,,,2495.243874476092,413161204.0542996,24952438.74476092,10000,1.0965541176759857,0.9981055945156931,inside_observed_success_range
hhl_projection,hhl_s1_fixed_m,4,state_preparation_only,,,2678.784319910912,17.898125247137816,1.0,10000,1.0965541176759857,0.9981055945156931,inside_observed_success_range
hhl_projection,hhl_s1_fixed_m,4,single_scalar_observable_sampling,,,2678.784319910912,178981.25247137816,10000.0,10000,1.0965541176759857,0.9981055945156931,inside_observed_success_range
hhl_projection,hhl_s1_fixed_m,4,full_vector_readout_lower_bound,,,2678.784319910912,47945.2172678344,2678.784319910912,10000,1.0965541176759857,0.9981055945156931,inside_observed_success_range
hhl_projection,hhl_s1_fixed_m,4,full_vector_tomography_proxy,,,2678.784319910912,479452172.67834395,26787843.19910912,10000,1.0965541176759857,0.9981055945156931,inside_observed_success_range
hhl_projection,hhl_s1_fixed_m,4,state_preparation_only,,,2875.825287461022,19.346773597782903,1.0,10000,1.0965541176759857,0.9981055945156931,inside_observed_success_range
hhl_projection,hhl_s1_fixed_m,4,single_scalar_observable_sampling,,,2875.825287461022,193467.73597782903,10000.0,10000,1.0965541176759857,0.9981055945156931,inside_observed_success_range
hhl_projection,hhl_s1_fixed_m,4,full_vector_readout_lower_bound,,,2875.825287461022,55637.94074328733,2875.825287461022,10000,1.0965541176759857,0.9981055945156931,inside_observed_success_range
hhl_projection,hhl_s1_fixed_m,4,full_vector_tomography_proxy,,,2875.825287461022,556379407.4328732,28758252.87461022,10000,1.0965541176759857,0.9981055945156931,inside_observed_success_range
hhl_projection,hhl_s1_fixed_m,4,state_preparation_only,,,3087.3598230839743,20.912673449065668,1.0,10000,1.0965541176759857,0.9981055945156931,inside_observed_success_range
hhl_projection,hhl_s1_fixed_m,4,single_scalar_observable_sampling,,,3087.3598230839743,209126.73449065667,10000.0,10000,1.0965541176759857,0.9981055945156931,inside_observed_success_range
hhl_projection,hhl_s1_fixed_m,4,full_vector_readout_lower_bound,,,3087.3598230839743,64564.94779992031,3087.3598230839743,10000,1.0965541176759857,0.9981055945156931,inside_observed_success_range
hhl_projection,hhl_s1_fixed_m,4,full_vector_tomography_proxy,,,3087.3598230839743,645649477.999203,30873598.23083974,10000,1.0965541176759857,0.9981055945156931,inside_observed_success_range
hhl_projection,hhl_s1_fixed_m,4,state_preparation_only,,,3314.454017339988,22.60531496773051,1.0,10000,1.0965541176759857,0.9981055945156931,inside_observed_success_range
hhl_projection,hhl_s1_fixed_m,4,single_scalar_observable_sampling,,,3314.454017339988,226053.1496773051,10000.0,10000,1.0965541176759857,0.9981055945156931,inside_observed_success_range
hhl_projection,hhl_s1_fixed_m,4,full_vector_readout_lower_bound,,,3314.454017339988,74924.27700803014,3314.454017339988,10000,1.0965541176759857,0.9981055945156931,inside_observed_success_range
hhl_projection,hhl_s1_fixed_m,4,full_vector_tomography_proxy,,,3314.454017339988,749242770.0803014,33144540.173399877,10000,1.0965541176759857,0.9981055945156931,inside_observed_success_range
hhl_projection,hhl_s1_fixed_m,4,state_preparation_only,,,3558.252378269153,24.43495644088166,1.0,10000,1.0965541176759857,0.9981055945156931,inside_observed_success_range
hhl_projection,hhl_s1_fixed_m,4,single_scalar_observable_sampling,,,3558.252378269153,244349.5644088166,10000.0,10000,1.0965541176759857,0.9981055945156931,inside_observed_success_range
hhl_projection,hhl_s1_fixed_m,4,full_vector_readout_lower_bound,,,3558.252378269153,86945.74186867032,3558.252378269153,10000,1.0965541176759857,0.9981055945156931,inside_observed_success_range
hhl_projection,hhl_s1_fixed_m,4,full_vector_tomography_proxy,,,3558.252378269153,869457418.6867031,35582523.78269152,10000,1.0965541176759857,0.9981055945156931,inside_observed_success_range
hhl_projection,hhl_s1_fixed_m,4,state_preparation_only,,,3819.9835994765963,26.412686446532902,1.0,10000,1.0965541176759857,0.9981055945156931,inside_observed_success_range
hhl_projection,hhl_s1_fixed_m,4,single_scalar_observable_sampling,,,3819.9835994765963,264126.86446532904,10000.0,10000,1.0965541176759857,0.9981055945156931,inside_observed_success_range
hhl_projection,hhl_s1_fixed_m,4,full_vector_readout_lower_bound,,,3819.9835994765963,100896.02904387347,3819.9835994765963,10000,1.0965541176759857,0.9981055945156931,inside_observed_success_range
hhl_projection,hhl_s1_fixed_m,4,full_vector_tomography_proxy,,,3819.9835994765963,1008960290.4387345,38199835.99476596,10000,1.0965541176759857,0.9981055945156931,inside_observed_success_range
hhl_projection,hhl_s1_fixed_m,4,state_preparation_only,,,4100.9667524955985,28.550491056152353,1.0,10000,1.0965541176759857,0.9981055945156931,inside_observed_success_range
hhl_projection,hhl_s1_fixed_m,4,single_scalar_observable_sampling,,,4100.9667524955985,285504.9105615235,10000.0,10000,1.0965541176759857,0.9981055945156931,inside_observed_success_range
hhl_projection,hhl_s1_fixed_m,4,full_vector_readout_lower_bound,,,4100.9667524955985,117084.61458870374,4100.9667524955985,10000,1.0965541176759857,0.9981055945156931,inside_observed_success_range
hhl_projection,hhl_s1_fixed_m,4,full_vector_tomography_proxy,,,4100.9667524955985,1170846145.8870373,41009667.52495598,10000,1.0965541176759857,0.9981055945156931,inside_observed_success_range
hhl_projection,hhl_s1_fixed_m,4,state_preparation_only,,,4402.61793463685,30.861326476483168,1.0,10000,1.0965541176759857,0.9981055945156931,inside_observed_success_range
hhl_projection,hhl_s1_fixed_m,4,single_scalar_observable_sampling,,,4402.61793463685,308613.2647648317,10000.0,10000,1.0965541176759857,0.9981055945156931,inside_observed_success_range
hhl_projection,hhl_s1_fixed_m,4,full_vector_readout_lower_bound,,,4402.61793463685,135870.62943204786,4402.61793463685,10000,1.0965541176759857,0.9981055945156931,inside_observed_success_range
hhl_projection,hhl_s1_fixed_m,4,full_vector_tomography_proxy,,,4402.61793463685,1358706294.3204787,44026179.3463685,10000,1.0965541176759857,0.9981055945156931,inside_observed_success_range
hhl_projection,hhl_s1_fixed_m,4,state_preparation_only,,,4726.457405827713,33.359197570888895,1.0,10000,1.0965541176759857,0.9981055945156931,inside_observed_success_range
hhl_projection,hhl_s1_fixed_m,4,single_scalar_observable_sampling,,,4726.457405827713,333591.97570888896,10000.0,10000,1.0965541176759857,0.9981055945156931,inside_observed_success_range
hhl_projection,hhl_s1_fixed_m,4,full_vector_readout_lower_bound,,,4726.457405827713,157670.82641139766,4726.457405827713,10000,1.0965541176759857,0.9981055945156931,inside_observed_success_range
hhl_projection,hhl_s1_fixed_m,4,full_vector_tomography_proxy,,,4726.457405827713,1576708264.1139767,47264574.05827713,10000,1.0965541176759857,0.9981055945156931,inside_observed_success_range
hhl_projection,hhl_s1_fixed_m,4,state_preparation_only,,,5074.1172504096185,36.05924273610193,1.0,10000,1.0965541176759857,0.9981055945156931,inside_observed_success_range
hhl_projection,hhl_s1_fixed_m,4,single_scalar_observable_sampling,,,5074.1172504096185,360592.4273610193,10000.0,10000,1.0965541176759857,0.9981055945156931,inside_observed_success_range
hhl_projection,hhl_s1_fixed_m,4,full_vector_readout_lower_bound,,,5074.1172504096185,182968.82560396253,5074.1172504096185,10000,1.0965541176759857,0.9981055945156931,inside_observed_success_range
hhl_projection,hhl_s1_fixed_m,4,full_vector_tomography_proxy,,,5074.1172504096185,1829688256.0396252,50741172.50409618,10000,1.0965541176759857,0.9981055945156931,inside_observed_success_range
hhl_projection,hhl_s1_fixed_m,4,state_preparation_only,,,5447.349602507558,38.97782564877435,1.0,10000,1.0965541176759857,0.9981055945156931,inside_observed_success_range
hhl_projection,hhl_s1_fixed_m,4,single_scalar_observable_sampling,,,5447.349602507558,389778.25648774346,10000.0,10000,1.0965541176759857,0.9981055945156931,inside_observed_success_range
hhl_projection,hhl_s1_fixed_m,4,full_vector_readout_lower_bound,,,5447.349602507558,212325.84305445987,5447.349602507558,10000,1.0965541176759857,0.9981055945156931,inside_observed_success_range
hhl_projection,hhl_s1_fixed_m,4,full_vector_tomography_proxy,,,5447.349602507558,2123258430.5445983,54473496.02507558,10000,1.0965541176759857,0.9981055945156931,inside_observed_success_range
hhl_projection,hhl_s1_fixed_m,4,state_preparation_only,,,5848.0354764257345,42.13263443786028,1.0,10000,1.0965541176759857,0.9981055945156931,inside_observed_success_range
hhl_projection,hhl_s1_fixed_m,4,single_scalar_observable_sampling,,,5848.0354764257345,421326.3443786028,10000.0,10000,1.0965541176759857,0.9981055945156931,inside_observed_success_range
hhl_projection,hhl_s1_fixed_m,4,full_vector_readout_lower_bound,,,5848.0354764257345,246393.14090788356,5848.0354764257345,10000,1.0965541176759857,0.9981055945156931,inside_observed_success_range
hhl_projection,hhl_s1_fixed_m,4,full_vector_tomography_proxy,,,5848.0354764257345,2463931409.0788355,58480354.76425734,10000,1.0965541176759857,0.9981055945156931,inside_observed_success_range
hhl_projection,hhl_s1_fixed_m,4,state_preparation_only,,,6278.194246572864,45.54278888386856,1.0,10000,1.0965541176759857,0.9981055945156931,inside_observed_success_range
hhl_projection,hhl_s1_fixed_m,4,single_scalar_observable_sampling,,,6278.194246572864,455427.8888386856,10000.0,10000,1.0965541176759857,0.9981055945156931,inside_observed_success_range
hhl_projection,hhl_s1_fixed_m,4,full_vector_readout_lower_bound,,,6278.194246572864,285926.4751435862,6278.194246572864,10000,1.0965541176759857,0.9981055945156931,inside_observed_success_range
hhl_projection,hhl_s1_fixed_m,4,full_vector_tomography_proxy,,,6278.194246572864,2859264751.435862,62781942.46572864,10000,1.0965541176759857,0.9981055945156931,inside_observed_success_range
hhl_projection,hhl_s1_fixed_m,4,state_preparation_only,,,6739.993824693961,49.228956294667384,1.0,10000,1.0965541176759857,0.9981055945156931,inside_observed_success_range
hhl_projection,hhl_s1_fixed_m,4,single_scalar_observable_sampling,,,6739.993824693961,492289.56294667383,10000.0,10000,1.0965541176759857,0.9981055945156931,inside_observed_success_range
hhl_projection,hhl_s1_fixed_m,4,full_vector_readout_lower_bound,,,6739.993824693961,331802.86142218707,6739.993824693961,10000,1.0965541176759857,0.9981055945156931,inside_observed_success_range
hhl_projection,hhl_s1_fixed_m,4,full_vector_tomography_proxy,,,6739.993824693961,3318028614.22187,67399938.2469396,10000,1.0965541176759857,0.9981055945156931,inside_observed_success_range
hhl_projection,hhl_s1_fixed_m,4,state_preparation_only,,,7235.761585699688,53.21347676010859,1.0,10000,1.0965541176759857,0.9981055945156931,inside_observed_success_range
hhl_projection,hhl_s1_fixed_m,4,single_scalar_observable_sampling,,,7235.761585699688,532134.767601086,10000.0,10000,1.0965541176759857,0.9981055945156931,inside_observed_success_range
hhl_projection,hhl_s1_fixed_m,4,full_vector_readout_lower_bound,,,7235.761585699688,385040.0309823168,7235.761585699688,10000,1.0965541176759857,0.9981055945156931,inside_observed_success_range
hhl_projection,hhl_s1_fixed_m,4,full_vector_tomography_proxy,,,7235.761585699688,3850400309.8231683,72357615.85699688,10000,1.0965541176759857,0.9981055945156931,inside_observed_success_range
hhl_projection,hhl_s1_fixed_m,4,state_preparation_only,,,7767.996097157341,57.520498544580285,1.0,10000,1.0965541176759857,0.9981055945156931,inside_observed_success_range
hhl_projection,hhl_s1_fixed_m,4,single_scalar_observable_sampling,,,7767.996097157341,575204.9854458028,10000.0,10000,1.0965541176759857,0.9981055945156931,inside_observed_success_range
hhl_projection,hhl_s1_fixed_m,4,full_vector_readout_lower_bound,,,7767.996097157341,446819.00820084417,7767.996097157341,10000,1.0965541176759857,0.9981055945156931,inside_observed_success_range
hhl_projection,hhl_s1_fixed_m,4,full_vector_tomography_proxy,,,7767.996097157341,4468190082.008442,77679960.97157341,10000,1.0965541176759857,0.9981055945156931,inside_observed_success_range
hhl_projection,hhl_s1_fixed_m,4,state_preparation_only,,,8339.37971155757,62.17612443803616,1.0,10000,1.0965541176759857,0.9981055945156931,inside_observed_success_range
hhl_projection,hhl_s1_fixed_m,4,single_scalar_observable_sampling,,,8339.37971155757,621761.2443803616,10000.0,10000,1.0965541176759857,0.9981055945156931,inside_observed_success_range
hhl_projection,hhl_s1_fixed_m,4,full_vector_readout_lower_bound,,,8339.37971155757,518510.3106818376,8339.37971155757,10000,1.0965541176759857,0.9981055945156931,inside_observed_success_range
hhl_projection,hhl_s1_fixed_m,4,full_vector_tomography_proxy,,,8339.37971155757,5185103106.818376,83393797.1155757,10000,1.0965541176759857,0.9981055945156931,inside_observed_success_range
hhl_projection,hhl_s1_fixed_m,4,state_preparation_only,,,8952.792084819384,67.20856995246626,1.0,10000,1.0965541176759857,0.9981055945156931,inside_observed_success_range
hhl_projection,hhl_s1_fixed_m,4,single_scalar_observable_sampling,,,8952.792084819384,672085.6995246626,10000.0,10000,1.0965541176759857,0.9981055945156931,inside_observed_success_range
hhl_projection,hhl_s1_fixed_m,4,full_vector_readout_lower_bound,,,8952.792084819384,601704.3531024698,8952.792084819384,10000,1.0965541176759857,0.9981055945156931,inside_observed_success_range
hhl_projection,hhl_s1_fixed_m,4,full_vector_tomography_proxy,,,8952.792084819384,6017043531.024698,89527920.84819384,10000,1.0965541176759857,0.9981055945156931,inside_observed_success_range
hhl_projection,hhl_s1_fixed_m,4,state_preparation_only,,,9611.324689163757,72.64833432256023,1.0,10000,1.0965541176759857,0.9981055945156931,inside_observed_success_range
hhl_projection,hhl_s1_fixed_m,4,single_scalar_observable_sampling,,,9611.324689163757,726483.3432256023,10000.0,10000,1.0965541176759857,0.9981055945156931,inside_observed_success_range
hhl_projection,hhl_s1_fixed_m,4,full_vector_readout_lower_bound,,,9611.324689163757,698246.7293010459,9611.324689163757,10000,1.0965541176759857,0.9981055945156931,inside_observed_success_range
hhl_projection,hhl_s1_fixed_m,4,full_vector_tomography_proxy,,,9611.324689163757,6982467293.010459,96113246.89163756,10000,1.0965541176759857,0.9981055945156931,inside_observed_success_range
hhl_projection,hhl_s1_fixed_m,4,state_preparation_only,,,10318.296393497933,78.52838534691664,1.0,10000,1.0965541176759857,0.9981055945156931,extrapolated_beyond_successful_hhl_range
hhl_projection,hhl_s1_fixed_m,4,single_scalar_observable_sampling,,,10318.296393497933,785283.8534691663,10000.0,10000,1.0965541176759857,0.9981055945156931,extrapolated_beyond_successful_hhl_range
hhl_projection,hhl_s1_fixed_m,4,full_vector_readout_lower_bound,,,10318.296393497933,810279.1553123058,10318.296393497933,10000,1.0965541176759857,0.9981055945156931,extrapolated_beyond_successful_hhl_range
hhl_projection,hhl_s1_fixed_m,4,full_vector_tomography_proxy,,,10318.296393497933,8102791553.123057,103182963.93497932,10000,1.0965541176759857,0.9981055945156931,extrapolated_beyond_successful_hhl_range
hhl_projection,hhl_s1_fixed_m,4,state_preparation_only,,,11077.270189832267,84.88435919003336,1.0,10000,1.0965541176759857,0.9981055945156931,extrapolated_beyond_successful_hhl_range
hhl_projection,hhl_s1_fixed_m,4,single_scalar_observable_sampling,,,11077.270189832267,848843.5919003336,10000.0,10000,1.0965541176759857,0.9981055945156931,extrapolated_beyond_successful_hhl_range
hhl_projection,hhl_s1_fixed_m,4,full_vector_readout_lower_bound,,,11077.270189832267,940286.9816387712,11077.270189832267,10000,1.0965541176759857,0.9981055945156931,extrapolated_beyond_successful_hhl_range
hhl_projection,hhl_s1_fixed_m,4,full_vector_tomography_proxy,,,11077.270189832267,9402869816.38771,110772701.89832266,10000,1.0965541176759857,0.9981055945156931,extrapolated_beyond_successful_hhl_range
hhl_projection,hhl_s1_fixed_m,4,state_preparation_only,,,11892.071150027212,91.7547763559808,1.0,10000,1.0965541176759857,0.9981055945156931,extrapolated_beyond_successful_hhl_range
hhl_projection,hhl_s1_fixed_m,4,single_scalar_observable_sampling,,,11892.071150027212,917547.7635598079,10000.0,10000,1.0965541176759857,0.9981055945156931,extrapolated_beyond_successful_hhl_range
hhl_projection,hhl_s1_fixed_m,4,full_vector_readout_lower_bound,,,11892.071150027212,1091154.3287801582,11892.071150027212,10000,1.0965541176759857,0.9981055945156931,extrapolated_beyond_successful_hhl_range
hhl_projection,hhl_s1_fixed_m,4,full_vector_tomography_proxy,,,11892.071150027212,10911543287.80158,118920711.50027211,10000,1.0965541176759857,0.9981055945156931,extrapolated_beyond_successful_hhl_range
hhl_projection,hhl_s1_fixed_m,4,state_preparation_only,,,12766.805703368957,99.18127514267127,1.0,10000,1.0965541176759857,0.9981055945156931,extrapolated_beyond_successful_hhl_range
hhl_projection,hhl_s1_fixed_m,4,single_scalar_observable_sampling,,,12766.805703368957,991812.7514267127,10000.0,10000,1.0965541176759857,0.9981055945156931,extrapolated_beyond_successful_hhl_range
hhl_projection,hhl_s1_fixed_m,4,full_vector_readout_lower_bound,,,12766.805703368957,1266228.0691588612,12766.805703368957,10000,1.0965541176759857,0.9981055945156931,extrapolated_beyond_successful_hhl_range
hhl_projection,hhl_s1_fixed_m,4,full_vector_tomography_proxy,,,12766.805703368957,12662280691.588612,127668057.03368956,10000,1.0965541176759857,0.9981055945156931,extrapolated_beyond_successful_hhl_range
hhl_projection,hhl_s1_fixed_m,4,state_preparation_only,,,13705.882332128594,107.20886399158104,1.0,10000,1.0965541176759857,0.9981055945156931,extrapolated_beyond_successful_hhl_range
hhl_projection,hhl_s1_fixed_m,4,single_scalar_observable_sampling,,,13705.882332128594,1072088.6399158104,10000.0,10000,1.0965541176759857,0.9981055945156931,extrapolated_beyond_successful_hhl_range
hhl_projection,hhl_s1_fixed_m,4,full_vector_readout_lower_bound,,,13705.882332128594,1469392.074829788,13705.882332128594,10000,1.0965541176759857,0.9981055945156931,extrapolated_beyond_successful_hhl_range
hhl_projection,hhl_s1_fixed_m,4,full_vector_tomography_proxy,,,13705.882332128594,14693920748.29788,137058823.32128593,10000,1.0965541176759857,0.9981055945156931,extrapolated_beyond_successful_hhl_range
hhl_projection,hhl_s1_fixed_m,4,state_preparation_only,,,14714.03378940621,115.88619426229084,1.0,10000,1.0965541176759857,0.9981055945156931,extrapolated_beyond_successful_hhl_range
hhl_projection,hhl_s1_fixed_m,4,single_scalar_observable_sampling,,,14714.03378940621,1158861.9426229084,10000.0,10000,1.0965541176759857,0.9981055945156931,extrapolated_beyond_successful_hhl_range
hhl_projection,hhl_s1_fixed_m,4,full_vector_readout_lower_bound,,,14714.03378940621,1705153.3781010397,14714.03378940621,10000,1.0965541176759857,0.9981055945156931,extrapolated_beyond_successful_hhl_range
hhl_projection,hhl_s1_fixed_m,4,full_vector_tomography_proxy,,,14714.03378940621,17051533781.010395,147140337.8940621,10000,1.0965541176759857,0.9981055945156931,extrapolated_beyond_successful_hhl_range
hhl_projection,hhl_s1_fixed_m,4,state_preparation_only,,,15796.340951233286,125.26585508500487,1.0,10000,1.0965541176759857,0.9981055945156931,extrapolated_beyond_successful_hhl_range
hhl_projection,hhl_s1_fixed_m,4,single_scalar_observable_sampling,,,15796.340951233286,1252658.5508500487,10000.0,10000,1.0965541176759857,0.9981055945156931,extrapolated_beyond_successful_hhl_range
hhl_projection,hhl_s1_fixed_m,4,full_vector_readout_lower_bound,,,15796.340951233286,1978742.1564705167,15796.340951233286,10000,1.0965541176759857,0.9981055945156931,extrapolated_beyond_successful_hhl_range
hhl_projection,hhl_s1_fixed_m,4,full_vector_tomography_proxy,,,15796.340951233286,19787421564.70517,157963409.51233286,10000,1.0965541176759857,0.9981055945156931,extrapolated_beyond_successful_hhl_range
hhl_projection,hhl_s1_fixed_m,4,state_preparation_only,,,16958.258423143077,135.4046920780057,1.0,10000,1.0965541176759857,0.9981055945156931,extrapolated_beyond_successful_hhl_range
hhl_projection,hhl_s1_fixed_m,4,single_scalar_observable_sampling,,,16958.258423143077,1354046.9207800569,10000.0,10000,1.0965541176759857,0.9981055945156931,extrapolated_beyond_successful_hhl_range
hhl_projection,hhl_s1_fixed_m,4,full_vector_readout_lower_bound,,,16958.258423143077,2296227.759964935,16958.258423143077,10000,1.0965541176759857,0.9981055945156931,extrapolated_beyond_successful_hhl_range
hhl_projection,hhl_s1_fixed_m,4,full_vector_tomography_proxy,,,16958.258423143077,22962277599.64935,169582584.23143077,10000,1.0965541176759857,0.9981055945156931,extrapolated_beyond_successful_hhl_range
hhl_projection,hhl_s1_fixed_m,4,state_preparation_only,,,18205.642030260795,146.3641518616373,1.0,10000,1.0965541176759857,0.9981055945156931,extrapolated_beyond_successful_hhl_range
hhl_projection,hhl_s1_fixed_m,4,single_scalar_observable_sampling,,,18205.642030260795,1463641.5186163732,10000.0,10000,1.0965541176759857,0.9981055945156931,extrapolated_beyond_successful_hhl_range
hhl_projection,hhl_s1_fixed_m,4,full_vector_readout_lower_bound,,,18205.642030260795,2664653.354855698,18205.642030260795,10000,1.0965541176759857,0.9981055945156931,extrapolated_beyond_successful_hhl_range
hhl_projection,hhl_s1_fixed_m,4,full_vector_tomography_proxy,,,18205.642030260795,26646533548.55698,182056420.30260795,10000,1.0965541176759857,0.9981055945156931,extrapolated_beyond_successful_hhl_range
hhl_projection,hhl_s1_fixed_m,4,state_preparation_only,,,19544.77832945822,158.21065445675404,1.0,10000,1.0965541176759857,0.9981055945156931,extrapolated_beyond_successful_hhl_range
hhl_projection,hhl_s1_fixed_m,4,single_scalar_observable_sampling,,,19544.77832945822,1582106.5445675405,10000.0,10000,1.0965541176759857,0.9981055945156931,extrapolated_beyond_successful_hhl_range
hhl_projection,hhl_s1_fixed_m,4,full_vector_readout_lower_bound,,,19544.77832945822,3092192.170715769,19544.77832945822,10000,1.0965541176759857,0.9981055945156931,extrapolated_beyond_successful_hhl_range
hhl_projection,hhl_s1_fixed_m,4,full_vector_tomography_proxy,,,19544.77832945822,30921921707.15769,195447783.2945822,10000,1.0965541176759857,0.9981055945156931,extrapolated_beyond_successful_hhl_range
hhl_projection,hhl_s1_fixed_m,4,state_preparation_only,,,20982.416292307353,171.0159958245553,1.0,10000,1.0965541176759857,0.9981055945156931,extrapolated_beyond_successful_hhl_range
hhl_projection,hhl_s1_fixed_m,4,single_scalar_observable_sampling,,,20982.416292307353,1710159.9582455528,10000.0,10000,1.0965541176759857,0.9981055945156931,extrapolated_beyond_successful_hhl_range
hhl_projection,hhl_s1_fixed_m,4,full_vector_readout_lower_bound,,,20982.416292307353,3588328.8170343153,20982.416292307353,10000,1.0965541176759857,0.9981055945156931,extrapolated_beyond_successful_hhl_range
hhl_projection,hhl_s1_fixed_m,4,full_vector_tomography_proxy,,,20982.416292307353,35883288170.343155,209824162.92307353,10000,1.0965541176759857,0.9981055945156931,extrapolated_beyond_successful_hhl_range
hhl_projection,hhl_s1_fixed_m,4,state_preparation_only,,,22525.801318509457,184.85778298741985,1.0,10000,1.0965541176759857,0.9981055945156931,extrapolated_beyond_successful_hhl_range
hhl_projection,hhl_s1_fixed_m,4,single_scalar_observable_sampling,,,22525.801318509457,1848577.8298741984,10000.0,10000,1.0965541176759857,0.9981055945156931,extrapolated_beyond_successful_hhl_range
hhl_projection,hhl_s1_fixed_m,4,full_vector_readout_lower_bound,,,22525.801318509457,4164069.691754757,22525.801318509457,10000,1.0965541176759857,0.9981055945156931,extrapolated_beyond_successful_hhl_range
hhl_projection,hhl_s1_fixed_m,4,full_vector_tomography_proxy,,,22525.801318509457,41640696917.54757,225258013.18509457,10000,1.0965541176759857,0.9981055945156931,extrapolated_beyond_successful_hhl_range
hhl_projection,hhl_s1_fixed_m,4,state_preparation_only,,,24182.71175121954,199.81990436778415,1.0,10000,1.0965541176759857,0.9981055945156931,extrapolated_beyond_successful_hhl_range
hhl_projection,hhl_s1_fixed_m,4,single_scalar_observable_sampling,,,24182.71175121954,1998199.0436778415,10000.0,10000,1.0965541176759857,0.9981055945156931,extrapolated_beyond_successful_hhl_range
hhl_projection,hhl_s1_fixed_m,4,full_vector_readout_lower_bound,,,24182.71175121954,4832187.149482379,24182.71175121954,10000,1.0965541176759857,0.9981055945156931,extrapolated_beyond_successful_hhl_range
hhl_projection,hhl_s1_fixed_m,4,full_vector_tomography_proxy,,,24182.71175121954,48321871494.82378,241827117.51219538,10000,1.0965541176759857,0.9981055945156931,extrapolated_beyond_successful_hhl_range
hhl_projection,hhl_s1_fixed_m,4,state_preparation_only,,,25961.498078296536,215.9930381955713,1.0,10000,1.0965541176759857,0.9981055945156931,extrapolated_beyond_successful_hhl_range
hhl_projection,hhl_s1_fixed_m,4,single_scalar_observable_sampling,,,25961.498078296536,2159930.381955713,10000.0,10000,1.0965541176759857,0.9981055945156931,extrapolated_beyond_successful_hhl_range
hhl_projection,hhl_s1_fixed_m,4,full_vector_readout_lower_bound,,,25961.498078296536,5607502.846039754,25961.498078296536,10000,1.0965541176759857,0.9981055945156931,extrapolated_beyond_successful_hhl_range
hhl_projection,hhl_s1_fixed_m,4,full_vector_tomography_proxy,,,25961.498078296536,56075028460.39754,259614980.78296533,10000,1.0965541176759857,0.9981055945156931,extrapolated_beyond_successful_hhl_range
hhl_projection,hhl_s1_fixed_m,4,state_preparation_only,,,27871.12501704466,233.47520206538107,1.0,10000,1.0965541176759857,0.9981055945156931,extrapolated_beyond_successful_hhl_range
hhl_projection,hhl_s1_fixed_m,4,single_scalar_observable_sampling,,,27871.12501704466,2334752.020653811,10000.0,10000,1.0965541176759857,0.9981055945156931,extrapolated_beyond_successful_hhl_range
hhl_projection,hhl_s1_fixed_m,4,full_vector_readout_lower_bound,,,27871.12501704466,6507216.545143999,27871.12501704466,10000,1.0965541176759857,0.9981055945156931,extrapolated_beyond_successful_hhl_range
hhl_projection,hhl_s1_fixed_m,4,full_vector_tomography_proxy,,,27871.12501704466,65072165451.43999,278711250.1704466,10000,1.0965541176759857,0.9981055945156931,extrapolated_beyond_successful_hhl_range
hhl_projection,hhl_s1_fixed_m,4,state_preparation_only,,,29921.216694545317,252.37234697404423,1.0,10000,1.0965541176759857,0.9981055945156931,extrapolated_beyond_successful_hhl_range
hhl_projection,hhl_s1_fixed_m,4,single_scalar_observable_sampling,,,29921.216694545317,2523723.4697404425,10000.0,10000,1.0965541176759857,0.9981055945156931,extrapolated_beyond_successful_hhl_range
hhl_projection,hhl_s1_fixed_m,4,full_vector_readout_lower_bound,,,29921.216694545317,7551287.681521356,29921.216694545317,10000,1.0965541176759857,0.9981055945156931,extrapolated_beyond_successful_hhl_range
hhl_projection,hhl_s1_fixed_m,4,full_vector_tomography_proxy,,,29921.216694545317,75512876815.21356,299212166.94545317,10000,1.0965541176759857,0.9981055945156931,extrapolated_beyond_successful_hhl_range
hhl_projection,hhl_s1_fixed_m,4,state_preparation_only,,,32122.10515127851,272.79899943871237,1.0,10000,1.0965541176759857,0.9981055945156931,extrapolated_beyond_successful_hhl_range
hhl_projection,hhl_s1_fixed_m,4,single_scalar_observable_sampling,,,32122.10515127851,2727989.9943871237,10000.0,10000,1.0965541176759857,0.9981055945156931,extrapolated_beyond_successful_hhl_range
hhl_projection,hhl_s1_fixed_m,4,full_vector_readout_lower_bound,,,32122.10515127851,8762878.145133886,32122.10515127851,10000,1.0965541176759857,0.9981055945156931,extrapolated_beyond_successful_hhl_range
hhl_projection,hhl_s1_fixed_m,4,full_vector_tomography_proxy,,,32122.10515127851,87628781451.33885,321221051.5127851,10000,1.0965541176759857,0.9981055945156931,extrapolated_beyond_successful_hhl_range
hhl_projection,hhl_s1_fixed_m,4,state_preparation_only,,,34484.882412482155,294.8789555870652,1.0,10000,1.0965541176759857,0.9981055945156931,extrapolated_beyond_successful_hhl_range
hhl_projection,hhl_s1_fixed_m,4,single_scalar_observable_sampling,,,34484.882412482155,2948789.555870652,10000.0,10000,1.0965541176759857,0.9981055945156931,extrapolated_beyond_successful_hhl_range
hhl_projection,hhl_s1_fixed_m,4,full_vector_readout_lower_bound,,,34484.882412482155,10168866.109335491,34484.882412482155,10000,1.0965541176759857,0.9981055945156931,extrapolated_beyond_successful_hhl_range
hhl_projection,hhl_s1_fixed_m,4,full_vector_tomography_proxy,,,34484.882412482155,101688661093.35492,344848824.12482154,10000,1.0965541176759857,0.9981055945156931,extrapolated_beyond_successful_hhl_range
hhl_projection,hhl_s1_fixed_m,4,state_preparation_only,,,37021.456389678395,318.74603142616564,1.0,10000,1.0965541176759857,0.9981055945156931,extrapolated_beyond_successful_hhl_range
hhl_projection,hhl_s1_fixed_m,4,single_scalar_observable_sampling,,,37021.456389678395,3187460.3142616563,10000.0,10000,1.0965541176759857,0.9981055945156931,extrapolated_beyond_successful_hhl_range
hhl_projection,hhl_s1_fixed_m,4,full_vector_readout_lower_bound,,,37021.456389678395,11800442.30182685,37021.456389678395,10000,1.0965541176759857,0.9981055945156931,extrapolated_beyond_successful_hhl_range
hhl_projection,hhl_s1_fixed_m,4,full_vector_tomography_proxy,,,37021.456389678395,118004423018.26851,370214563.89678395,10000,1.0965541176759857,0.9981055945156931,extrapolated_beyond_successful_hhl_range
hhl_projection,hhl_s1_fixed_m,4,state_preparation_only,,,39744.61089409894,344.54487383699546,1.0,10000,1.0965541176759857,0.9981055945156931,extrapolated_beyond_successful_hhl_range
hhl_projection,hhl_s1_fixed_m,4,single_scalar_observable_sampling,,,39744.61089409894,3445448.7383699547,10000.0,10000,1.0965541176759857,0.9981055945156931,extrapolated_beyond_successful_hhl_range
hhl_projection,hhl_s1_fixed_m,4,full_vector_readout_lower_bound,,,39744.61089409894,13693801.946207795,39744.61089409894,10000,1.0965541176759857,0.9981055945156931,extrapolated_beyond_successful_hhl_range
hhl_projection,hhl_s1_fixed_m,4,full_vector_tomography_proxy,,,39744.61089409894,136938019462.07796,397446108.94098943,10000,1.0965541176759857,0.9981055945156931,extrapolated_beyond_successful_hhl_range
hhl_projection,hhl_s1_fixed_m,4,state_preparation_only,,,42668.07006446487,372.4318372097109,1.0,10000,1.0965541176759857,0.9981055945156931,extrapolated_beyond_successful_hhl_range
hhl_projection,hhl_s1_fixed_m,4,single_scalar_observable_sampling,,,42668.07006446487,3724318.372097109,10000.0,10000,1.0965541176759857,0.9981055945156931,extrapolated_beyond_successful_hhl_range
hhl_projection,hhl_s1_fixed_m,4,full_vector_readout_lower_bound,,,42668.07006446487,15890947.72430132,42668.07006446487,10000,1.0965541176759857,0.9981055945156931,extrapolated_beyond_successful_hhl_range
hhl_projection,hhl_s1_fixed_m,4,full_vector_tomography_proxy,,,42668.07006446487,158909477243.01318,426680700.6446487,10000,1.0965541176759857,0.9981055945156931,extrapolated_beyond_successful_hhl_range
hhl_projection,hhl_s1_fixed_m,4,state_preparation_only,,,45806.56753382357,402.57593103249036,1.0,10000,1.0965541176759857,0.9981055945156931,extrapolated_beyond_successful_hhl_range
hhl_projection,hhl_s1_fixed_m,4,single_scalar_observable_sampling,,,45806.56753382357,4025759.3103249036,10000.0,10000,1.0965541176759857,0.9981055945156931,extrapolated_beyond_successful_hhl_range
hhl_projection,hhl_s1_fixed_m,4,full_vector_readout_lower_bound,,,45806.56753382357,18440621.572331667,45806.56753382357,10000,1.0965541176759857,0.9981055945156931,extrapolated_beyond_successful_hhl_range
hhl_projection,hhl_s1_fixed_m,4,full_vector_tomography_proxy,,,45806.56753382357,184406215723.31668,458065675.3382357,10000,1.0965541176759857,0.9981055945156931,extrapolated_beyond_successful_hhl_range
hhl_projection,hhl_s1_fixed_m,4,state_preparation_only,,,49175.92068402954,435.15984417685246,1.0,10000,1.0965541176759857,0.9981055945156931,extrapolated_beyond_successful_hhl_range
hhl_projection,hhl_s1_fixed_m,4,single_scalar_observable_sampling,,,49175.92068402954,4351598.441768524,10000.0,10000,1.0965541176759857,0.9981055945156931,extrapolated_beyond_successful_hhl_range
hhl_projection,hhl_s1_fixed_m,4,full_vector_readout_lower_bound,,,49175.92068402954,21399385.982115548,49175.92068402954,10000,1.0965541176759857,0.9981055945156931,extrapolated_beyond_successful_hhl_range
hhl_projection,hhl_s1_fixed_m,4,full_vector_tomography_proxy,,,49175.92068402954,213993859821.1555,491759206.8402954,10000,1.0965541176759857,0.9981055945156931,extrapolated_beyond_successful_hhl_range
hhl_projection,hhl_s1_fixed_m,4,state_preparation_only,,,52793.110362096275,470.3810520871387,1.0,10000,1.0965541176759857,0.9981055945156931,extrapolated_beyond_successful_hhl_range
hhl_projection,hhl_s1_fixed_m,4,single_scalar_observable_sampling,,,52793.110362096275,4703810.520871387,10000.0,10000,1.0965541176759857,0.9981055945156931,extrapolated_beyond_successful_hhl_range
hhl_projection,hhl_s1_fixed_m,4,full_vector_readout_lower_bound,,,52793.110362096275,24832878.79507527,52793.110362096275,10000,1.0965541176759857,0.9981055945156931,extrapolated_beyond_successful_hhl_range
hhl_projection,hhl_s1_fixed_m,4,full_vector_tomography_proxy,,,52793.110362096275,248328787950.7527,527931103.62096274,10000,1.0965541176759857,0.9981055945156931,extrapolated_beyond_successful_hhl_range
hhl_projection,hhl_s1_fixed_m,4,state_preparation_only,,,56676.366460173245,508.45301358431857,1.0,10000,1.0965541176759857,0.9981055945156931,extrapolated_beyond_successful_hhl_range
hhl_projection,hhl_s1_fixed_m,4,single_scalar_observable_sampling,,,56676.366460173245,5084530.135843186,10000.0,10000,1.0965541176759857,0.9981055945156931,extrapolated_beyond_successful_hhl_range
hhl_projection,hhl_s1_fixed_m,4,full_vector_readout_lower_bound,,,56676.366460173245,28817269.325684283,56676.366460173245,10000,1.0965541176759857,0.9981055945156931,extrapolated_beyond_successful_hhl_range
hhl_projection,hhl_s1_fixed_m,4,full_vector_tomography_proxy,,,56676.366460173245,288172693256.8428,566763664.6017324,10000,1.0965541176759857,0.9981055945156931,extrapolated_beyond_successful_hhl_range
hhl_projection,hhl_s1_fixed_m,4,state_preparation_only,,,60845.25979045401,549.606464537361,1.0,10000,1.0965541176759857,0.9981055945156931,extrapolated_beyond_successful_hhl_range
hhl_projection,hhl_s1_fixed_m,4,single_scalar_observable_sampling,,,60845.25979045401,5496064.645373611,10000.0,10000,1.0965541176759857,0.9981055945156931,extrapolated_beyond_successful_hhl_range
hhl_projection,hhl_s1_fixed_m,4,full_vector_readout_lower_bound,,,60845.25979045401,33440948.11728868,60845.25979045401,10000,1.0965541176759857,0.9981055945156931,extrapolated_beyond_successful_hhl_range
hhl_projection,hhl_s1_fixed_m,4,full_vector_tomography_proxy,,,60845.25979045401,334409481172.8868,608452597.9045401,10000,1.0965541176759857,0.9981055945156931,extrapolated_beyond_successful_hhl_range
hhl_projection,hhl_s1_fixed_m,4,state_preparation_only,,,65320.800718044535,594.0908162424797,1.0,10000,1.0965541176759857,0.9981055945156931,extrapolated_beyond_successful_hhl_range
hhl_projection,hhl_s1_fixed_m,4,single_scalar_observable_sampling,,,65320.800718044535,5940908.162424797,10000.0,10000,1.0965541176759857,0.9981055945156931,extrapolated_beyond_successful_hhl_range
hhl_projection,hhl_s1_fixed_m,4,full_vector_readout_lower_bound,,,65320.800718044535,38806487.816195436,65320.800718044535,10000,1.0965541176759857,0.9981055945156931,extrapolated_beyond_successful_hhl_range
hhl_projection,hhl_s1_fixed_m,4,full_vector_tomography_proxy,,,65320.800718044535,388064878161.9543,653208007.1804453,10000,1.0965541176759857,0.9981055945156931,extrapolated_beyond_successful_hhl_range
hhl_projection,hhl_s1_fixed_m,4,state_preparation_only,,,70125.5450488831,642.1756669851958,1.0,10000,1.0965541176759857,0.9981055945156931,extrapolated_beyond_successful_hhl_range
hhl_projection,hhl_s1_fixed_m,4,single_scalar_observable_sampling,,,70125.5450488831,6421756.669851958,10000.0,10000,1.0965541176759857,0.9981055945156931,extrapolated_beyond_successful_hhl_range
hhl_projection,hhl_s1_fixed_m,4,full_vector_readout_lower_bound,,,70125.5450488831,45032918.664466895,70125.5450488831,10000,1.0965541176759857,0.9981055945156931,extrapolated_beyond_successful_hhl_range
hhl_projection,hhl_s1_fixed_m,4,full_vector_tomography_proxy,,,70125.5450488831,450329186644.66895,701255450.4888309,10000,1.0965541176759857,0.9981055945156931,extrapolated_beyond_successful_hhl_range
hhl_projection,hhl_s1_fixed_m,4,state_preparation_only,,,75283.70770636441,694.1524359460287,1.0,10000,1.0965541176759857,0.9981055945156931,extrapolated_beyond_successful_hhl_range
hhl_projection,hhl_s1_fixed_m,4,single_scalar_observable_sampling,,,75283.70770636441,6941524.359460288,10000.0,10000,1.0965541176759857,0.9981055945156931,extrapolated_beyond_successful_hhl_range
hhl_projection,hhl_s1_fixed_m,4,full_vector_readout_lower_bound,,,75283.70770636441,52258369.09142167,75283.70770636441,10000,1.0965541176759857,0.9981055945156931,extrapolated_beyond_successful_hhl_range
hhl_projection,hhl_s1_fixed_m,4,full_vector_tomography_proxy,,,75283.70770636441,522583690914.2167,752837077.063644,10000,1.0965541176759857,0.9981055945156931,extrapolated_beyond_successful_hhl_range
hhl_projection,hhl_s1_fixed_m,4,state_preparation_only,,,80821.28476957318,750.3361293521489,1.0,10000,1.0965541176759857,0.9981055945156931,extrapolated_beyond_successful_hhl_range
hhl_projection,hhl_s1_fixed_m,4,single_scalar_observable_sampling,,,80821.28476957318,7503361.293521489,10000.0,10000,1.0965541176759857,0.9981055945156931,extrapolated_beyond_successful_hhl_range
hhl_projection,hhl_s1_fixed_m,4,full_vector_readout_lower_bound,,,80821.28476957318,60643129.98326932,80821.28476957318,10000,1.0965541176759857,0.9981055945156931,extrapolated_beyond_successful_hhl_range
hhl_projection,hhl_s1_fixed_m,4,full_vector_tomography_proxy,,,80821.28476957318,606431299832.6932,808212847.6957318,10000,1.0965541176759857,0.9981055945156931,extrapolated_beyond_successful_hhl_range
hhl_projection,hhl_s1_fixed_m,4,state_preparation_only,,,86766.18448817743,811.0672495787915,1.0,10000,1.0965541176759857,0.9981055945156931,extrapolated_beyond_successful_hhl_range
hhl_projection,hhl_s1_fixed_m,4,single_scalar_observable_sampling,,,86766.18448817743,8110672.495787915,10000.0,10000,1.0965541176759857,0.9981055945156931,extrapolated_beyond_successful_hhl_range
hhl_projection,hhl_s1_fixed_m,4,full_vector_readout_lower_bound,,,86766.18448817743,70373210.60927206,86766.18448817743,10000,1.0965541176759857,0.9981055945156931,extrapolated_beyond_successful_hhl_range
hhl_projection,hhl_s1_fixed_m,4,full_vector_tomography_proxy,,,86766.18448817743,703732106092.7207,867661844.8817743,10000,1.0965541176759857,0.9981055945156931,extrapolated_beyond_successful_hhl_range
hhl_projection,hhl_s1_fixed_m,4,state_preparation_only,,,93148.36793426787,876.7138587705844,1.0,10000,1.0965541176759857,0.9981055945156931,extrapolated_beyond_successful_hhl_range
hhl_projection,hhl_s1_fixed_m,4,single_scalar_observable_sampling,,,93148.36793426787,8767138.587705843,10000.0,10000,1.0965541176759857,0.9981055945156931,extrapolated_beyond_successful_hhl_range
hhl_projection,hhl_s1_fixed_m,4,full_vector_readout_lower_bound,,,93148.36793426787,81664465.08983414,93148.36793426787,10000,1.0965541176759857,0.9981055945156931,extrapolated_beyond_successful_hhl_range
hhl_projection,hhl_s1_fixed_m,4,full_vector_tomography_proxy,,,93148.36793426787,816644650898.3414,931483679.3426787,10000,1.0965541176759857,0.9981055945156931,extrapolated_beyond_successful_hhl_range
hhl_projection,hhl_s1_fixed_m,4,state_preparation_only,,,100000.0,947.6738094893813,1.0,10000,1.0965541176759857,0.9981055945156931,extrapolated_beyond_successful_hhl_range
hhl_projection,hhl_s1_fixed_m,4,single_scalar_observable_sampling,,,100000.0,9476738.094893813,10000.0,10000,1.0965541176759857,0.9981055945156931,extrapolated_beyond_successful_hhl_range
hhl_projection,hhl_s1_fixed_m,4,full_vector_readout_lower_bound,,,100000.0,94767380.94893813,100000.0,10000,1.0965541176759857,0.9981055945156931,extrapolated_beyond_successful_hhl_range
hhl_projection,hhl_s1_fixed_m,4,full_vector_tomography_proxy,,,100000.0,947673809489.3812,1000000000.0,10000,1.0965541176759857,0.9981055945156931,extrapolated_beyond_successful_hhl_range
hhl_projection,hhl_s1_fixed_m,6,state_preparation_only,,,20.000000000000004,0.3971336631410801,1.0,2000,1.1002720708523954,0.9973620007718406,inside_observed_success_range
hhl_projection,hhl_s1_fixed_m,6,single_scalar_observable_sampling,,,20.000000000000004,3971.336631410801,10000.0,2000,1.1002720708523954,0.9973620007718406,inside_observed_success_range
hhl_projection,hhl_s1_fixed_m,6,full_vector_readout_lower_bound,,,20.000000000000004,7.942673262821604,20.000000000000004,2000,1.1002720708523954,0.9973620007718406,inside_observed_success_range
hhl_projection,hhl_s1_fixed_m,6,full_vector_tomography_proxy,,,20.000000000000004,79426.73262821604,200000.00000000003,2000,1.1002720708523954,0.9973620007718406,inside_observed_success_range
hhl_projection,hhl_s1_fixed_m,6,state_preparation_only,,,21.47112230040726,0.42939038289627324,1.0,2000,1.1002720708523954,0.9973620007718406,inside_observed_success_range
hhl_projection,hhl_s1_fixed_m,6,single_scalar_observable_sampling,,,21.47112230040726,4293.903828962732,10000.0,2000,1.1002720708523954,0.9973620007718406,inside_observed_success_range
hhl_projection,hhl_s1_fixed_m,6,full_vector_readout_lower_bound,,,21.47112230040726,9.219493425784584,21.47112230040726,2000,1.1002720708523954,0.9973620007718406,inside_observed_success_range
hhl_projection,hhl_s1_fixed_m,6,full_vector_tomography_proxy,,,21.47112230040726,92194.93425784583,214711.22300407258,2000,1.1002720708523954,0.9973620007718406,inside_observed_success_range
hhl_projection,hhl_s1_fixed_m,6,state_preparation_only,,,23.050454641952303,0.4642671171854538,1.0,2000,1.1002720708523954,0.9973620007718406,inside_observed_success_range
hhl_projection,hhl_s1_fixed_m,6,single_scalar_observable_sampling,,,23.050454641952303,4642.671171854538,10000.0,2000,1.1002720708523954,0.9973620007718406,inside_observed_success_range
hhl_projection,hhl_s1_fixed_m,6,full_vector_readout_lower_bound,,,23.050454641952303,10.701568126433258,23.050454641952303,2000,1.1002720708523954,0.9973620007718406,inside_observed_success_range
hhl_projection,hhl_s1_fixed_m,6,full_vector_tomography_proxy,,,23.050454641952303,107015.68126433257,230504.54641952302,2000,1.1002720708523954,0.9973620007718406,inside_observed_success_range
hhl_projection,hhl_s1_fixed_m,6,state_preparation_only,,,24.7459565348674,0.5019766736409655,1.0,2000,1.1002720708523954,0.9973620007718406,inside_observed_success_range
hhl_projection,hhl_s1_fixed_m,6,single_scalar_observable_sampling,,,24.7459565348674,5019.766736409655,10000.0,2000,1.1002720708523954,0.9973620007718406,inside_observed_success_range
hhl_projection,hhl_s1_fixed_m,6,full_vector_readout_lower_bound,,,24.7459565348674,12.421892947436652,24.7459565348674,2000,1.1002720708523954,0.9973620007718406,inside_observed_success_range
hhl_projection,hhl_s1_fixed_m,6,full_vector_tomography_proxy,,,24.7459565348674,124218.92947436651,247459.565348674,2000,1.1002720708523954,0.9973620007718406,inside_observed_success_range
hhl_projection,hhl_s1_fixed_m,6,state_preparation_only,,,26.56617296003502,0.5427491449475057,1.0,2000,1.1002720708523954,0.9973620007718406,inside_observed_success_range
hhl_projection,hhl_s1_fixed_m,6,single_scalar_observable_sampling,,,26.56617296003502,5427.491449475057,10000.0,2000,1.1002720708523954,0.9973620007718406,inside_observed_success_range
hhl_projection,hhl_s1_fixed_m,6,full_vector_readout_lower_bound,,,26.56617296003502,14.418767658586553,26.56617296003502,2000,1.1002720708523954,0.9973620007718406,inside_observed_success_range
hhl_projection,hhl_s1_fixed_m,6,full_vector_tomography_proxy,,,26.56617296003502,144187.67658586553,265661.7296003502,2000,1.1002720708523954,0.9973620007718406,inside_observed_success_range
hhl_projection,hhl_s1_fixed_m,6,state_preparation_only,,,28.520277433934204,0.5868333128003907,1.0,2000,1.1002720708523954,0.9973620007718406,inside_observed_success_range
hhl_projection,hhl_s1_fixed_m,6,single_scalar_observable_sampling,,,28.520277433934204,5868.333128003907,10000.0,2000,1.1002720708523954,0.9973620007718406,inside_observed_success_range
hhl_projection,hhl_s1_fixed_m,6,full_vector_readout_lower_bound,,,28.520277433934204,16.736648888541836,28.520277433934204,2000,1.1002720708523954,0.9973620007718406,inside_observed_success_range
hhl_projection,hhl_s1_fixed_m,6,full_vector_tomography_proxy,,,28.520277433934204,167366.48888541837,285202.774339342,2000,1.1002720708523954,0.9973620007718406,inside_observed_success_range
hhl_projection,hhl_s1_fixed_m,6,state_preparation_only,,,30.61811824127734,0.6344981658987024,1.0,2000,1.1002720708523954,0.9973620007718406,inside_observed_success_range
hhl_projection,hhl_s1_fixed_m,6,single_scalar_observable_sampling,,,30.61811824127734,6344.981658987024,10000.0,2000,1.1002720708523954,0.9973620007718406,inside_observed_success_range
hhl_projection,hhl_s1_fixed_m,6,full_vector_readout_lower_bound,,,30.61811824127734,19.42713986736008,30.61811824127734,2000,1.1002720708523954,0.9973620007718406,inside_observed_success_range
hhl_projection,hhl_s1_fixed_m,6,full_vector_tomography_proxy,,,30.61811824127734,194271.39867360075,306181.18241277337,2000,1.1002720708523954,0.9973620007718406,inside_observed_success_range
hhl_projection,hhl_s1_fixed_m,6,state_preparation_only,,,32.870268068339804,0.6860345412356578,1.0,2000,1.1002720708523954,0.9973620007718406,inside_observed_success_range
hhl_projection,hhl_s1_fixed_m,6,single_scalar_observable_sampling,,,32.870268068339804,6860.345412356578,10000.0,2000,1.1002720708523954,0.9973620007718406,inside_observed_success_range
hhl_projection,hhl_s1_fixed_m,6,full_vector_readout_lower_bound,,,32.870268068339804,22.55013927455659,32.870268068339804,2000,1.1002720708523954,0.9973620007718406,inside_observed_success_range
hhl_projection,hhl_s1_fixed_m,6,full_vector_tomography_proxy,,,32.870268068339804,225501.39274556588,328702.68068339804,2000,1.1002720708523954,0.9973620007718406,inside_observed_success_range
hhl_projection,hhl_s1_fixed_m,6,state_preparation_only,,,35.28807728712478,0.741756898700882,1.0,2000,1.1002720708523954,0.9973620007718406,inside_observed_success_range
hhl_projection,hhl_s1_fixed_m,6,single_scalar_observable_sampling,,,35.28807728712478,7417.56898700882,10000.0,2000,1.1002720708523954,0.9973620007718406,inside_observed_success_range
hhl_projection,hhl_s1_fixed_m,6,full_vector_readout_lower_bound,,,35.28807728712478,26.17517476961471,35.28807728712478,2000,1.1002720708523954,0.9973620007718406,inside_observed_success_range
hhl_projection,hhl_s1_fixed_m,6,full_vector_tomography_proxy,,,35.28807728712478,261751.7476961471,352880.7728712478,2000,1.1002720708523954,0.9973620007718406,inside_observed_success_range
hhl_projection,hhl_s1_fixed_m,6,state_preparation_only,,,37.883731158903984,0.802005239822687,1.0,2000,1.1002720708523954,0.9973620007718406,inside_observed_success_range
hhl_projection,hhl_s1_fixed_m,6,single_scalar_observable_sampling,,,37.883731158903984,8020.0523982268705,10000.0,2000,1.1002720708523954,0.9973620007718406,inside_observed_success_range
hhl_projection,hhl_s1_fixed_m,6,full_vector_readout_lower_bound,,,37.883731158903984,30.38295089347499,37.883731158903984,2000,1.1002720708523954,0.9973620007718406,inside_observed_success_range
hhl_projection,hhl_s1_fixed_m,6,full_vector_tomography_proxy,,,37.883731158903984,303829.5089347499,378837.3115890398,2000,1.1002720708523954,0.9973620007718406,inside_observed_success_range
hhl_projection,hhl_s1_fixed_m,6,state_preparation_only,,,40.67031124542884,0.8671471823579565,1.0,2000,1.1002720708523954,0.9973620007718406,inside_observed_success_range
hhl_projection,hhl_s1_fixed_m,6,single_scalar_observable_sampling,,,40.67031124542884,8671.471823579564,10000.0,2000,1.1002720708523954,0.9973620007718406,inside_observed_success_range
hhl_projection,hhl_s1_fixed_m,6,full_vector_readout_lower_bound,,,40.67031124542884,35.26714580209473,40.67031124542884,2000,1.1002720708523954,0.9973620007718406,inside_observed_success_range
hhl_projection,hhl_s1_fixed_m,6,full_vector_tomography_proxy,,,40.67031124542884,352671.45802094735,406703.1124542884,2000,1.1002720708523954,0.9973620007718406,inside_observed_success_range
hhl_projection,hhl_s1_fixed_m,6,state_preparation_only,,,43.661861337311564,0.9375802033881814,1.0,2000,1.1002720708523954,0.9973620007718406,inside_observed_success_range
hhl_projection,hhl_s1_fixed_m,6,single_scalar_observable_sampling,,,43.661861337311564,9375.802033881813,10000.0,2000,1.1002720708523954,0.9973620007718406,inside_observed_success_range
hhl_projection,hhl_s1_fixed_m,6,full_vector_readout_lower_bound,,,43.661861337311564,40.93649683294315,43.661861337311564,2000,1.1002720708523954,0.9973620007718406,inside_observed_success_range
hhl_projection,hhl_s1_fixed_m,6,full_vector_tomography_proxy,,,43.661861337311564,409364.96832943143,436618.6133731156,2000,1.1002720708523954,0.9973620007718406,inside_observed_success_range
hhl_projection,hhl_s1_fixed_m,6,state_preparation_only,,,46.873458231842,1.0137340646083681,1.0,2000,1.1002720708523954,0.9973620007718406,inside_observed_success_range
hhl_projection,hhl_s1_fixed_m,6,single_scalar_observable_sampling,,,46.873458231842,10137.340646083681,10000.0,2000,1.1002720708523954,0.9973620007718406,inside_observed_success_range
hhl_projection,hhl_s1_fixed_m,6,full_vector_readout_lower_bound,,,46.873458231842,47.517221335615766,46.873458231842,2000,1.1002720708523954,0.9973620007718406,inside_observed_success_range
hhl_projection,hhl_s1_fixed_m,6,full_vector_tomography_proxy,,,46.873458231842,475172.21335615765,468734.58231842,2000,1.1002720708523954,0.9973620007718406,inside_observed_success_range
hhl_projection,hhl_s1_fixed_m,6,state_preparation_only,,,50.32128771694554,1.0960734346072003,1.0,2000,1.1002720708523954,0.9973620007718406,inside_observed_success_range
hhl_projection,hhl_s1_fixed_m,6,single_scalar_observable_sampling,,,50.32128771694554,10960.734346072002,10000.0,2000,1.1002720708523954,0.9973620007718406,inside_observed_success_range
hhl_projection,hhl_s1_fixed_m,6,full_vector_readout_lower_bound,,,50.32128771694554,55.15582666176962,50.32128771694554,2000,1.1002720708523954,0.9973620007718406,inside_observed_success_range
hhl_projection,hhl_s1_fixed_m,6,full_vector_tomography_proxy,,,50.32128771694554,551558.2666176962,503212.8771694554,2000,1.1002720708523954,0.9973620007718406,inside_observed_success_range
hhl_projection,hhl_s1_fixed_m,6,state_preparation_only,,,54.022726144225956,1.1851007241388785,1.0,2000,1.1002720708523954,0.9973620007718406,inside_observed_success_range
hhl_projection,hhl_s1_fixed_m,6,single_scalar_observable_sampling,,,54.022726144225956,11851.007241388785,10000.0,2000,1.1002720708523954,0.9973620007718406,inside_observed_success_range
hhl_projection,hhl_s1_fixed_m,6,full_vector_readout_lower_bound,,,54.022726144225956,64.0223718734785,54.022726144225956,2000,1.1002720708523954,0.9973620007718406,inside_observed_success_range
hhl_projection,hhl_s1_fixed_m,6,full_vector_tomography_proxy,,,54.022726144225956,640223.718734785,540227.2614422595,2000,1.1002720708523954,0.9973620007718406,inside_observed_success_range
hhl_projection,hhl_s1_fixed_m,6,state_preparation_only,,,57.99642800220423,1.2813591516865932,1.0,2000,1.1002720708523954,0.9973620007718406,inside_observed_success_range
hhl_projection,hhl_s1_fixed_m,6,single_scalar_observable_sampling,,,57.99642800220423,12813.591516865932,10000.0,2000,1.1002720708523954,0.9973620007718406,inside_observed_success_range
hhl_projection,hhl_s1_fixed_m,6,full_vector_readout_lower_bound,,,57.99642800220423,74.31425378575699,57.99642800220423,2000,1.1002720708523954,0.9973620007718406,inside_observed_success_range
hhl_projection,hhl_s1_fixed_m,6,full_vector_tomography_proxy,,,57.99642800220423,743142.53785757,579964.2800220423,2000,1.1002720708523954,0.9973620007718406,inside_observed_success_range
hhl_projection,hhl_s1_fixed_m,6,state_preparation_only,,,62.26241993110458,1.3854360580228464,1.0,2000,1.1002720708523954,0.9973620007718406,inside_observed_success_range
hhl_projection,hhl_s1_fixed_m,6,single_scalar_observable_sampling,,,62.26241993110458,13854.360580228464,10000.0,2000,1.1002720708523954,0.9973620007718406,inside_observed_success_range
hhl_projection,hhl_s1_fixed_m,6,full_vector_readout_lower_bound,,,62.26241993110458,86.26060163231264,62.26241993110458,2000,1.1002720708523954,0.9973620007718406,inside_observed_success_range
hhl_projection,hhl_s1_fixed_m,6,full_vector_tomography_proxy,,,62.26241993110458,862606.0163231264,622624.1993110458,2000,1.1002720708523954,0.9973620007718406,inside_observed_success_range
hhl_projection,hhl_s1_fixed_m,6,state_preparation_only,,,66.84220165300304,1.4979664899910554,1.0,2000,1.1002720708523954,0.9973620007718406,inside_observed_success_range
hhl_projection,hhl_s1_fixed_m,6,single_scalar_observable_sampling,,,66.84220165300304,14979.664899910555,10000.0,2000,1.1002720708523954,0.9973620007718406,inside_observed_success_range
hhl_projection,hhl_s1_fixed_m,6,full_vector_readout_lower_bound,,,66.84220165300304,100.1273781934233,66.84220165300304,2000,1.1002720708523954,0.9973620007718406,inside_observed_success_range
hhl_projection,hhl_s1_fixed_m,6,full_vector_tomography_proxy,,,66.84220165300304,1001273.7819342329,668422.0165300304,2000,1.1002720708523954,0.9973620007718406,inside_observed_success_range
hhl_projection,hhl_s1_fixed_m,6,state_preparation_only,,,71.75885432600562,1.619637075375672,1.0,2000,1.1002720708523954,0.9973620007718406,inside_observed_success_range
hhl_projection,hhl_s1_fixed_m,6,single_scalar_observable_sampling,,,71.75885432600562,16196.370753756719,10000.0,2000,1.1002720708523954,0.9973620007718406,inside_observed_success_range
hhl_projection,hhl_s1_fixed_m,6,full_vector_readout_lower_bound,,,71.75885432600562,116.22330095288062,71.75885432600562,2000,1.1002720708523954,0.9973620007718406,inside_observed_success_range
hhl_projection,hhl_s1_fixed_m,6,full_vector_tomography_proxy,,,71.75885432600562,1162233.0095288062,717588.5432600562,2000,1.1002720708523954,0.9973620007718406,inside_observed_success_range
hhl_projection,hhl_s1_fixed_m,6,state_preparation_only,,,77.03715686853877,1.751190212504102,1.0,2000,1.1002720708523954,0.9973620007718406,inside_observed_success_range
hhl_projection,hhl_s1_fixed_m,6,single_scalar_observable_sampling,,,77.03715686853877,17511.90212504102,10000.0,2000,1.1002720708523954,0.9973620007718406,inside_observed_success_range
hhl_projection,hhl_s1_fixed_m,6,full_vector_readout_lower_bound,,,77.03715686853877,134.90671510732824,77.03715686853877,2000,1.1002720708523954,0.9973620007718406,inside_observed_success_range
hhl_projection,hhl_s1_fixed_m,6,full_vector_tomography_proxy,,,77.03715686853877,1349067.1510732824,770371.5686853877,2000,1.1002720708523954,0.9973620007718406,inside_observed_success_range
hhl_projection,hhl_s1_fixed_m,6,state_preparation_only,,,82.70371084000278,1.8934286001441718,1.0,2000,1.1002720708523954,0.9973620007718406,inside_observed_success_range
hhl_projection,hhl_s1_fixed_m,6,single_scalar_observable_sampling,,,82.70371084000278,18934.286001441717,10000.0,2000,1.1002720708523954,0.9973620007718406,inside_observed_success_range
hhl_projection,hhl_s1_fixed_m,6,full_vector_readout_lower_bound,,,82.70371084000278,156.59357144251484,82.70371084000278,2000,1.1002720708523954,0.9973620007718406,inside_observed_success_range
hhl_projection,hhl_s1_fixed_m,6,full_vector_tomography_proxy,,,82.70371084000278,1565935.7144251484,827037.1084000278,2000,1.1002720708523954,0.9973620007718406,inside_observed_success_range
hhl_projection,hhl_s1_fixed_m,6,state_preparation_only,,,88.78707450716085,2.0472201353372537,1.0,2000,1.1002720708523954,0.9973620007718406,inside_observed_success_range
hhl_projection,hhl_s1_fixed_m,6,single_scalar_observable_sampling,,,88.78707450716085,20472.201353372537,10000.0,2000,1.1002720708523954,0.9973620007718406,inside_observed_success_range
hhl_projection,hhl_s1_fixed_m,6,full_vector_readout_lower_bound,,,88.78707450716085,181.76668668874868,88.78707450716085,2000,1.1002720708523954,0.9973620007718406,inside_observed_success_range
hhl_projection,hhl_s1_fixed_m,6,full_vector_tomography_proxy,,,88.78707450716085,1817666.8668874865,887870.7450716085,2000,1.1002720708523954,0.9973620007718406,inside_observed_success_range
hhl_projection,hhl_s1_fixed_m,6,state_preparation_only,,,95.31790677193109,2.21350320905217,1.0,2000,1.1002720708523954,0.9973620007718406,inside_observed_success_range
hhl_projection,hhl_s1_fixed_m,6,single_scalar_observable_sampling,,,95.31790677193109,22135.0320905217,10000.0,2000,1.1002720708523954,0.9973620007718406,inside_observed_success_range
hhl_projection,hhl_s1_fixed_m,6,full_vector_readout_lower_bound,,,95.31790677193109,210.98649251980504,95.31790677193109,2000,1.1002720708523954,0.9973620007718406,inside_observed_success_range
hhl_projection,hhl_s1_fixed_m,6,full_vector_tomography_proxy,,,95.31790677193109,2109864.92519805,953179.0677193109,2000,1.1002720708523954,0.9973620007718406,inside_observed_success_range
hhl_projection,hhl_s1_fixed_m,6,state_preparation_only,,,102.32912168594753,2.3932924319724456,1.0,2000,1.1002720708523954,0.9973620007718406,inside_observed_success_range
hhl_projection,hhl_s1_fixed_m,6,single_scalar_observable_sampling,,,102.32912168594753,23932.924319724454,10000.0,2000,1.1002720708523954,0.9973620007718406,inside_observed_success_range
hhl_projection,hhl_s1_fixed_m,6,full_vector_readout_lower_bound,,,102.32912168594753,244.90351250136567,102.32912168594753,2000,1.1002720708523954,0.9973620007718406,inside_observed_success_range
hhl_projection,hhl_s1_fixed_m,6,full_vector_tomography_proxy,,,102.32912168594753,2449035.125013657,1023291.2168594752,2000,1.1002720708523954,0.9973620007718406,inside_observed_success_range
hhl_projection,hhl_s1_fixed_m,6,state_preparation_only,,,109.85605433061183,2.587684825353955,1.0,2000,1.1002720708523954,0.9973620007718406,inside_observed_success_range
hhl_projection,hhl_s1_fixed_m,6,single_scalar_observable_sampling,,,109.85605433061183,25876.84825353955,10000.0,2000,1.1002720708523954,0.9973620007718406,inside_observed_success_range
hhl_projection,hhl_s1_fixed_m,6,full_vector_readout_lower_bound,,,109.85605433061183,284.27284476458385,109.85605433061183,2000,1.1002720708523954,0.9973620007718406,inside_observed_success_range
hhl_projection,hhl_s1_fixed_m,6,full_vector_tomography_proxy,,,109.85605433061183,2842728.447645838,1098560.543306118,2000,1.1002720708523954,0.9973620007718406,inside_observed_success_range
hhl_projection,hhl_s1_fixed_m,6,state_preparation_only,,,117.93663889863747,2.7978665147277813,1.0,2000,1.1002720708523954,0.9973620007718406,inside_observed_success_range
hhl_projection,hhl_s1_fixed_m,6,single_scalar_observable_sampling,,,117.93663889863747,27978.665147277814,10000.0,2000,1.1002720708523954,0.9973620007718406,inside_observed_success_range
hhl_projection,hhl_s1_fixed_m,6,full_vector_readout_lower_bound,,,117.93663889863747,329.9709728340397,117.93663889863747,2000,1.1002720708523954,0.9973620007718406,inside_observed_success_range
hhl_projection,hhl_s1_fixed_m,6,full_vector_tomography_proxy,,,117.93663889863747,3299709.728340397,1179366.3889863747,2000,1.1002720708523954,0.9973620007718406,inside_observed_success_range
hhl_projection,hhl_s1_fixed_m,6,state_preparation_only,,,126.6115998745807,3.0251199672913183,1.0,2000,1.1002720708523954,0.9973620007718406,inside_observed_success_range
hhl_projection,hhl_s1_fixed_m,6,single_scalar_observable_sampling,,,126.6115998745807,30251.199672913182,10000.0,2000,1.1002720708523954,0.9973620007718406,inside_observed_success_range
hhl_projection,hhl_s1_fixed_m,6,full_vector_readout_lower_bound,,,126.6115998745807,383.01527887129305,126.6115998745807,2000,1.1002720708523954,0.9973620007718406,inside_observed_success_range
hhl_projection,hhl_s1_fixed_m,6,full_vector_tomography_proxy,,,126.6115998745807,3830152.7887129304,1266115.998745807,2000,1.1002720708523954,0.9973620007718406,inside_observed_success_range
hhl_projection,hhl_s1_fixed_m,6,state_preparation_only,,,135.9246572778676,3.2708318171480024,1.0,2000,1.1002720708523954,0.9973620007718406,inside_observed_success_range
hhl_projection,hhl_s1_fixed_m,6,single_scalar_observable_sampling,,,135.9246572778676,32708.318171480023,10000.0,2000,1.1002720708523954,0.9973620007718406,inside_observed_success_range
hhl_projection,hhl_s1_fixed_m,6,full_vector_readout_lower_bound,,,135.9246572778676,444.5866937593871,135.9246572778676,2000,1.1002720708523954,0.9973620007718406,inside_observed_success_range
hhl_projection,hhl_s1_fixed_m,6,full_vector_tomography_proxy,,,135.9246572778676,4445866.937593871,1359246.572778676,2000,1.1002720708523954,0.9973620007718406,inside_observed_success_range
hhl_projection,hhl_s1_fixed_m,6,state_preparation_only,,,145.92274700270173,3.536501326143089,1.0,2000,1.1002720708523954,0.9973620007718406,inside_observed_success_range
hhl_projection,hhl_s1_fixed_m,6,single_scalar_observable_sampling,,,145.92274700270173,35365.01326143089,10000.0,2000,1.1002720708523954,0.9973620007718406,inside_observed_success_range
hhl_projection,hhl_s1_fixed_m,6,full_vector_readout_lower_bound,,,145.92274700270173,516.0559882894971,145.92274700270173,2000,1.1002720708523954,0.9973620007718406,inside_observed_success_range
hhl_projection,hhl_s1_fixed_m,6,full_vector_tomography_proxy,,,145.92274700270173,5160559.8828949705,1459227.4700270172,2000,1.1002720708523954,0.9973620007718406,inside_observed_success_range
hhl_projection,hhl_s1_fixed_m,6,state_preparation_only,,,156.65625736531982,3.823749531920961,1.0,2000,1.1002720708523954,0.9973620007718406,inside_observed_success_range
hhl_projection,hhl_s1_fixed_m,6,single_scalar_observable_sampling,,,156.65625736531982,38237.49531920961,10000.0,2000,1.1002720708523954,0.9973620007718406,inside_observed_success_range
hhl_projection,hhl_s1_fixed_m,6,full_vector_readout_lower_bound,,,156.65625736531982,599.0142907731313,156.65625736531982,2000,1.1002720708523954,0.9973620007718406,inside_observed_success_range
hhl_projection,hhl_s1_fixed_m,6,full_vector_tomography_proxy,,,156.65625736531982,5990142.907731312,1566562.573653198,2000,1.1002720708523954,0.9973620007718406,inside_observed_success_range
hhl_projection,hhl_s1_fixed_m,6,state_preparation_only,,,168.17928305074292,4.1343291390226895,1.0,2000,1.1002720708523954,0.9973620007718406,inside_observed_success_range
hhl_projection,hhl_s1_fixed_m,6,single_scalar_observable_sampling,,,168.17928305074292,41343.29139022689,10000.0,2000,1.1002720708523954,0.9973620007718406,inside_observed_success_range
hhl_projection,hhl_s1_fixed_m,6,full_vector_readout_lower_bound,,,168.17928305074292,695.3085104966312,168.17928305074292,2000,1.1002720708523954,0.9973620007718406,inside_observed_success_range
hhl_projection,hhl_s1_fixed_m,6,full_vector_tomography_proxy,,,168.17928305074292,6953085.104966312,1681792.830507429,2000,1.1002720708523954,0.9973620007718406,inside_observed_success_range
hhl_projection,hhl_s1_fixed_m,6,state_preparation_only,,,180.5498977388656,4.470135213376577,1.0,2000,1.1002720708523954,0.9973620007718406,inside_observed_success_range
hhl_projection,hhl_s1_fixed_m,6,single_scalar_observable_sampling,,,180.5498977388656,44701.352133765766,10000.0,2000,1.1002720708523954,0.9973620007718406,inside_observed_success_range
hhl_projection,hhl_s1_fixed_m,6,full_vector_readout_lower_bound,,,180.5498977388656,807.0824556540432,180.5498977388656,2000,1.1002720708523954,0.9973620007718406,inside_observed_success_range
hhl_projection,hhl_s1_fixed_m,6,full_vector_tomography_proxy,,,180.5498977388656,8070824.556540431,1805498.977388656,2000,1.1002720708523954,0.9973620007718406,inside_observed_success_range
hhl_projection,hhl_s1_fixed_m,6,state_preparation_only,,,193.83044678386045,4.833216745436196,1.0,2000,1.1002720708523954,0.9973620007718406,inside_observed_success_range
hhl_projection,hhl_s1_fixed_m,6,single_scalar_observable_sampling,,,193.83044678386045,48332.16745436196,10000.0,2000,1.1002720708523954,0.9973620007718406,inside_observed_success_range
hhl_projection,hhl_s1_fixed_m,6,full_vector_readout_lower_bound,,,193.83044678386045,936.8245611711337,193.83044678386045,2000,1.1002720708523954,0.9973620007718406,inside_observed_success_range
hhl_projection,hhl_s1_fixed_m,6,full_vector_tomography_proxy,,,193.83044678386045,9368245.611711336,1938304.4678386045,2000,1.1002720708523954,0.9973620007718406,inside_observed_success_range
hhl_projection,hhl_s1_fixed_m,6,state_preparation_only,,,208.08786142194228,5.22578915252085,1.0,2000,1.1002720708523954,0.9973620007718406,inside_observed_success_range
hhl_projection,hhl_s1_fixed_m,6,single_scalar_observable_sampling,,,208.08786142194228,52257.8915252085,10000.0,2000,1.1002720708523954,0.9973620007718406,inside_observed_success_range
hhl_projection,hhl_s1_fixed_m,6,full_vector_readout_lower_bound,,,208.08786142194228,1087.423288990048,208.08786142194228,2000,1.1002720708523954,0.9973620007718406,inside_observed_success_range
hhl_projection,hhl_s1_fixed_m,6,full_vector_tomography_proxy,,,208.08786142194228,10874232.889900478,2080878.6142194227,2000,1.1002720708523954,0.9973620007718406,inside_observed_success_range
hhl_projection,hhl_s1_fixed_m,6,state_preparation_only,,,223.3939960910361,5.650247796644187,1.0,2000,1.1002720708523954,0.9973620007718406,inside_observed_success_range
hhl_projection,hhl_s1_fixed_m,6,single_scalar_observable_sampling,,,223.3939960910361,56502.477966441875,10000.0,2000,1.1002720708523954,0.9973620007718406,inside_observed_success_range
hhl_projection,hhl_s1_fixed_m,6,full_vector_readout_lower_bound,,,223.3939960910361,1262.2314341969168,223.3939960910361,2000,1.1002720708523954,0.9973620007718406,inside_observed_success_range
hhl_projection,hhl_s1_fixed_m,6,full_vector_tomography_proxy,,,223.3939960910361,12622314.341969168,2233939.960910361,2000,1.1002720708523954,0.9973620007718406,inside_observed_success_range
hhl_projection,hhl_s1_fixed_m,6,state_preparation_only,,,239.82599056236668,6.109182600312549,1.0,2000,1.1002720708523954,0.9973620007718406,inside_observed_success_range
hhl_projection,hhl_s1_fixed_m,6,single_scalar_observable_sampling,,,239.82599056236668,61091.82600312548,10000.0,2000,1.1002720708523954,0.9973620007718406,inside_observed_success_range
hhl_projection,hhl_s1_fixed_m,6,full_vector_readout_lower_bound,,,239.82599056236668,1465.1407686463322,239.82599056236668,2000,1.1002720708523954,0.9973620007718406,inside_observed_success_range
hhl_projection,hhl_s1_fixed_m,6,full_vector_tomography_proxy,,,239.82599056236668,14651407.68646332,2398259.905623667,2000,1.1002720708523954,0.9973620007718406,inside_observed_success_range
hhl_projection,hhl_s1_fixed_m,6,state_preparation_only,,,257.4666587090447,6.605393849474718,1.0,2000,1.1002720708523954,0.9973620007718406,inside_observed_success_range
hhl_projection,hhl_s1_fixed_m,6,single_scalar_observable_sampling,,,257.4666587090447,66053.93849474718,10000.0,2000,1.1002720708523954,0.9973620007718406,inside_observed_success_range
hhl_projection,hhl_s1_fixed_m,6,full_vector_readout_lower_bound,,,257.4666587090447,1700.6686838815301,257.4666587090447,2000,1.1002720708523954,0.9973620007718406,inside_observed_success_range
hhl_projection,hhl_s1_fixed_m,6,full_vector_tomography_proxy,,,257.4666587090447,17006686.8388153,2574666.5870904466,2000,1.1002720708523954,0.9973620007718406,inside_observed_success_range
hhl_projection,hhl_s1_fixed_m,6,state_preparation_only,,,276.4049058709558,7.141909280047764,1.0,2000,1.1002720708523954,0.9973620007718406,inside_observed_success_range
hhl_projection,hhl_s1_fixed_m,6,single_scalar_observable_sampling,,,276.4049058709558,71419.09280047764,10000.0,2000,1.1002720708523954,0.9973620007718406,inside_observed_success_range
hhl_projection,hhl_s1_fixed_m,6,full_vector_readout_lower_bound,,,276.4049058709558,1974.058762290508,276.4049058709558,2000,1.1002720708523954,0.9973620007718406,inside_observed_success_range
hhl_projection,hhl_s1_fixed_m,6,full_vector_tomography_proxy,,,276.4049058709558,19740587.62290508,2764049.058709558,2000,1.1002720708523954,0.9973620007718406,inside_observed_success_range
hhl_projection,hhl_s1_fixed_m,6,state_preparation_only,,,296.7361769193925,7.722002552276053,1.0,2000,1.1002720708523954,0.9973620007718406,inside_observed_success_range
hhl_projection,hhl_s1_fixed_m,6,single_scalar_observable_sampling,,,296.7361769193925,77220.02552276054,10000.0,2000,1.1002720708523954,0.9973620007718406,inside_observed_success_range
hhl_projection,hhl_s1_fixed_m,6,full_vector_readout_lower_bound,,,296.7361769193925,2291.3975155241874,296.7361769193925,2000,1.1002720708523954,0.9973620007718406,inside_observed_success_range
hhl_projection,hhl_s1_fixed_m,6,full_vector_tomography_proxy,,,296.7361769193925,22913975.155241873,2967361.769193925,2000,1.1002720708523954,0.9973620007718406,inside_observed_success_range
hhl_projection,hhl_s1_fixed_m,6,state_preparation_only,,,318.56293727957825,8.349213225648693,1.0,2000,1.1002720708523954,0.9973620007718406,inside_observed_success_range
hhl_projection,hhl_s1_fixed_m,6,single_scalar_observable_sampling,,,318.56293727957825,83492.13225648693,10000.0,2000,1.1002720708523954,0.9973620007718406,inside_observed_success_range
hhl_projection,hhl_s1_fixed_m,6,full_vector_readout_lower_bound,,,318.56293727957825,2659.7498891361497,318.56293727957825,2000,1.1002720708523954,0.9973620007718406,inside_observed_success_range
hhl_projection,hhl_s1_fixed_m,6,full_vector_tomography_proxy,,,318.56293727957825,26597498.891361497,3185629.3727957825,2000,1.1002720708523954,0.9973620007718406,inside_observed_success_range
hhl_projection,hhl_s1_fixed_m,6,state_preparation_only,,,341.99518933533966,9.027368356256272,1.0,2000,1.1002720708523954,0.9973620007718406,inside_observed_success_range
hhl_projection,hhl_s1_fixed_m,6,single_scalar_observable_sampling,,,341.99518933533966,90273.68356256271,10000.0,2000,1.1002720708523954,0.9973620007718406,inside_observed_success_range
hhl_projection,hhl_s1_fixed_m,6,full_vector_readout_lower_bound,,,341.99518933533966,3087.316550197718,341.99518933533966,2000,1.1002720708523954,0.9973620007718406,inside_observed_success_range
hhl_projection,hhl_s1_fixed_m,6,full_vector_tomography_proxy,,,341.99518933533966,30873165.501977175,3419951.8933533966,2000,1.1002720708523954,0.9973620007718406,inside_observed_success_range
hhl_projection,hhl_s1_fixed_m,6,state_preparation_only,,,367.15102681850044,9.760605848367858,1.0,2000,1.1002720708523954,0.9973620007718406,inside_observed_success_range
hhl_projection,hhl_s1_fixed_m,6,single_scalar_observable_sampling,,,367.15102681850044,97606.05848367857,10000.0,2000,1.1002720708523954,0.9973620007718406,inside_observed_success_range
hhl_projection,hhl_s1_fixed_m,6,full_vector_readout_lower_bound,,,367.15102681850044,3583.6164595989194,367.15102681850044,2000,1.1002720708523954,0.9973620007718406,inside_observed_success_range
hhl_projection,hhl_s1_fixed_m,6,full_vector_tomography_proxy,,,367.15102681850044,35836164.59598919,3671510.268185004,2000,1.1002720708523954,0.9973620007718406,inside_observed_success_range
hhl_projection,hhl_s1_fixed_m,6,state_preparation_only,,,394.1572299770066,10.553399702712714,1.0,2000,1.1002720708523954,0.9973620007718406,inside_observed_success_range
hhl_projection,hhl_s1_fixed_m,6,single_scalar_observable_sampling,,,394.1572299770066,105533.99702712713,10000.0,2000,1.1002720708523954,0.9973620007718406,inside_observed_success_range
hhl_projection,hhl_s1_fixed_m,6,full_vector_readout_lower_bound,,,394.1572299770066,4159.698793661408,394.1572299770066,2000,1.1002720708523954,0.9973620007718406,inside_observed_success_range
hhl_projection,hhl_s1_fixed_m,6,full_vector_tomography_proxy,,,394.1572299770066,41596987.936614074,3941572.2997700656,2000,1.1002720708523954,0.9973620007718406,inside_observed_success_range
hhl_projection,hhl_s1_fixed_m,6,state_preparation_only,,,423.14990452130263,11.410587315524095,1.0,2000,1.1002720708523954,0.9973620007718406,inside_observed_success_range
hhl_projection,hhl_s1_fixed_m,6,single_scalar_observable_sampling,,,423.14990452130263,114105.87315524096,10000.0,2000,1.1002720708523954,0.9973620007718406,inside_observed_success_range
hhl_projection,hhl_s1_fixed_m,6,full_vector_readout_lower_bound,,,423.14990452130263,4828.388933096008,423.14990452130263,2000,1.1002720708523954,0.9973620007718406,inside_observed_success_range
hhl_projection,hhl_s1_fixed_m,6,full_vector_tomography_proxy,,,423.14990452130263,48283889.33096007,4231499.045213026,2000,1.1002720708523954,0.9973620007718406,inside_observed_success_range
hhl_projection,hhl_s1_fixed_m,6,state_preparation_only,,,454.2751675691273,12.33739899491646,1.0,2000,1.1002720708523954,0.9973620007718406,inside_observed_success_range
hhl_projection,hhl_s1_fixed_m,6,single_scalar_observable_sampling,,,454.2751675691273,123373.9899491646,10000.0,2000,1.1002720708523954,0.9973620007718406,inside_observed_success_range
hhl_projection,hhl_s1_fixed_m,6,full_vector_readout_lower_bound,,,454.2751675691273,5604.573995782858,454.2751675691273,2000,1.1002720708523954,0.9973620007718406,inside_observed_success_range
hhl_projection,hhl_s1_fixed_m,6,full_vector_tomography_proxy,,,454.2751675691273,56045739.95782858,4542751.675691273,2000,1.1002720708523954,0.9973620007718406,inside_observed_success_range
hhl_projection,hhl_s1_fixed_m,6,state_preparation_only,,,487.68988404573685,13.339489874695774,1.0,2000,1.1002720708523954,0.9973620007718406,inside_observed_success_range
hhl_projection,hhl_s1_fixed_m,6,single_scalar_observable_sampling,,,487.68988404573685,133394.89874695774,10000.0,2000,1.1002720708523954,0.9973620007718406,inside_observed_success_range
hhl_projection,hhl_s1_fixed_m,6,full_vector_readout_lower_bound,,,487.68988404573685,6505.534270219663,487.68988404573685,2000,1.1002720708523954,0.9973620007718406,inside_observed_success_range
hhl_projection,hhl_s1_fixed_m,6,full_vector_tomography_proxy,,,487.68988404573685,65055342.70219663,4876898.840457369,2000,1.1002720708523954,0.9973620007718406,inside_observed_success_range
hhl_projection,hhl_s1_fixed_m,6,state_preparation_only,,,523.5624572508727,14.422974420332098,1.0,2000,1.1002720708523954,0.9973620007718406,inside_observed_success_range
hhl_projection,hhl_s1_fixed_m,6,single_scalar_observable_sampling,,,523.5624572508727,144229.74420332097,10000.0,2000,1.1002720708523954,0.9973620007718406,inside_observed_success_range
hhl_projection,hhl_s1_fixed_m,6,full_vector_readout_lower_bound,,,523.5624572508727,7551.3279283755555,523.5624572508727,2000,1.1002720708523954,0.9973620007718406,inside_observed_success_range
hhl_projection,hhl_s1_fixed_m,6,full_vector_tomography_proxy,,,523.5624572508727,75513279.28375554,5235624.572508727,2000,1.1002720708523954,0.9973620007718406,inside_observed_success_range
hhl_projection,hhl_s1_fixed_m,6,state_preparation_only,,,562.073677576762,15.594463737639627,1.0,2000,1.1002720708523954,0.9973620007718406,inside_observed_success_range
hhl_projection,hhl_s1_fixed_m,6,single_scalar_observable_sampling,,,562.073677576762,155944.63737639628,10000.0,2000,1.1002720708523954,0.9973620007718406,inside_observed_success_range
hhl_projection,hhl_s1_fixed_m,6,full_vector_readout_lower_bound,,,562.073677576762,8765.237582852562,562.073677576762,2000,1.1002720708523954,0.9973620007718406,inside_observed_success_range
hhl_projection,hhl_s1_fixed_m,6,full_vector_tomography_proxy,,,562.073677576762,87652375.8285256,5620736.775767619,2000,1.1002720708523954,0.9973620007718406,inside_observed_success_range
hhl_projection,hhl_s1_fixed_m,6,state_preparation_only,,,603.4176336545162,16.861105911810757,1.0,2000,1.1002720708523954,0.9973620007718406,inside_observed_success_range
hhl_projection,hhl_s1_fixed_m,6,single_scalar_observable_sampling,,,603.4176336545162,168611.05911810757,10000.0,2000,1.1002720708523954,0.9973620007718406,inside_observed_success_range
hhl_projection,hhl_s1_fixed_m,6,full_vector_readout_lower_bound,,,603.4176336545162,10174.288630103021,603.4176336545162,2000,1.1002720708523954,0.9973620007718406,inside_observed_success_range
hhl_projection,hhl_s1_fixed_m,6,full_vector_tomography_proxy,,,603.4176336545162,101742886.3010302,6034176.336545162,2000,1.1002720708523954,0.9973620007718406,inside_observed_success_range
hhl_projection,hhl_s1_fixed_m,6,state_preparation_only,,,647.8026905209233,18.23062962294148,1.0,2000,1.1002720708523954,0.9973620007718406,inside_observed_success_range
hhl_projection,hhl_s1_fixed_m,6,single_scalar_observable_sampling,,,647.8026905209233,182306.2962294148,10000.0,2000,1.1002720708523954,0.9973620007718406,inside_observed_success_range
hhl_projection,hhl_s1_fixed_m,6,full_vector_readout_lower_bound,,,647.8026905209233,11809.850919631936,647.8026905209233,2000,1.1002720708523954,0.9973620007718406,inside_observed_success_range
hhl_projection,hhl_s1_fixed_m,6,full_vector_tomography_proxy,,,647.8026905209233,118098509.19631936,6478026.905209233,2000,1.1002720708523954,0.9973620007718406,inside_observed_success_range
hhl_projection,hhl_s1_fixed_m,6,state_preparation_only,,,695.4525397353804,19.711391304176843,1.0,2000,1.1002720708523954,0.9973620007718406,inside_observed_success_range
hhl_projection,hhl_s1_fixed_m,6,single_scalar_observable_sampling,,,695.4525397353804,197113.91304176842,10000.0,2000,1.1002720708523954,0.9973620007718406,inside_observed_success_range
hhl_projection,hhl_s1_fixed_m,6,full_vector_readout_lower_bound,,,695.4525397353804,13708.337144207677,695.4525397353804,2000,1.1002720708523954,0.9973620007718406,inside_observed_success_range
hhl_projection,hhl_s1_fixed_m,6,full_vector_tomography_proxy,,,695.4525397353804,137083371.44207674,6954525.397353803,2000,1.1002720708523954,0.9973620007718406,inside_observed_success_range
hhl_projection,hhl_s1_fixed_m,6,state_preparation_only,,,746.6073267393598,21.312426130222107,1.0,2000,1.1002720708523954,0.9973620007718406,inside_observed_success_range
hhl_projection,hhl_s1_fixed_m,6,single_scalar_observable_sampling,,,746.6073267393598,213124.26130222107,10000.0,2000,1.1002720708523954,0.9973620007718406,inside_observed_success_range
hhl_projection,hhl_s1_fixed_m,6,full_vector_readout_lower_bound,,,746.6073267393598,15912.013499415207,746.6073267393598,2000,1.1002720708523954,0.9973620007718406,inside_observed_success_range
hhl_projection,hhl_s1_fixed_m,6,full_vector_tomography_proxy,,,746.6073267393598,159120134.99415204,7466073.267393597,2000,1.1002720708523954,0.9973620007718406,inside_observed_success_range
hhl_projection,hhl_s1_fixed_m,6,state_preparation_only,,,801.5248611400461,23.043503147336157,1.0,2000,1.1002720708523954,0.9973620007718406,inside_observed_success_range
hhl_projection,hhl_s1_fixed_m,6,single_scalar_observable_sampling,,,801.5248611400461,230435.03147336157,10000.0,2000,1.1002720708523954,0.9973620007718406,inside_observed_success_range
hhl_projection,hhl_s1_fixed_m,6,full_vector_readout_lower_bound,,,801.5248611400461,18469.940660348828,801.5248611400461,2000,1.1002720708523954,0.9973620007718406,inside_observed_success_range
hhl_projection,hhl_s1_fixed_m,6,full_vector_tomography_proxy,,,801.5248611400461,184699406.60348827,8015248.611400461,2000,1.1002720708523954,0.9973620007718406,inside_observed_success_range
hhl_projection,hhl_s1_fixed_m,6,state_preparation_only,,,860.4819160177441,24.915184881194847,1.0,2000,1.1002720708523954,0.9973620007718406,inside_observed_success_range
hhl_projection,hhl_s1_fixed_m,6,single_scalar_observable_sampling,,,860.4819160177441,249151.84881194847,10000.0,2000,1.1002720708523954,0.9973620007718406,inside_observed_success_range
hhl_projection,hhl_s1_fixed_m,6,full_vector_readout_lower_bound,,,860.4819160177441,21439.066024506872,860.4819160177441,2000,1.1002720708523954,0.9973620007718406,inside_observed_success_range
hhl_projection,hhl_s1_fixed_m,6,full_vector_tomography_proxy,,,860.4819160177441,214390660.24506873,8604819.160177441,2000,1.1002720708523954,0.9973620007718406,inside_observed_success_range
hhl_projection,hhl_s1_fixed_m,6,state_preparation_only,,,923.7756228052879,26.938891786333286,1.0,2000,1.1002720708523954,0.9973620007718406,inside_observed_success_range
hhl_projection,hhl_s1_fixed_m,6,single_scalar_observable_sampling,,,923.7756228052879,269388.91786333284,10000.0,2000,1.1002720708523954,0.9973620007718406,inside_observed_success_range
hhl_projection,hhl_s1_fixed_m,6,full_vector_readout_lower_bound,,,923.7756228052879,24885.491537604285,923.7756228052879,2000,1.1002720708523954,0.9973620007718406,inside_observed_success_range
hhl_projection,hhl_s1_fixed_m,6,full_vector_tomography_proxy,,,923.7756228052879,248854915.37604284,9237756.228052879,2000,1.1002720708523954,0.9973620007718406,inside_observed_success_range
hhl_projection,hhl_s1_fixed_m,6,state_preparation_only,,,991.7249687693615,29.126971930419565,1.0,2000,1.1002720708523954,0.9973620007718406,inside_observed_success_range
hhl_projection,hhl_s1_fixed_m,6,single_scalar_observable_sampling,,,991.7249687693615,291269.71930419566,10000.0,2000,1.1002720708523954,0.9973620007718406,inside_observed_success_range
hhl_projection,hhl_s1_fixed_m,6,full_vector_readout_lower_bound,,,991.7249687693615,28885.94532804141,991.7249687693615,2000,1.1002720708523954,0.9973620007718406,inside_observed_success_range
hhl_projection,hhl_s1_fixed_m,6,full_vector_tomography_proxy,,,991.7249687693615,288859453.2804141,9917249.687693615,2000,1.1002720708523954,0.9973620007718406,inside_observed_success_range
hhl_projection,hhl_s1_fixed_m,6,state_preparation_only,,,1064.6724046407257,31.492776338551927,1.0,2000,1.1002720708523954,0.9973620007718406,inside_observed_success_range
hhl_projection,hhl_s1_fixed_m,6,single_scalar_observable_sampling,,,1064.6724046407257,314927.76338551927,10000.0,2000,1.1002720708523954,0.9973620007718406,inside_observed_success_range
hhl_projection,hhl_s1_fixed_m,6,full_vector_readout_lower_bound,,,1064.6724046407257,33529.48991317863,1064.6724046407257,2000,1.1002720708523954,0.9973620007718406,inside_observed_success_range
hhl_projection,hhl_s1_fixed_m,6,full_vector_tomography_proxy,,,1064.6724046407257,335294899.1317863,10646724.046407256,2000,1.1002720708523954,0.9973620007718406,inside_observed_success_range
hhl_projection,hhl_s1_fixed_m,6,state_preparation_only,,,1142.9855704954857,34.050740457309544,1.0,2000,1.1002720708523954,0.9973620007718406,inside_observed_success_range
hhl_projection,hhl_s1_fixed_m,6,single_scalar_observable_sampling,,,1142.9855704954857,340507.40457309544,10000.0,2000,1.1002720708523954,0.9973620007718406,inside_observed_success_range
hhl_projection,hhl_s1_fixed_m,6,full_vector_readout_lower_bound,,,1142.9855704954857,38919.505007391665,1142.9855704954857,2000,1.1002720708523954,0.9973620007718406,inside_observed_success_range
hhl_projection,hhl_s1_fixed_m,6,full_vector_tomography_proxy,,,1142.9855704954857,389195050.0739167,11429855.704954857,2000,1.1002720708523954,0.9973620007718406,inside_observed_success_range
hhl_projection,hhl_s1_fixed_m,6,state_preparation_only,,,1227.059148585466,36.81647223562532,1.0,2000,1.1002720708523954,0.9973620007718406,inside_observed_success_range
hhl_projection,hhl_s1_fixed_m,6,single_scalar_observable_sampling,,,1227.059148585466,368164.7223562532,10000.0,2000,1.1002720708523954,0.9973620007718406,inside_observed_success_range
hhl_projection,hhl_s1_fixed_m,6,full_vector_readout_lower_bound,,,1227.059148585466,45175.98907536685,1227.059148585466,2000,1.1002720708523954,0.9973620007718406,inside_observed_success_range
hhl_projection,hhl_s1_fixed_m,6,full_vector_tomography_proxy,,,1227.059148585466,451759890.7536685,12270591.48585466,2000,1.1002720708523954,0.9973620007718406,inside_observed_success_range
hhl_projection,hhl_s1_fixed_m,6,state_preparation_only,,,1317.3168524556074,39.806847359925875,1.0,2000,1.1002720708523954,0.9973620007718406,inside_observed_success_range
hhl_projection,hhl_s1_fixed_m,6,single_scalar_observable_sampling,,,1317.3168524556074,398068.47359925875,10000.0,2000,1.1002720708523954,0.9973620007718406,inside_observed_success_range
hhl_projection,hhl_s1_fixed_m,6,full_vector_readout_lower_bound,,,1317.3168524556074,52438.23087035836,1317.3168524556074,2000,1.1002720708523954,0.9973620007718406,inside_observed_success_range
hhl_projection,hhl_s1_fixed_m,6,full_vector_tomography_proxy,,,1317.3168524556074,524382308.7035836,13173168.524556074,2000,1.1002720708523954,0.9973620007718406,inside_observed_success_range
hhl_projection,hhl_s1_fixed_m,6,state_preparation_only,,,1414.213562373095,43.040112224634015,1.0,2000,1.1002720708523954,0.9973620007718406,inside_observed_success_range
hhl_projection,hhl_s1_fixed_m,6,single_scalar_observable_sampling,,,1414.213562373095,430401.12224634015,10000.0,2000,1.1002720708523954,0.9973620007718406,inside_observed_success_range
hhl_projection,hhl_s1_fixed_m,6,full_vector_readout_lower_bound,,,1414.213562373095,60867.91043413747,1414.213562373095,2000,1.1002720708523954,0.9973620007718406,inside_observed_success_range
hhl_projection,hhl_s1_fixed_m,6,full_vector_tomography_proxy,,,1414.213562373095,608679104.3413746,14142135.62373095,2000,1.1002720708523954,0.9973620007718406,inside_observed_success_range
hhl_projection,hhl_s1_fixed_m,6,state_preparation_only,,,1518.2376178303682,46.53599526633148,1.0,2000,1.1002720708523954,0.9973620007718406,inside_observed_success_range
hhl_projection,hhl_s1_fixed_m,6,single_scalar_observable_sampling,,,1518.2376178303682,465359.9526633148,10000.0,2000,1.1002720708523954,0.9973620007718406,inside_observed_success_range
hhl_projection,hhl_s1_fixed_m,6,full_vector_readout_lower_bound,,,1518.2376178303682,70652.69859652041,1518.2376178303682,2000,1.1002720708523954,0.9973620007718406,inside_observed_success_range
hhl_projection,hhl_s1_fixed_m,6,full_vector_tomography_proxy,,,1518.2376178303682,706526985.965204,15182376.178303681,2000,1.1002720708523954,0.9973620007718406,inside_observed_success_range
hhl_projection,hhl_s1_fixed_m,6,state_preparation_only,,,1629.9132786757411,50.31582734090891,1.0,2000,1.1002720708523954,0.9973620007718406,inside_observed_success_range
hhl_projection,hhl_s1_fixed_m,6,single_scalar_observable_sampling,,,1629.9132786757411,503158.27340908913,10000.0,2000,1.1002720708523954,0.9973620007718406,inside_observed_success_range
hhl_projection,hhl_s1_fixed_m,6,full_vector_readout_lower_bound,,,1629.9132786757411,82010.43511050334,1629.9132786757411,2000,1.1002720708523954,0.9973620007718406,inside_observed_success_range
hhl_projection,hhl_s1_fixed_m,6,full_vector_tomography_proxy,,,1629.9132786757411,820104351.1050334,16299132.786757411,2000,1.1002720708523954,0.9973620007718406,inside_observed_success_range
hhl_projection,hhl_s1_fixed_m,6,state_preparation_only,,,1749.8033672752315,54.402671878209816,1.0,2000,1.1002720708523954,0.9973620007718406,inside_observed_success_range
hhl_projection,hhl_s1_fixed_m,6,single_scalar_observable_sampling,,,1749.8033672752315,544026.7187820981,10000.0,2000,1.1002720708523954,0.9973620007718406,inside_observed_success_range
hhl_projection,hhl_s1_fixed_m,6,full_vector_readout_lower_bound,,,1749.8033672752315,95193.97844126108,1749.8033672752315,2000,1.1002720708523954,0.9973620007718406,inside_observed_success_range
hhl_projection,hhl_s1_fixed_m,6,full_vector_tomography_proxy,,,1749.8033672752315,951939784.4126107,17498033.672752313,2000,1.1002720708523954,0.9973620007718406,inside_observed_success_range
hhl_projection,hhl_s1_fixed_m,6,state_preparation_only,,,1878.5121050215455,58.82146560833411,1.0,2000,1.1002720708523954,0.9973620007718406,inside_observed_success_range
hhl_projection,hhl_s1_fixed_m,6,single_scalar_observable_sampling,,,1878.5121050215455,588214.6560833411,10000.0,2000,1.1002720708523954,0.9973620007718406,inside_observed_success_range
hhl_projection,hhl_s1_fixed_m,6,full_vector_readout_lower_bound,,,1878.5121050215455,110496.83518036414,1878.5121050215455,2000,1.1002720708523954,0.9973620007718406,inside_observed_success_range
hhl_projection,hhl_s1_fixed_m,6,full_vector_tomography_proxy,,,1878.5121050215455,1104968351.8036413,18785121.050215453,2000,1.1002720708523954,0.9973620007718406,inside_observed_success_range
hhl_projection,hhl_s1_fixed_m,6,state_preparation_only,,,2016.6881574856552,63.59917071827279,1.0,2000,1.1002720708523954,0.9973620007718406,extrapolated_beyond_successful_hhl_range
hhl_projection,hhl_s1_fixed_m,6,single_scalar_observable_sampling,,,2016.6881574856552,635991.7071827279,10000.0,2000,1.1002720708523954,0.9973620007718406,extrapolated_beyond_successful_hhl_range
hhl_projection,hhl_s1_fixed_m,6,full_vector_readout_lower_bound,,,2016.6881574856552,128259.69441344918,2016.6881574856552,2000,1.1002720708523954,0.9973620007718406,extrapolated_beyond_successful_hhl_range
hhl_projection,hhl_s1_fixed_m,6,full_vector_tomography_proxy,,,2016.6881574856552,1282596944.1344917,20166881.57485655,2000,1.1002720708523954,0.9973620007718406,extrapolated_beyond_successful_hhl_range
hhl_projection,hhl_s1_fixed_m,6,state_preparation_only,,,2165.0279035578724,68.76493936728612,1.0,2000,1.1002720708523954,0.9973620007718406,extrapolated_beyond_successful_hhl_range
hhl_projection,hhl_s1_fixed_m,6,single_scalar_observable_sampling,,,2165.0279035578724,687649.3936728612,10000.0,2000,1.1002720708523954,0.9973620007718406,extrapolated_beyond_successful_hhl_range
hhl_projection,hhl_s1_fixed_m,6,full_vector_readout_lower_bound,,,2165.0279035578724,148878.01251663966,2165.0279035578724,2000,1.1002720708523954,0.9973620007718406,extrapolated_beyond_successful_hhl_range
hhl_projection,hhl_s1_fixed_m,6,full_vector_tomography_proxy,,,2165.0279035578724,1488780125.1663966,21650279.035578724,2000,1.1002720708523954,0.9973620007718406,extrapolated_beyond_successful_hhl_range
hhl_projection,hhl_s1_fixed_m,6,state_preparation_only,,,2324.2789450542714,74.35029156485457,1.0,2000,1.1002720708523954,0.9973620007718406,extrapolated_beyond_successful_hhl_range
hhl_projection,hhl_s1_fixed_m,6,single_scalar_observable_sampling,,,2324.2789450542714,743502.9156485457,10000.0,2000,1.1002720708523954,0.9973620007718406,extrapolated_beyond_successful_hhl_range
hhl_projection,hhl_s1_fixed_m,6,full_vector_readout_lower_bound,,,2324.2789450542714,172810.8172428377,2324.2789450542714,2000,1.1002720708523954,0.9973620007718406,extrapolated_beyond_successful_hhl_range
hhl_projection,hhl_s1_fixed_m,6,full_vector_tomography_proxy,,,2324.2789450542714,1728108172.428377,23242789.450542714,2000,1.1002720708523954,0.9973620007718406,extrapolated_beyond_successful_hhl_range
hhl_projection,hhl_s1_fixed_m,6,state_preparation_only,,,2495.243874476092,80.38930749655721,1.0,2000,1.1002720708523954,0.9973620007718406,extrapolated_beyond_successful_hhl_range
hhl_projection,hhl_s1_fixed_m,6,single_scalar_observable_sampling,,,2495.243874476092,803893.0749655721,10000.0,2000,1.1002720708523954,0.9973620007718406,extrapolated_beyond_successful_hhl_range
hhl_projection,hhl_s1_fixed_m,6,full_vector_readout_lower_bound,,,2495.243874476092,200590.92710415937,2495.243874476092,2000,1.1002720708523954,0.9973620007718406,extrapolated_beyond_successful_hhl_range
hhl_projection,hhl_s1_fixed_m,6,full_vector_tomography_proxy,,,2495.243874476092,2005909271.0415936,24952438.74476092,2000,1.1002720708523954,0.9973620007718406,extrapolated_beyond_successful_hhl_range
hhl_projection,hhl_s1_fixed_m,6,state_preparation_only,,,2678.784319910912,86.91883547139767,1.0,2000,1.1002720708523954,0.9973620007718406,extrapolated_beyond_successful_hhl_range
hhl_projection,hhl_s1_fixed_m,6,single_scalar_observable_sampling,,,2678.784319910912,869188.3547139767,10000.0,2000,1.1002720708523954,0.9973620007718406,extrapolated_beyond_successful_hhl_range
hhl_projection,hhl_s1_fixed_m,6,full_vector_readout_lower_bound,,,2678.784319910912,232836.81356569647,2678.784319910912,2000,1.1002720708523954,0.9973620007718406,extrapolated_beyond_successful_hhl_range
hhl_projection,hhl_s1_fixed_m,6,full_vector_tomography_proxy,,,2678.784319910912,2328368135.6569643,26787843.19910912,2000,1.1002720708523954,0.9973620007718406,extrapolated_beyond_successful_hhl_range
hhl_projection,hhl_s1_fixed_m,6,state_preparation_only,,,2875.825287461022,93.97871675940776,1.0,2000,1.1002720708523954,0.9973620007718406,extrapolated_beyond_successful_hhl_range
hhl_projection,hhl_s1_fixed_m,6,single_scalar_observable_sampling,,,2875.825287461022,939787.1675940776,10000.0,2000,1.1002720708523954,0.9973620007718406,extrapolated_beyond_successful_hhl_range
hhl_projection,hhl_s1_fixed_m,6,full_vector_readout_lower_bound,,,2875.825287461022,270266.3701398418,2875.825287461022,2000,1.1002720708523954,0.9973620007718406,extrapolated_beyond_successful_hhl_range
hhl_projection,hhl_s1_fixed_m,6,full_vector_tomography_proxy,,,2875.825287461022,2702663701.398418,28758252.87461022,2000,1.1002720708523954,0.9973620007718406,extrapolated_beyond_successful_hhl_range
hhl_projection,hhl_s1_fixed_m,6,state_preparation_only,,,3087.3598230839743,101.61202869142592,1.0,2000,1.1002720708523954,0.9973620007718406,extrapolated_beyond_successful_hhl_range
hhl_projection,hhl_s1_fixed_m,6,single_scalar_observable_sampling,,,3087.3598230839743,1016120.2869142592,10000.0,2000,1.1002720708523954,0.9973620007718406,extrapolated_beyond_successful_hhl_range
hhl_projection,hhl_s1_fixed_m,6,full_vector_readout_lower_bound,,,3087.3598230839743,313712.89492396446,3087.3598230839743,2000,1.1002720708523954,0.9973620007718406,extrapolated_beyond_successful_hhl_range
hhl_projection,hhl_s1_fixed_m,6,full_vector_tomography_proxy,,,3087.3598230839743,3137128949.239644,30873598.23083974,2000,1.1002720708523954,0.9973620007718406,extrapolated_beyond_successful_hhl_range
hhl_projection,hhl_s1_fixed_m,6,state_preparation_only,,,3314.454017339988,109.86534750437093,1.0,2000,1.1002720708523954,0.9973620007718406,extrapolated_beyond_successful_hhl_range
hhl_projection,hhl_s1_fixed_m,6,single_scalar_observable_sampling,,,3314.454017339988,1098653.4750437094,10000.0,2000,1.1002720708523954,0.9973620007718406,extrapolated_beyond_successful_hhl_range
hhl_projection,hhl_s1_fixed_m,6,full_vector_readout_lower_bound,,,3314.454017339988,364143.64240231604,3314.454017339988,2000,1.1002720708523954,0.9973620007718406,extrapolated_beyond_successful_hhl_range
hhl_projection,hhl_s1_fixed_m,6,full_vector_tomography_proxy,,,3314.454017339988,3641436424.02316,33144540.173399877,2000,1.1002720708523954,0.9973620007718406,extrapolated_beyond_successful_hhl_range
hhl_projection,hhl_s1_fixed_m,6,state_preparation_only,,,3558.252378269153,118.7890325358172,1.0,2000,1.1002720708523954,0.9973620007718406,extrapolated_beyond_successful_hhl_range
hhl_projection,hhl_s1_fixed_m,6,single_scalar_observable_sampling,,,3558.252378269153,1187890.325358172,10000.0,2000,1.1002720708523954,0.9973620007718406,extrapolated_beyond_successful_hhl_range
hhl_projection,hhl_s1_fixed_m,6,full_vector_readout_lower_bound,,,3558.252378269153,422681.35753286333,3558.252378269153,2000,1.1002720708523954,0.9973620007718406,extrapolated_beyond_successful_hhl_range
hhl_projection,hhl_s1_fixed_m,6,full_vector_tomography_proxy,,,3558.252378269153,4226813575.328633,35582523.78269152,2000,1.1002720708523954,0.9973620007718406,extrapolated_beyond_successful_hhl_range
hhl_projection,hhl_s1_fixed_m,6,state_preparation_only,,,3819.9835994765963,128.43753350194424,1.0,2000,1.1002720708523954,0.9973620007718406,extrapolated_beyond_successful_hhl_range
hhl_projection,hhl_s1_fixed_m,6,single_scalar_observable_sampling,,,3819.9835994765963,1284375.3350194425,10000.0,2000,1.1002720708523954,0.9973620007718406,extrapolated_beyond_successful_hhl_range
hhl_projection,hhl_s1_fixed_m,6,full_vector_readout_lower_bound,,,3819.9835994765963,490629.2715346529,3819.9835994765963,2000,1.1002720708523954,0.9973620007718406,extrapolated_beyond_successful_hhl_range
hhl_projection,hhl_s1_fixed_m,6,full_vector_tomography_proxy,,,3819.9835994765963,4906292715.346529,38199835.99476596,2000,1.1002720708523954,0.9973620007718406,extrapolated_beyond_successful_hhl_range
hhl_projection,hhl_s1_fixed_m,6,state_preparation_only,,,4100.9667524955985,138.86972273378194,1.0,2000,1.1002720708523954,0.9973620007718406,extrapolated_beyond_successful_hhl_range
hhl_projection,hhl_s1_fixed_m,6,single_scalar_observable_sampling,,,4100.9667524955985,1388697.2273378195,10000.0,2000,1.1002720708523954,0.9973620007718406,extrapolated_beyond_successful_hhl_range
hhl_projection,hhl_s1_fixed_m,6,full_vector_readout_lower_bound,,,4100.9667524955985,569500.1158595219,4100.9667524955985,2000,1.1002720708523954,0.9973620007718406,extrapolated_beyond_successful_hhl_range
hhl_projection,hhl_s1_fixed_m,6,full_vector_tomography_proxy,,,4100.9667524955985,5695001158.595219,41009667.52495598,2000,1.1002720708523954,0.9973620007718406,extrapolated_beyond_successful_hhl_range
hhl_projection,hhl_s1_fixed_m,6,state_preparation_only,,,4402.61793463685,150.14925439895245,1.0,2000,1.1002720708523954,0.9973620007718406,extrapolated_beyond_successful_hhl_range
hhl_projection,hhl_s1_fixed_m,6,single_scalar_observable_sampling,,,4402.61793463685,1501492.5439895245,10000.0,2000,1.1002720708523954,0.9973620007718406,extrapolated_beyond_successful_hhl_range
hhl_projection,hhl_s1_fixed_m,6,full_vector_readout_lower_bound,,,4402.61793463685,661049.800289179,4402.61793463685,2000,1.1002720708523954,0.9973620007718406,extrapolated_beyond_successful_hhl_range
hhl_projection,hhl_s1_fixed_m,6,full_vector_tomography_proxy,,,4402.61793463685,6610498002.891789,44026179.3463685,2000,1.1002720708523954,0.9973620007718406,extrapolated_beyond_successful_hhl_range
hhl_projection,hhl_s1_fixed_m,6,state_preparation_only,,,4726.457405827713,162.34495290078817,1.0,2000,1.1002720708523954,0.9973620007718406,extrapolated_beyond_successful_hhl_range
hhl_projection,hhl_s1_fixed_m,6,single_scalar_observable_sampling,,,4726.457405827713,1623449.5290078816,10000.0,2000,1.1002720708523954,0.9973620007718406,extrapolated_beyond_successful_hhl_range
hhl_projection,hhl_s1_fixed_m,6,full_vector_readout_lower_bound,,,4726.457405827713,767316.5049366815,4726.457405827713,2000,1.1002720708523954,0.9973620007718406,extrapolated_beyond_successful_hhl_range
hhl_projection,hhl_s1_fixed_m,6,full_vector_tomography_proxy,,,4726.457405827713,7673165049.366816,47264574.05827713,2000,1.1002720708523954,0.9973620007718406,extrapolated_beyond_successful_hhl_range
hhl_projection,hhl_s1_fixed_m,6,state_preparation_only,,,5074.1172504096185,175.53123282470997,1.0,2000,1.1002720708523954,0.9973620007718406,extrapolated_beyond_successful_hhl_range
hhl_projection,hhl_s1_fixed_m,6,single_scalar_observable_sampling,,,5074.1172504096185,1755312.3282470996,10000.0,2000,1.1002720708523954,0.9973620007718406,extrapolated_beyond_successful_hhl_range
hhl_projection,hhl_s1_fixed_m,6,full_vector_readout_lower_bound,,,5074.1172504096185,890666.056461528,5074.1172504096185,2000,1.1002720708523954,0.9973620007718406,extrapolated_beyond_successful_hhl_range
hhl_projection,hhl_s1_fixed_m,6,full_vector_tomography_proxy,,,5074.1172504096185,8906660564.615278,50741172.50409618,2000,1.1002720708523954,0.9973620007718406,extrapolated_beyond_successful_hhl_range
hhl_projection,hhl_s1_fixed_m,6,state_preparation_only,,,5447.349602507558,189.7885529942644,1.0,2000,1.1002720708523954,0.9973620007718406,extrapolated_beyond_successful_hhl_range
hhl_projection,hhl_s1_fixed_m,6,single_scalar_observable_sampling,,,5447.349602507558,1897885.5299426438,10000.0,2000,1.1002720708523954,0.9973620007718406,extrapolated_beyond_successful_hhl_range
hhl_projection,hhl_s1_fixed_m,6,full_vector_readout_lower_bound,,,5447.349602507558,1033844.5987137908,5447.349602507558,2000,1.1002720708523954,0.9973620007718406,extrapolated_beyond_successful_hhl_range
hhl_projection,hhl_s1_fixed_m,6,full_vector_tomography_proxy,,,5447.349602507558,10338445987.137907,54473496.02507558,2000,1.1002720708523954,0.9973620007718406,extrapolated_beyond_successful_hhl_range
hhl_projection,hhl_s1_fixed_m,6,state_preparation_only,,,5848.0354764257345,205.20390740733248,1.0,2000,1.1002720708523954,0.9973620007718406,extrapolated_beyond_successful_hhl_range
hhl_projection,hhl_s1_fixed_m,6,single_scalar_observable_sampling,,,5848.0354764257345,2052039.074073325,10000.0,2000,1.1002720708523954,0.9973620007718406,extrapolated_beyond_successful_hhl_range
hhl_projection,hhl_s1_fixed_m,6,full_vector_readout_lower_bound,,,5848.0354764257345,1200039.7304192618,5848.0354764257345,2000,1.1002720708523954,0.9973620007718406,extrapolated_beyond_successful_hhl_range
hhl_projection,hhl_s1_fixed_m,6,full_vector_tomography_proxy,,,5848.0354764257345,12000397304.19262,58480354.76425734,2000,1.1002720708523954,0.9973620007718406,extrapolated_beyond_successful_hhl_range
hhl_projection,hhl_s1_fixed_m,6,state_preparation_only,,,6278.194246572864,221.8713560480625,1.0,2000,1.1002720708523954,0.9973620007718406,extrapolated_beyond_successful_hhl_range
hhl_projection,hhl_s1_fixed_m,6,single_scalar_observable_sampling,,,6278.194246572864,2218713.560480625,10000.0,2000,1.1002720708523954,0.9973620007718406,extrapolated_beyond_successful_hhl_range
hhl_projection,hhl_s1_fixed_m,6,full_vector_readout_lower_bound,,,6278.194246572864,1392951.4710202655,6278.194246572864,2000,1.1002720708523954,0.9973620007718406,extrapolated_beyond_successful_hhl_range
hhl_projection,hhl_s1_fixed_m,6,full_vector_tomography_proxy,,,6278.194246572864,13929514710.202654,62781942.46572864,2000,1.1002720708523954,0.9973620007718406,extrapolated_beyond_successful_hhl_range
hhl_projection,hhl_s1_fixed_m,6,state_preparation_only,,,6739.993824693961,239.8925988133845,1.0,2000,1.1002720708523954,0.9973620007718406,extrapolated_beyond_successful_hhl_range
hhl_projection,hhl_s1_fixed_m,6,single_scalar_observable_sampling,,,6739.993824693961,2398925.988133845,10000.0,2000,1.1002720708523954,0.9973620007718406,extrapolated_beyond_successful_hhl_range
hhl_projection,hhl_s1_fixed_m,6,full_vector_readout_lower_bound,,,6739.993824693961,1616874.6345919974,6739.993824693961,2000,1.1002720708523954,0.9973620007718406,extrapolated_beyond_successful_hhl_range
hhl_projection,hhl_s1_fixed_m,6,full_vector_tomography_proxy,,,6739.993824693961,16168746345.919971,67399938.2469396,2000,1.1002720708523954,0.9973620007718406,extrapolated_beyond_successful_hhl_range
hhl_projection,hhl_s1_fixed_m,6,state_preparation_only,,,7235.761585699688,259.37759605603713,1.0,2000,1.1002720708523954,0.9973620007718406,extrapolated_beyond_successful_hhl_range
hhl_projection,hhl_s1_fixed_m,6,single_scalar_observable_sampling,,,7235.761585699688,2593775.960560371,10000.0,2000,1.1002720708523954,0.9973620007718406,extrapolated_beyond_successful_hhl_range
hhl_projection,hhl_s1_fixed_m,6,full_vector_readout_lower_bound,,,7235.761585699688,1876794.4457334045,7235.761585699688,2000,1.1002720708523954,0.9973620007718406,extrapolated_beyond_successful_hhl_range
hhl_projection,hhl_s1_fixed_m,6,full_vector_tomography_proxy,,,7235.761585699688,18767944457.334045,72357615.85699688,2000,1.1002720708523954,0.9973620007718406,extrapolated_beyond_successful_hhl_range
hhl_projection,hhl_s1_fixed_m,6,state_preparation_only,,,7767.996097157341,280.4452395304788,1.0,2000,1.1002720708523954,0.9973620007718406,extrapolated_beyond_successful_hhl_range
hhl_projection,hhl_s1_fixed_m,6,single_scalar_observable_sampling,,,7767.996097157341,2804452.395304788,10000.0,2000,1.1002720708523954,0.9973620007718406,extrapolated_beyond_successful_hhl_range
hhl_projection,hhl_s1_fixed_m,6,full_vector_readout_lower_bound,,,7767.996097157341,2178497.5261391145,7767.996097157341,2000,1.1002720708523954,0.9973620007718406,extrapolated_beyond_successful_hhl_range
hhl_projection,hhl_s1_fixed_m,6,full_vector_tomography_proxy,,,7767.996097157341,21784975261.391148,77679960.97157341,2000,1.1002720708523954,0.9973620007718406,extrapolated_beyond_successful_hhl_range
hhl_projection,hhl_s1_fixed_m,6,state_preparation_only,,,8339.37971155757,303.22407783560436,1.0,2000,1.1002720708523954,0.9973620007718406,extrapolated_beyond_successful_hhl_range
hhl_projection,hhl_s1_fixed_m,6,single_scalar_observable_sampling,,,8339.37971155757,3032240.7783560436,10000.0,2000,1.1002720708523954,0.9973620007718406,extrapolated_beyond_successful_hhl_range
hhl_projection,hhl_s1_fixed_m,6,full_vector_readout_lower_bound,,,8339.37971155757,2528700.722757993,8339.37971155757,2000,1.1002720708523954,0.9973620007718406,extrapolated_beyond_successful_hhl_range
hhl_projection,hhl_s1_fixed_m,6,full_vector_tomography_proxy,,,8339.37971155757,25287007227.579926,83393797.1155757,2000,1.1002720708523954,0.9973620007718406,extrapolated_beyond_successful_hhl_range
hhl_projection,hhl_s1_fixed_m,6,state_preparation_only,,,8952.792084819384,327.85310078069597,1.0,2000,1.1002720708523954,0.9973620007718406,extrapolated_beyond_successful_hhl_range
hhl_projection,hhl_s1_fixed_m,6,single_scalar_observable_sampling,,,8952.792084819384,3278531.0078069596,10000.0,2000,1.1002720708523954,0.9973620007718406,extrapolated_beyond_successful_hhl_range
hhl_projection,hhl_s1_fixed_m,6,full_vector_readout_lower_bound,,,8952.792084819384,2935200.645652907,8952.792084819384,2000,1.1002720708523954,0.9973620007718406,extrapolated_beyond_successful_hhl_range
hhl_projection,hhl_s1_fixed_m,6,full_vector_tomography_proxy,,,8952.792084819384,29352006456.529068,89527920.84819384,2000,1.1002720708523954,0.9973620007718406,extrapolated_beyond_successful_hhl_range
hhl_projection,hhl_s1_fixed_m,6,state_preparation_only,,,9611.324689163757,354.4825874605927,1.0,2000,1.1002720708523954,0.9973620007718406,extrapolated_beyond_successful_hhl_range
hhl_projection,hhl_s1_fixed_m,6,single_scalar_observable_sampling,,,9611.324689163757,3544825.874605927,10000.0,2000,1.1002720708523954,0.9973620007718406,extrapolated_beyond_successful_hhl_range
hhl_projection,hhl_s1_fixed_m,6,full_vector_readout_lower_bound,,,9611.324689163757,3407047.2447386454,9611.324689163757,2000,1.1002720708523954,0.9973620007718406,extrapolated_beyond_successful_hhl_range
hhl_projection,hhl_s1_fixed_m,6,full_vector_tomography_proxy,,,9611.324689163757,34070472447.38645,96113246.89163756,2000,1.1002720708523954,0.9973620007718406,extrapolated_beyond_successful_hhl_range
hhl_projection,hhl_s1_fixed_m,6,state_preparation_only,,,10318.296393497933,383.27502321477425,1.0,2000,1.1002720708523954,0.9973620007718406,extrapolated_beyond_successful_hhl_range
hhl_projection,hhl_s1_fixed_m,6,single_scalar_observable_sampling,,,10318.296393497933,3832750.2321477425,10000.0,2000,1.1002720708523954,0.9973620007718406,extrapolated_beyond_successful_hhl_range
hhl_projection,hhl_s1_fixed_m,6,full_vector_readout_lower_bound,,,10318.296393497933,3954745.2897548415,10318.296393497933,2000,1.1002720708523954,0.9973620007718406,extrapolated_beyond_successful_hhl_range
hhl_projection,hhl_s1_fixed_m,6,full_vector_tomography_proxy,,,10318.296393497933,39547452897.548416,103182963.93497932,2000,1.1002720708523954,0.9973620007718406,extrapolated_beyond_successful_hhl_range
hhl_projection,hhl_s1_fixed_m,6,state_preparation_only,,,11077.270189832267,414.40609106537886,1.0,2000,1.1002720708523954,0.9973620007718406,extrapolated_beyond_successful_hhl_range
hhl_projection,hhl_s1_fixed_m,6,single_scalar_observable_sampling,,,11077.270189832267,4144060.9106537886,10000.0,2000,1.1002720708523954,0.9973620007718406,extrapolated_beyond_successful_hhl_range
hhl_projection,hhl_s1_fixed_m,6,full_vector_readout_lower_bound,,,11077.270189832267,4590488.239043437,11077.270189832267,2000,1.1002720708523954,0.9973620007718406,extrapolated_beyond_successful_hhl_range
hhl_projection,hhl_s1_fixed_m,6,full_vector_tomography_proxy,,,11077.270189832267,45904882390.434364,110772701.89832266,2000,1.1002720708523954,0.9973620007718406,extrapolated_beyond_successful_hhl_range
hhl_projection,hhl_s1_fixed_m,6,state_preparation_only,,,11892.071150027212,448.0657436836265,1.0,2000,1.1002720708523954,0.9973620007718406,extrapolated_beyond_successful_hhl_range
hhl_projection,hhl_s1_fixed_m,6,single_scalar_observable_sampling,,,11892.071150027212,4480657.436836265,10000.0,2000,1.1002720708523954,0.9973620007718406,extrapolated_beyond_successful_hhl_range
hhl_projection,hhl_s1_fixed_m,6,full_vector_readout_lower_bound,,,11892.071150027212,5328429.703775543,11892.071150027212,2000,1.1002720708523954,0.9973620007718406,extrapolated_beyond_successful_hhl_range
hhl_projection,hhl_s1_fixed_m,6,full_vector_tomography_proxy,,,11892.071150027212,53284297037.75542,118920711.50027211,2000,1.1002720708523954,0.9973620007718406,extrapolated_beyond_successful_hhl_range
hhl_projection,hhl_s1_fixed_m,6,state_preparation_only,,,12766.805703368957,484.4593624254627,1.0,2000,1.1002720708523954,0.9973620007718406,extrapolated_beyond_successful_hhl_range
hhl_projection,hhl_s1_fixed_m,6,single_scalar_observable_sampling,,,12766.805703368957,4844593.624254627,10000.0,2000,1.1002720708523954,0.9973620007718406,extrapolated_beyond_successful_hhl_range
hhl_projection,hhl_s1_fixed_m,6,full_vector_readout_lower_bound,,,12766.805703368957,6184998.551263886,12766.805703368957,2000,1.1002720708523954,0.9973620007718406,extrapolated_beyond_successful_hhl_range
hhl_projection,hhl_s1_fixed_m,6,full_vector_tomography_proxy,,,12766.805703368957,61849985512.638855,127668057.03368956,2000,1.1002720708523954,0.9973620007718406,extrapolated_beyond_successful_hhl_range
hhl_projection,hhl_s1_fixed_m,6,state_preparation_only,,,13705.882332128594,523.8090105085229,1.0,2000,1.1002720708523954,0.9973620007718406,extrapolated_beyond_successful_hhl_range
hhl_projection,hhl_s1_fixed_m,6,single_scalar_observable_sampling,,,13705.882332128594,5238090.105085229,10000.0,2000,1.1002720708523954,0.9973620007718406,extrapolated_beyond_successful_hhl_range
hhl_projection,hhl_s1_fixed_m,6,full_vector_readout_lower_bound,,,13705.882332128594,7179264.662538525,13705.882332128594,2000,1.1002720708523954,0.9973620007718406,extrapolated_beyond_successful_hhl_range
hhl_projection,hhl_s1_fixed_m,6,full_vector_tomography_proxy,,,13705.882332128594,71792646625.38524,137058823.32128593,2000,1.1002720708523954,0.9973620007718406,extrapolated_beyond_successful_hhl_range
hhl_projection,hhl_s1_fixed_m,6,state_preparation_only,,,14714.03378940621,566.3547879769427,1.0,2000,1.1002720708523954,0.9973620007718406,extrapolated_beyond_successful_hhl_range
hhl_projection,hhl_s1_fixed_m,6,single_scalar_observable_sampling,,,14714.03378940621,5663547.879769427,10000.0,2000,1.1002720708523954,0.9973620007718406,extrapolated_beyond_successful_hhl_range
hhl_projection,hhl_s1_fixed_m,6,full_vector_readout_lower_bound,,,14714.03378940621,8333363.487084725,14714.03378940621,2000,1.1002720708523954,0.9973620007718406,extrapolated_beyond_successful_hhl_range
hhl_projection,hhl_s1_fixed_m,6,full_vector_tomography_proxy,,,14714.03378940621,83333634870.84724,147140337.8940621,2000,1.1002720708523954,0.9973620007718406,extrapolated_beyond_successful_hhl_range
hhl_projection,hhl_s1_fixed_m,6,state_preparation_only,,,15796.340951233286,612.3562967216047,1.0,2000,1.1002720708523954,0.9973620007718406,extrapolated_beyond_successful_hhl_range
hhl_projection,hhl_s1_fixed_m,6,single_scalar_observable_sampling,,,15796.340951233286,6123562.967216047,10000.0,2000,1.1002720708523954,0.9973620007718406,extrapolated_beyond_successful_hhl_range
hhl_projection,hhl_s1_fixed_m,6,full_vector_readout_lower_bound,,,15796.340951233286,9672988.846649045,15796.340951233286,2000,1.1002720708523954,0.9973620007718406,extrapolated_beyond_successful_hhl_range
hhl_projection,hhl_s1_fixed_m,6,full_vector_tomography_proxy,,,15796.340951233286,96729888466.49046,157963409.51233286,2000,1.1002720708523954,0.9973620007718406,extrapolated_beyond_successful_hhl_range
hhl_projection,hhl_s1_fixed_m,6,state_preparation_only,,,16958.258423143077,662.094224494954,1.0,2000,1.1002720708523954,0.9973620007718406,extrapolated_beyond_successful_hhl_range
hhl_projection,hhl_s1_fixed_m,6,single_scalar_observable_sampling,,,16958.258423143077,6620942.24494954,10000.0,2000,1.1002720708523954,0.9973620007718406,extrapolated_beyond_successful_hhl_range
hhl_projection,hhl_s1_fixed_m,6,full_vector_readout_lower_bound,,,16958.258423143077,11227964.959455937,16958.258423143077,2000,1.1002720708523954,0.9973620007718406,extrapolated_beyond_successful_hhl_range
hhl_projection,hhl_s1_fixed_m,6,full_vector_tomography_proxy,,,16958.258423143077,112279649594.55937,169582584.23143077,2000,1.1002720708523954,0.9973620007718406,extrapolated_beyond_successful_hhl_range
hhl_projection,hhl_s1_fixed_m,6,state_preparation_only,,,18205.642030260795,715.8720575855693,1.0,2000,1.1002720708523954,0.9973620007718406,extrapolated_beyond_successful_hhl_range
hhl_projection,hhl_s1_fixed_m,6,single_scalar_observable_sampling,,,18205.642030260795,7158720.575855694,10000.0,2000,1.1002720708523954,0.9973620007718406,extrapolated_beyond_successful_hhl_range
hhl_projection,hhl_s1_fixed_m,6,full_vector_readout_lower_bound,,,18205.642030260795,13032910.419869117,18205.642030260795,2000,1.1002720708523954,0.9973620007718406,extrapolated_beyond_successful_hhl_range
hhl_projection,hhl_s1_fixed_m,6,full_vector_tomography_proxy,,,18205.642030260795,130329104198.69118,182056420.30260795,2000,1.1002720708523954,0.9973620007718406,extrapolated_beyond_successful_hhl_range
hhl_projection,hhl_s1_fixed_m,6,state_preparation_only,,,19544.77832945822,774.0179326027383,1.0,2000,1.1002720708523954,0.9973620007718406,extrapolated_beyond_successful_hhl_range
hhl_projection,hhl_s1_fixed_m,6,single_scalar_observable_sampling,,,19544.77832945822,7740179.326027382,10000.0,2000,1.1002720708523954,0.9973620007718406,extrapolated_beyond_successful_hhl_range
hhl_projection,hhl_s1_fixed_m,6,full_vector_readout_lower_bound,,,19544.77832945822,15128008.91574605,19544.77832945822,2000,1.1002720708523954,0.9973620007718406,extrapolated_beyond_successful_hhl_range
hhl_projection,hhl_s1_fixed_m,6,full_vector_tomography_proxy,,,19544.77832945822,151280089157.4605,195447783.2945822,2000,1.1002720708523954,0.9973620007718406,extrapolated_beyond_successful_hhl_range
hhl_projection,hhl_s1_fixed_m,6,state_preparation_only,,,20982.416292307353,836.8866386700744,1.0,2000,1.1002720708523954,0.9973620007718406,extrapolated_beyond_successful_hhl_range
hhl_projection,hhl_s1_fixed_m,6,single_scalar_observable_sampling,,,20982.416292307353,8368866.386700744,10000.0,2000,1.1002720708523954,0.9973620007718406,extrapolated_beyond_successful_hhl_range
hhl_projection,hhl_s1_fixed_m,6,full_vector_readout_lower_bound,,,20982.416292307353,17559903.842045303,20982.416292307353,2000,1.1002720708523954,0.9973620007718406,extrapolated_beyond_successful_hhl_range
hhl_projection,hhl_s1_fixed_m,6,full_vector_tomography_proxy,,,20982.416292307353,175599038420.45306,209824162.92307353,2000,1.1002720708523954,0.9973620007718406,extrapolated_beyond_successful_hhl_range
hhl_projection,hhl_s1_fixed_m,6,state_preparation_only,,,22525.801318509457,904.8617822449876,1.0,2000,1.1002720708523954,0.9973620007718406,extrapolated_beyond_successful_hhl_range
hhl_projection,hhl_s1_fixed_m,6,single_scalar_observable_sampling,,,22525.801318509457,9048617.822449876,10000.0,2000,1.1002720708523954,0.9973620007718406,extrapolated_beyond_successful_hhl_range
hhl_projection,hhl_s1_fixed_m,6,full_vector_readout_lower_bound,,,22525.801318509457,20382736.727562957,22525.801318509457,2000,1.1002720708523954,0.9973620007718406,extrapolated_beyond_successful_hhl_range
hhl_projection,hhl_s1_fixed_m,6,full_vector_tomography_proxy,,,22525.801318509457,203827367275.62958,225258013.18509457,2000,1.1002720708523954,0.9973620007718406,extrapolated_beyond_successful_hhl_range
hhl_projection,hhl_s1_fixed_m,6,state_preparation_only,,,24182.71175121954,978.3581277730966,1.0,2000,1.1002720708523954,0.9973620007718406,extrapolated_beyond_successful_hhl_range
hhl_projection,hhl_s1_fixed_m,6,single_scalar_observable_sampling,,,24182.71175121954,9783581.277730966,10000.0,2000,1.1002720708523954,0.9973620007718406,extrapolated_beyond_successful_hhl_range
hhl_projection,hhl_s1_fixed_m,6,full_vector_readout_lower_bound,,,24182.71175121954,23659352.59339961,24182.71175121954,2000,1.1002720708523954,0.9973620007718406,extrapolated_beyond_successful_hhl_range
hhl_projection,hhl_s1_fixed_m,6,full_vector_tomography_proxy,,,24182.71175121954,236593525933.9961,241827117.51219538,2000,1.1002720708523954,0.9973620007718406,extrapolated_beyond_successful_hhl_range
hhl_projection,hhl_s1_fixed_m,6,state_preparation_only,,,25961.498078296536,1057.8241284595754,1.0,2000,1.1002720708523954,0.9973620007718406,extrapolated_beyond_successful_hhl_range
hhl_projection,hhl_s1_fixed_m,6,single_scalar_observable_sampling,,,25961.498078296536,10578241.284595754,10000.0,2000,1.1002720708523954,0.9973620007718406,extrapolated_beyond_successful_hhl_range
hhl_projection,hhl_s1_fixed_m,6,full_vector_readout_lower_bound,,,25961.498078296536,27462699.078178976,25961.498078296536,2000,1.1002720708523954,0.9973620007718406,extrapolated_beyond_successful_hhl_range
hhl_projection,hhl_s1_fixed_m,6,full_vector_tomography_proxy,,,25961.498078296536,274626990781.7897,259614980.78296533,2000,1.1002720708523954,0.9973620007718406,extrapolated_beyond_successful_hhl_range
hhl_projection,hhl_s1_fixed_m,6,state_preparation_only,,,27871.12501704466,1143.744662599438,1.0,2000,1.1002720708523954,0.9973620007718406,extrapolated_beyond_successful_hhl_range
hhl_projection,hhl_s1_fixed_m,6,single_scalar_observable_sampling,,,27871.12501704466,11437446.62599438,10000.0,2000,1.1002720708523954,0.9973620007718406,extrapolated_beyond_successful_hhl_range
hhl_projection,hhl_s1_fixed_m,6,full_vector_readout_lower_bound,,,27871.12501704466,31877450.4788865,27871.12501704466,2000,1.1002720708523954,0.9973620007718406,extrapolated_beyond_successful_hhl_range
hhl_projection,hhl_s1_fixed_m,6,full_vector_tomography_proxy,,,27871.12501704466,318774504788.865,278711250.1704466,2000,1.1002720708523954,0.9973620007718406,extrapolated_beyond_successful_hhl_range
hhl_projection,hhl_s1_fixed_m,6,state_preparation_only,,,29921.216694545317,1236.6439921631033,1.0,2000,1.1002720708523954,0.9973620007718406,extrapolated_beyond_successful_hhl_range
hhl_projection,hhl_s1_fixed_m,6,single_scalar_observable_sampling,,,29921.216694545317,12366439.921631033,10000.0,2000,1.1002720708523954,0.9973620007718406,extrapolated_beyond_successful_hhl_range
hhl_projection,hhl_s1_fixed_m,6,full_vector_readout_lower_bound,,,29921.216694545317,37001892.86351982,29921.216694545317,2000,1.1002720708523954,0.9973620007718406,extrapolated_beyond_successful_hhl_range
hhl_projection,hhl_s1_fixed_m,6,full_vector_tomography_proxy,,,29921.216694545317,370018928635.1982,299212166.94545317,2000,1.1002720708523954,0.9973620007718406,extrapolated_beyond_successful_hhl_range
hhl_projection,hhl_s1_fixed_m,6,state_preparation_only,,,32122.10515127851,1337.088961689594,1.0,2000,1.1002720708523954,0.9973620007718406,extrapolated_beyond_successful_hhl_range
hhl_projection,hhl_s1_fixed_m,6,single_scalar_observable_sampling,,,32122.10515127851,13370889.61689594,10000.0,2000,1.1002720708523954,0.9973620007718406,extrapolated_beyond_successful_hhl_range
hhl_projection,hhl_s1_fixed_m,6,full_vector_readout_lower_bound,,,32122.10515127851,42950112.22400694,32122.10515127851,2000,1.1002720708523954,0.9973620007718406,extrapolated_beyond_successful_hhl_range
hhl_projection,hhl_s1_fixed_m,6,full_vector_tomography_proxy,,,32122.10515127851,429501122240.0694,321221051.5127851,2000,1.1002720708523954,0.9973620007718406,extrapolated_beyond_successful_hhl_range
hhl_projection,hhl_s1_fixed_m,6,state_preparation_only,,,34484.882412482155,1445.6924570061358,1.0,2000,1.1002720708523954,0.9973620007718406,extrapolated_beyond_successful_hhl_range
hhl_projection,hhl_s1_fixed_m,6,single_scalar_observable_sampling,,,34484.882412482155,14456924.570061358,10000.0,2000,1.1002720708523954,0.9973620007718406,extrapolated_beyond_successful_hhl_range
hhl_projection,hhl_s1_fixed_m,6,full_vector_readout_lower_bound,,,34484.882412482155,49854534.384469,34484.882412482155,2000,1.1002720708523954,0.9973620007718406,extrapolated_beyond_successful_hhl_range
hhl_projection,hhl_s1_fixed_m,6,full_vector_tomography_proxy,,,34484.882412482155,498545343844.69006,344848824.12482154,2000,1.1002720708523954,0.9973620007718406,extrapolated_beyond_successful_hhl_range
hhl_projection,hhl_s1_fixed_m,6,state_preparation_only,,,37021.456389678395,1563.1171448782345,1.0,2000,1.1002720708523954,0.9973620007718406,extrapolated_beyond_successful_hhl_range
hhl_projection,hhl_s1_fixed_m,6,single_scalar_observable_sampling,,,37021.456389678395,15631171.448782345,10000.0,2000,1.1002720708523954,0.9973620007718406,extrapolated_beyond_successful_hhl_range
hhl_projection,hhl_s1_fixed_m,6,full_vector_readout_lower_bound,,,37021.456389678395,57868873.21106816,37021.456389678395,2000,1.1002720708523954,0.9973620007718406,extrapolated_beyond_successful_hhl_range
hhl_projection,hhl_s1_fixed_m,6,full_vector_tomography_proxy,,,37021.456389678395,578688732110.6816,370214563.89678395,2000,1.1002720708523954,0.9973620007718406,extrapolated_beyond_successful_hhl_range
hhl_projection,hhl_s1_fixed_m,6,state_preparation_only,,,39744.61089409894,1690.0795164084539,1.0,2000,1.1002720708523954,0.9973620007718406,extrapolated_beyond_successful_hhl_range
hhl_projection,hhl_s1_fixed_m,6,single_scalar_observable_sampling,,,39744.61089409894,16900795.16408454,10000.0,2000,1.1002720708523954,0.9973620007718406,extrapolated_beyond_successful_hhl_range
hhl_projection,hhl_s1_fixed_m,6,full_vector_readout_lower_bound,,,39744.61089409894,67171552.7597409,39744.61089409894,2000,1.1002720708523954,0.9973620007718406,extrapolated_beyond_successful_hhl_range
hhl_projection,hhl_s1_fixed_m,6,full_vector_tomography_proxy,,,39744.61089409894,671715527597.409,397446108.94098943,2000,1.1002720708523954,0.9973620007718406,extrapolated_beyond_successful_hhl_range
hhl_projection,hhl_s1_fixed_m,6,state_preparation_only,,,42668.07006446487,1827.354258855594,1.0,2000,1.1002720708523954,0.9973620007718406,extrapolated_beyond_successful_hhl_range
hhl_projection,hhl_s1_fixed_m,6,single_scalar_observable_sampling,,,42668.07006446487,18273542.58855594,10000.0,2000,1.1002720708523954,0.9973620007718406,extrapolated_beyond_successful_hhl_range
hhl_projection,hhl_s1_fixed_m,6,full_vector_readout_lower_bound,,,42668.07006446487,77969679.54944876,42668.07006446487,2000,1.1002720708523954,0.9973620007718406,extrapolated_beyond_successful_hhl_range
hhl_projection,hhl_s1_fixed_m,6,full_vector_tomography_proxy,,,42668.07006446487,779696795494.4875,426680700.6446487,2000,1.1002720708523954,0.9973620007718406,extrapolated_beyond_successful_hhl_range
hhl_projection,hhl_s1_fixed_m,6,state_preparation_only,,,45806.56753382357,1975.7789825497553,1.0,2000,1.1002720708523954,0.9973620007718406,extrapolated_beyond_successful_hhl_range
hhl_projection,hhl_s1_fixed_m,6,single_scalar_observable_sampling,,,45806.56753382357,19757789.825497553,10000.0,2000,1.1002720708523954,0.9973620007718406,extrapolated_beyond_successful_hhl_range
hhl_projection,hhl_s1_fixed_m,6,full_vector_readout_lower_bound,,,45806.56753382357,90503653.39607458,45806.56753382357,2000,1.1002720708523954,0.9973620007718406,extrapolated_beyond_successful_hhl_range
hhl_projection,hhl_s1_fixed_m,6,full_vector_tomography_proxy,,,45806.56753382357,905036533960.7458,458065675.3382357,2000,1.1002720708523954,0.9973620007718406,extrapolated_beyond_successful_hhl_range
hhl_projection,hhl_s1_fixed_m,6,state_preparation_only,,,49175.92068402954,2136.2593317456062,1.0,2000,1.1002720708523954,0.9973620007718406,extrapolated_beyond_successful_hhl_range
hhl_projection,hhl_s1_fixed_m,6,single_scalar_observable_sampling,,,49175.92068402954,21362593.317456063,10000.0,2000,1.1002720708523954,0.9973620007718406,extrapolated_beyond_successful_hhl_range
hhl_projection,hhl_s1_fixed_m,6,full_vector_readout_lower_bound,,,49175.92068402954,105052519.45843987,49175.92068402954,2000,1.1002720708523954,0.9973620007718406,extrapolated_beyond_successful_hhl_range
hhl_projection,hhl_s1_fixed_m,6,full_vector_tomography_proxy,,,49175.92068402954,1050525194584.3988,491759206.8402954,2000,1.1002720708523954,0.9973620007718406,extrapolated_beyond_successful_hhl_range
hhl_projection,hhl_s1_fixed_m,6,state_preparation_only,,,52793.110362096275,2309.774510598768,1.0,2000,1.1002720708523954,0.9973620007718406,extrapolated_beyond_successful_hhl_range
hhl_projection,hhl_s1_fixed_m,6,single_scalar_observable_sampling,,,52793.110362096275,23097745.10598768,10000.0,2000,1.1002720708523954,0.9973620007718406,extrapolated_beyond_successful_hhl_range
hhl_projection,hhl_s1_fixed_m,6,full_vector_readout_lower_bound,,,52793.110362096275,121940180.64959766,52793.110362096275,2000,1.1002720708523954,0.9973620007718406,extrapolated_beyond_successful_hhl_range
hhl_projection,hhl_s1_fixed_m,6,full_vector_tomography_proxy,,,52793.110362096275,1219401806495.9766,527931103.62096274,2000,1.1002720708523954,0.9973620007718406,extrapolated_beyond_successful_hhl_range
hhl_projection,hhl_s1_fixed_m,6,state_preparation_only,,,56676.366460173245,2497.3832579831546,1.0,2000,1.1002720708523954,0.9973620007718406,extrapolated_beyond_successful_hhl_range
hhl_projection,hhl_s1_fixed_m,6,single_scalar_observable_sampling,,,56676.366460173245,24973832.579831548,10000.0,2000,1.1002720708523954,0.9973620007718406,extrapolated_beyond_successful_hhl_range
hhl_projection,hhl_s1_fixed_m,6,full_vector_readout_lower_bound,,,56676.366460173245,141542608.72095466,56676.366460173245,2000,1.1002720708523954,0.9973620007718406,extrapolated_beyond_successful_hhl_range
hhl_projection,hhl_s1_fixed_m,6,full_vector_tomography_proxy,,,56676.366460173245,1415426087209.5464,566763664.6017324,2000,1.1002720708523954,0.9973620007718406,extrapolated_beyond_successful_hhl_range
hhl_projection,hhl_s1_fixed_m,6,state_preparation_only,,,60845.25979045401,2700.230307605986,1.0,2000,1.1002720708523954,0.9973620007718406,extrapolated_beyond_successful_hhl_range
hhl_projection,hhl_s1_fixed_m,6,single_scalar_observable_sampling,,,60845.25979045401,27002303.076059863,10000.0,2000,1.1002720708523954,0.9973620007718406,extrapolated_beyond_successful_hhl_range
hhl_projection,hhl_s1_fixed_m,6,full_vector_readout_lower_bound,,,60845.25979045401,164296214.56034377,60845.25979045401,2000,1.1002720708523954,0.9973620007718406,extrapolated_beyond_successful_hhl_range
hhl_projection,hhl_s1_fixed_m,6,full_vector_tomography_proxy,,,60845.25979045401,1642962145603.4375,608452597.9045401,2000,1.1002720708523954,0.9973620007718406,extrapolated_beyond_successful_hhl_range
hhl_projection,hhl_s1_fixed_m,6,state_preparation_only,,,65320.800718044535,2919.5533728380187,1.0,2000,1.1002720708523954,0.9973620007718406,extrapolated_beyond_successful_hhl_range
hhl_projection,hhl_s1_fixed_m,6,single_scalar_observable_sampling,,,65320.800718044535,29195533.72838019,10000.0,2000,1.1002720708523954,0.9973620007718406,extrapolated_beyond_successful_hhl_range
hhl_projection,hhl_s1_fixed_m,6,full_vector_readout_lower_bound,,,65320.800718044535,190707564.052847,65320.800718044535,2000,1.1002720708523954,0.9973620007718406,extrapolated_beyond_successful_hhl_range
hhl_projection,hhl_s1_fixed_m,6,full_vector_tomography_proxy,,,65320.800718044535,1907075640528.47,653208007.1804453,2000,1.1002720708523954,0.9973620007718406,extrapolated_beyond_successful_hhl_range
hhl_projection,hhl_s1_fixed_m,6,state_preparation_only,,,70125.5450488831,3156.690698878567,1.0,2000,1.1002720708523954,0.9973620007718406,extrapolated_beyond_successful_hhl_range
hhl_projection,hhl_s1_fixed_m,6,single_scalar_observable_sampling,,,70125.5450488831,31566906.988785673,10000.0,2000,1.1002720708523954,0.9973620007718406,extrapolated_beyond_successful_hhl_range
hhl_projection,hhl_s1_fixed_m,6,full_vector_readout_lower_bound,,,70125.5450488831,221364655.80959922,70125.5450488831,2000,1.1002720708523954,0.9973620007718406,extrapolated_beyond_successful_hhl_range
hhl_projection,hhl_s1_fixed_m,6,full_vector_tomography_proxy,,,70125.5450488831,2213646558095.992,701255450.4888309,2000,1.1002720708523954,0.9973620007718406,extrapolated_beyond_successful_hhl_range
hhl_projection,hhl_s1_fixed_m,6,state_preparation_only,,,75283.70770636441,3413.0892283363382,1.0,2000,1.1002720708523954,0.9973620007718406,extrapolated_beyond_successful_hhl_range
hhl_projection,hhl_s1_fixed_m,6,single_scalar_observable_sampling,,,75283.70770636441,34130892.28336338,10000.0,2000,1.1002720708523954,0.9973620007718406,extrapolated_beyond_successful_hhl_range
hhl_projection,hhl_s1_fixed_m,6,full_vector_readout_lower_bound,,,75283.70770636441,256950011.84181374,75283.70770636441,2000,1.1002720708523954,0.9973620007718406,extrapolated_beyond_successful_hhl_range
hhl_projection,hhl_s1_fixed_m,6,full_vector_tomography_proxy,,,75283.70770636441,2569500118418.137,752837077.063644,2000,1.1002720708523954,0.9973620007718406,extrapolated_beyond_successful_hhl_range
hhl_projection,hhl_s1_fixed_m,6,state_preparation_only,,,80821.28476957318,3690.3134300500133,1.0,2000,1.1002720708523954,0.9973620007718406,extrapolated_beyond_successful_hhl_range
hhl_projection,hhl_s1_fixed_m,6,single_scalar_observable_sampling,,,80821.28476957318,36903134.30050013,10000.0,2000,1.1002720708523954,0.9973620007718406,extrapolated_beyond_successful_hhl_range
hhl_projection,hhl_s1_fixed_m,6,full_vector_readout_lower_bound,,,80821.28476957318,298255872.61905247,80821.28476957318,2000,1.1002720708523954,0.9973620007718406,extrapolated_beyond_successful_hhl_range
hhl_projection,hhl_s1_fixed_m,6,full_vector_tomography_proxy,,,80821.28476957318,2982558726190.525,808212847.6957318,2000,1.1002720708523954,0.9973620007718406,extrapolated_beyond_successful_hhl_range
hhl_projection,hhl_s1_fixed_m,6,state_preparation_only,,,86766.18448817743,3990.054845019565,1.0,2000,1.1002720708523954,0.9973620007718406,extrapolated_beyond_successful_hhl_range
hhl_projection,hhl_s1_fixed_m,6,single_scalar_observable_sampling,,,86766.18448817743,39900548.450195655,10000.0,2000,1.1002720708523954,0.9973620007718406,extrapolated_beyond_successful_hhl_range
hhl_projection,hhl_s1_fixed_m,6,full_vector_readout_lower_bound,,,86766.18448817743,346201834.8009138,86766.18448817743,2000,1.1002720708523954,0.9973620007718406,extrapolated_beyond_successful_hhl_range
hhl_projection,hhl_s1_fixed_m,6,full_vector_tomography_proxy,,,86766.18448817743,3462018348009.138,867661844.8817743,2000,1.1002720708523954,0.9973620007718406,extrapolated_beyond_successful_hhl_range
hhl_projection,hhl_s1_fixed_m,6,state_preparation_only,,,93148.36793426787,4314.14240769473,1.0,2000,1.1002720708523954,0.9973620007718406,extrapolated_beyond_successful_hhl_range
hhl_projection,hhl_s1_fixed_m,6,single_scalar_observable_sampling,,,93148.36793426787,43141424.076947294,10000.0,2000,1.1002720708523954,0.9973620007718406,extrapolated_beyond_successful_hhl_range
hhl_projection,hhl_s1_fixed_m,6,full_vector_readout_lower_bound,,,93148.36793426787,401855324.3127769,93148.36793426787,2000,1.1002720708523954,0.9973620007718406,extrapolated_beyond_successful_hhl_range
hhl_projection,hhl_s1_fixed_m,6,full_vector_tomography_proxy,,,93148.36793426787,4018553243127.769,931483679.3426787,2000,1.1002720708523954,0.9973620007718406,extrapolated_beyond_successful_hhl_range
hhl_projection,hhl_s1_fixed_m,6,state_preparation_only,,,100000.0,4664.553605598059,1.0,2000,1.1002720708523954,0.9973620007718406,extrapolated_beyond_successful_hhl_range
hhl_projection,hhl_s1_fixed_m,6,single_scalar_observable_sampling,,,100000.0,46645536.05598059,10000.0,2000,1.1002720708523954,0.9973620007718406,extrapolated_beyond_successful_hhl_range
hhl_projection,hhl_s1_fixed_m,6,full_vector_readout_lower_bound,,,100000.0,466455360.5598059,100000.0,2000,1.1002720708523954,0.9973620007718406,extrapolated_beyond_successful_hhl_range
hhl_projection,hhl_s1_fixed_m,6,full_vector_tomography_proxy,,,100000.0,4664553605598.06,1000000000.0,2000,1.1002720708523954,0.9973620007718406,extrapolated_beyond_successful_hhl_range
classical_projection,,,full_solution_vector,sparse_iterative,1000,20.000000000000004,0.0008723717763886007,,100000,0.49193927923055497,0.9180504322321831,inside_measured_classical_range
classical_projection,,,full_solution_vector,sparse_iterative,1000,21.47112230040726,0.0009033696835135921,,100000,0.49193927923055497,0.9180504322321831,inside_measured_classical_range
classical_projection,,,full_solution_vector,sparse_iterative,1000,23.050454641952303,0.0009354690364580576,,100000,0.49193927923055497,0.9180504322321831,inside_measured_classical_range
classical_projection,,,full_solution_vector,sparse_iterative,1000,24.7459565348674,0.0009687089727962949,,100000,0.49193927923055497,0.9180504322321831,inside_measured_classical_range
classical_projection,,,full_solution_vector,sparse_iterative,1000,26.56617296003502,0.0010031300207744794,,100000,0.49193927923055497,0.9180504322321831,inside_measured_classical_range
classical_projection,,,full_solution_vector,sparse_iterative,1000,28.520277433934204,0.001038774148725275,,100000,0.49193927923055497,0.9180504322321831,inside_measured_classical_range
classical_projection,,,full_solution_vector,sparse_iterative,1000,30.61811824127734,0.0010756848162383028,,100000,0.49193927923055497,0.9180504322321831,inside_measured_classical_range
classical_projection,,,full_solution_vector,sparse_iterative,1000,32.870268068339804,0.0011139070271488321,,100000,0.49193927923055497,0.9180504322321831,inside_measured_classical_range
classical_projection,,,full_solution_vector,sparse_iterative,1000,35.28807728712478,0.0011534873844093298,,100000,0.49193927923055497,0.9180504322321831,inside_measured_classical_range
classical_projection,,,full_solution_vector,sparse_iterative,1000,37.883731158903984,0.0011944741469107362,,100000,0.49193927923055497,0.9180504322321831,inside_measured_classical_range
classical_projection,,,full_solution_vector,sparse_iterative,1000,40.67031124542884,0.0012369172883227872,,100000,0.49193927923055497,0.9180504322321831,inside_measured_classical_range
classical_projection,,,full_solution_vector,sparse_iterative,1000,43.661861337311564,0.0012808685580250826,,100000,0.49193927923055497,0.9180504322321831,inside_measured_classical_range
classical_projection,,,full_solution_vector,sparse_iterative,1000,46.873458231842,0.0013263815442032345,,100000,0.49193927923055497,0.9180504322321831,inside_measured_classical_range
classical_projection,,,full_solution_vector,sparse_iterative,1000,50.32128771694554,0.001373511739186984,,100000,0.49193927923055497,0.9180504322321831,inside_measured_classical_range
classical_projection,,,full_solution_vector,sparse_iterative,1000,54.022726144225956,0.0014223166071099897,,100000,0.49193927923055497,0.9180504322321831,inside_measured_classical_range
classical_projection,,,full_solution_vector,sparse_iterative,1000,57.99642800220423,0.001472855653973755,,100000,0.49193927923055497,0.9180504322321831,inside_measured_classical_range
classical_projection,,,full_solution_vector,sparse_iterative,1000,62.26241993110458,0.0015251905002011286,,100000,0.49193927923055497,0.9180504322321831,inside_measured_classical_range
classical_projection,,,full_solution_vector,sparse_iterative,1000,66.84220165300304,0.00157938495576785,,100000,0.49193927923055497,0.9180504322321831,inside_measured_classical_range
classical_projection,,,full_solution_vector,sparse_iterative,1000,71.75885432600562,0.0016355050980037355,,100000,0.49193927923055497,0.9180504322321831,inside_measured_classical_range
classical_projection,,,full_solution_vector,sparse_iterative,1000,77.03715686853877,0.0016936193521583632,,100000,0.49193927923055497,0.9180504322321831,inside_measured_classical_range
classical_projection,,,full_solution_vector,sparse_iterative,1000,82.70371084000278,0.0017537985748294883,,100000,0.49193927923055497,0.9180504322321831,inside_measured_classical_range
classical_projection,,,full_solution_vector,sparse_iterative,1000,88.78707450716085,0.0018161161403559207,,100000,0.49193927923055497,0.9180504322321831,inside_measured_classical_range
classical_projection,,,full_solution_vector,sparse_iterative,1000,95.31790677193109,0.0018806480302801926,,100000,0.49193927923055497,0.9180504322321831,inside_measured_classical_range
classical_projection,,,full_solution_vector,sparse_iterative,1000,102.32912168594753,0.0019474729259900886,,100000,0.49193927923055497,0.9180504322321831,inside_measured_classical_range
classical_projection,,,full_solution_vector,sparse_iterative,1000,109.85605433061183,0.0020166723046519982,,100000,0.49193927923055497,0.9180504322321831,inside_measured_classical_range
classical_projection,,,full_solution_vector,sparse_iterative,1000,117.93663889863747,0.002088330538553065,,100000,0.49193927923055497,0.9180504322321831,inside_measured_classical_range
classical_projection,,,full_solution_vector,sparse_iterative,1000,126.6115998745807,0.002162534997973262,,100000,0.49193927923055497,0.9180504322321831,inside_measured_classical_range
classical_projection,,,full_solution_vector,sparse_iterative,1000,135.9246572778676,0.0022393761577127764,,100000,0.49193927923055497,0.9180504322321831,inside_measured_classical_range
classical_projection,,,full_solution_vector,sparse_iterative,1000,145.92274700270173,0.0023189477074046583,,100000,0.49193927923055497,0.9180504322321831,inside_measured_classical_range
classical_projection,,,full_solution_vector,sparse_iterative,1000,156.65625736531982,0.0024013466657471887,,100000,0.49193927923055497,0.9180504322321831,inside_measured_classical_range
classical_projection,,,full_solution_vector,sparse_iterative,1000,168.17928305074292,0.0024866734987952365,,100000,0.49193927923055497,0.9180504322321831,inside_measured_classical_range
classical_projection,,,full_solution_vector,sparse_iterative,1000,180.5498977388656,0.002575032242454887,,100000,0.49193927923055497,0.9180504322321831,inside_measured_classical_range
classical_projection,,,full_solution_vector,sparse_iterative,1000,193.83044678386045,0.002666530629330623,,100000,0.49193927923055497,0.9180504322321831,inside_measured_classical_range
classical_projection,,,full_solution_vector,sparse_iterative,1000,208.08786142194228,0.0027612802200797783,,100000,0.49193927923055497,0.9180504322321831,inside_measured_classical_range
classical_projection,,,full_solution_vector,sparse_iterative,1000,223.3939960910361,0.0028593965394344096,,100000,0.49193927923055497,0.9180504322321831,inside_measured_classical_range
classical_projection,,,full_solution_vector,sparse_iterative,1000,239.82599056236668,0.002960999217056375,,100000,0.49193927923055497,0.9180504322321831,inside_measured_classical_range
classical_projection,,,full_solution_vector,sparse_iterative,1000,257.4666587090447,0.0030662121333974437,,100000,0.49193927923055497,0.9180504322321831,inside_measured_classical_range
classical_projection,,,full_solution_vector,sparse_iterative,1000,276.4049058709558,0.003175163570742248,,100000,0.49193927923055497,0.9180504322321831,inside_measured_classical_range
classical_projection,,,full_solution_vector,sparse_iterative,1000,296.7361769193925,0.0032879863696181756,,100000,0.49193927923055497,0.9180504322321831,inside_measured_classical_range
classical_projection,,,full_solution_vector,sparse_iterative,1000,318.56293727957825,0.003404818090763019,,100000,0.49193927923055497,0.9180504322321831,inside_measured_classical_range
classical_projection,,,full_solution_vector,sparse_iterative,1000,341.99518933533966,0.0035258011828477763,,100000,0.49193927923055497,0.9180504322321831,inside_measured_classical_range
classical_projection,,,full_solution_vector,sparse_iterative,1000,367.15102681850044,0.003651083156159133,,100000,0.49193927923055497,0.9180504322321831,inside_measured_classical_range
classical_projection,,,full_solution_vector,sparse_iterative,1000,394.1572299770066,0.003780816762453418,,100000,0.49193927923055497,0.9180504322321831,inside_measured_classical_range
classical_projection,,,full_solution_vector,sparse_iterative,1000,423.14990452130263,0.003915160181201224,,100000,0.49193927923055497,0.9180504322321831,inside_measured_classical_range
classical_projection,,,full_solution_vector,sparse_iterative,1000,454.2751675691273,0.0040542772124499285,,100000,0.49193927923055497,0.9180504322321831,inside_measured_classical_range
classical_projection,,,full_solution_vector,sparse_iterative,1000,487.68988404573685,0.004198337476539115,,100000,0.49193927923055497,0.9180504322321831,inside_measured_classical_range
classical_projection,,,full_solution_vector,sparse_iterative,1000,523.5624572508727,0.0043475166209124925,,100000,0.49193927923055497,0.9180504322321831,inside_measured_classical_range
classical_projection,,,full_solution_vector,sparse_iterative,1000,562.073677576762,0.004501996534278436,,100000,0.49193927923055497,0.9180504322321831,inside_measured_classical_range
classical_projection,,,full_solution_vector,sparse_iterative,1000,603.4176336545162,0.004661965568380282,,100000,0.49193927923055497,0.9180504322321831,inside_measured_classical_range
classical_projection,,,full_solution_vector,sparse_iterative,1000,647.8026905209233,0.004827618767646769,,100000,0.49193927923055497,0.9180504322321831,inside_measured_classical_range
classical_projection,,,full_solution_vector,sparse_iterative,1000,695.4525397353804,0.004999158107002608,,100000,0.49193927923055497,0.9180504322321831,inside_measured_classical_range
classical_projection,,,full_solution_vector,sparse_iterative,1000,746.6073267393598,0.005176792738129177,,100000,0.49193927923055497,0.9180504322321831,inside_measured_classical_range
classical_projection,,,full_solution_vector,sparse_iterative,1000,801.5248611400461,0.0053607392444755455,,100000,0.49193927923055497,0.9180504322321831,inside_measured_classical_range
classical_projection,,,full_solution_vector,sparse_iterative,1000,860.4819160177441,0.005551221905330832,,100000,0.49193927923055497,0.9180504322321831,inside_measured_classical_range
classical_projection,,,full_solution_vector,sparse_iterative,1000,923.7756228052879,0.00574847296927976,,100000,0.49193927923055497,0.9180504322321831,inside_measured_classical_range
classical_projection,,,full_solution_vector,sparse_iterative,1000,991.7249687693615,0.00595273293737493,,100000,0.49193927923055497,0.9180504322321831,inside_measured_classical_range
classical_projection,,,full_solution_vector,sparse_iterative,1000,1064.6724046407257,0.006164250856370999,,100000,0.49193927923055497,0.9180504322321831,inside_measured_classical_range
classical_projection,,,full_solution_vector,sparse_iterative,1000,1142.9855704954857,0.0063832846223783775,,100000,0.49193927923055497,0.9180504322321831,inside_measured_classical_range
classical_projection,,,full_solution_vector,sparse_iterative,1000,1227.059148585466,0.006610101295306515,,100000,0.49193927923055497,0.9180504322321831,inside_measured_classical_range
classical_projection,,,full_solution_vector,sparse_iterative,1000,1317.3168524556074,0.006844977424480402,,100000,0.49193927923055497,0.9180504322321831,inside_measured_classical_range
classical_projection,,,full_solution_vector,sparse_iterative,1000,1414.213562373095,0.007088199385827063,,100000,0.49193927923055497,0.9180504322321831,inside_measured_classical_range
classical_projection,,,full_solution_vector,sparse_iterative,1000,1518.2376178303682,0.007340063731043362,,100000,0.49193927923055497,0.9180504322321831,inside_measured_classical_range
classical_projection,,,full_solution_vector,sparse_iterative,1000,1629.9132786757411,0.007600877549170662,,100000,0.49193927923055497,0.9180504322321831,inside_measured_classical_range
classical_projection,,,full_solution_vector,sparse_iterative,1000,1749.8033672752315,0.007870958841017359,,100000,0.49193927923055497,0.9180504322321831,inside_measured_classical_range
classical_projection,,,full_solution_vector,sparse_iterative,1000,1878.5121050215455,0.008150636906885686,,100000,0.49193927923055497,0.9180504322321831,inside_measured_classical_range
classical_projection,,,full_solution_vector,sparse_iterative,1000,2016.6881574856552,0.00844025274807566,,100000,0.49193927923055497,0.9180504322321831,inside_measured_classical_range
classical_projection,,,full_solution_vector,sparse_iterative,1000,2165.0279035578724,0.008740159482655488,,100000,0.49193927923055497,0.9180504322321831,inside_measured_classical_range
classical_projection,,,full_solution_vector,sparse_iterative,1000,2324.2789450542714,0.009050722776005642,,100000,0.49193927923055497,0.9180504322321831,inside_measured_classical_range
classical_projection,,,full_solution_vector,sparse_iterative,1000,2495.243874476092,0.009372321286661373,,100000,0.49193927923055497,0.9180504322321831,inside_measured_classical_range
classical_projection,,,full_solution_vector,sparse_iterative,1000,2678.784319910912,0.009705347127997284,,100000,0.49193927923055497,0.9180504322321831,inside_measured_classical_range
classical_projection,,,full_solution_vector,sparse_iterative,1000,2875.825287461022,0.010050206346316893,,100000,0.49193927923055497,0.9180504322321831,inside_measured_classical_range
classical_projection,,,full_solution_vector,sparse_iterative,1000,3087.3598230839743,0.010407319415930183,,100000,0.49193927923055497,0.9180504322321831,inside_measured_classical_range
classical_projection,,,full_solution_vector,sparse_iterative,1000,3314.454017339988,0.010777121751822612,,100000,0.49193927923055497,0.9180504322321831,inside_measured_classical_range
classical_projection,,,full_solution_vector,sparse_iterative,1000,3558.252378269153,0.011160064240540769,,100000,0.49193927923055497,0.9180504322321831,inside_measured_classical_range
classical_projection,,,full_solution_vector,sparse_iterative,1000,3819.9835994765963,0.011556613789941965,,100000,0.49193927923055497,0.9180504322321831,inside_measured_classical_range
classical_projection,,,full_solution_vector,sparse_iterative,1000,4100.9667524955985,0.011967253898478043,,100000,0.49193927923055497,0.9180504322321831,inside_measured_classical_range
classical_projection,,,full_solution_vector,sparse_iterative,1000,4402.61793463685,0.012392485244707404,,100000,0.49193927923055497,0.9180504322321831,inside_measured_classical_range
classical_projection,,,full_solution_vector,sparse_iterative,1000,4726.457405827713,0.012832826297754207,,100000,0.49193927923055497,0.9180504322321831,inside_measured_classical_range
classical_projection,,,full_solution_vector,sparse_iterative,1000,5074.1172504096185,0.013288813949458937,,100000,0.49193927923055497,0.9180504322321831,inside_measured_classical_range
classical_projection,,,full_solution_vector,sparse_iterative,1000,5447.349602507558,0.013761004168991151,,100000,0.49193927923055497,0.9180504322321831,inside_measured_classical_range
classical_projection,,,full_solution_vector,sparse_iterative,1000,5848.0354764257345,0.014249972680722317,,100000,0.49193927923055497,0.9180504322321831,inside_measured_classical_range
classical_projection,,,full_solution_vector,sparse_iterative,1000,6278.194246572864,0.014756315666185824,,100000,0.49193927923055497,0.9180504322321831,inside_measured_classical_range
classical_projection,,,full_solution_vector,sparse_iterative,1000,6739.993824693961,0.015280650490979293,,100000,0.49193927923055497,0.9180504322321831,inside_measured_classical_range
classical_projection,,,full_solution_vector,sparse_iterative,1000,7235.761585699688,0.015823616457496126,,100000,0.49193927923055497,0.9180504322321831,inside_measured_classical_range
classical_projection,,,full_solution_vector,sparse_iterative,1000,7767.996097157341,0.016385875584403572,,100000,0.49193927923055497,0.9180504322321831,inside_measured_classical_range
classical_projection,,,full_solution_vector,sparse_iterative,1000,8339.37971155757,0.01696811341381811,,100000,0.49193927923055497,0.9180504322321831,inside_measured_classical_range
classical_projection,,,full_solution_vector,sparse_iterative,1000,8952.792084819384,0.01757103984716202,,100000,0.49193927923055497,0.9180504322321831,inside_measured_classical_range
classical_projection,,,full_solution_vector,sparse_iterative,1000,9611.324689163757,0.018195390010720305,,100000,0.49193927923055497,0.9180504322321831,inside_measured_classical_range
classical_projection,,,full_solution_vector,sparse_iterative,1000,10318.296393497933,0.01884192515195357,,100000,0.49193927923055497,0.9180504322321831,inside_measured_classical_range
classical_projection,,,full_solution_vector,sparse_iterative,1000,11077.270189832267,0.01951143356765927,,100000,0.49193927923055497,0.9180504322321831,inside_measured_classical_range
classical_projection,,,full_solution_vector,sparse_iterative,1000,11892.071150027212,0.020204731565113425,,100000,0.49193927923055497,0.9180504322321831,inside_measured_classical_range
classical_projection,,,full_solution_vector,sparse_iterative,1000,12766.805703368957,0.020922664457364397,,100000,0.49193927923055497,0.9180504322321831,inside_measured_classical_range
classical_projection,,,full_solution_vector,sparse_iterative,1000,13705.882332128594,0.021666107593892297,,100000,0.49193927923055497,0.9180504322321831,inside_measured_classical_range
classical_projection,,,full_solution_vector,sparse_iterative,1000,14714.03378940621,0.022435967427890863,,100000,0.49193927923055497,0.9180504322321831,inside_measured_classical_range
classical_projection,,,full_solution_vector,sparse_iterative,1000,15796.340951233286,0.023233182621472843,,100000,0.49193927923055497,0.9180504322321831,inside_measured_classical_range
classical_projection,,,full_solution_vector,sparse_iterative,1000,16958.258423143077,0.024058725190146676,,100000,0.49193927923055497,0.9180504322321831,inside_measured_classical_range
classical_projection,,,full_solution_vector,sparse_iterative,1000,18205.642030260795,0.0249136016879595,,100000,0.49193927923055497,0.9180504322321831,inside_measured_classical_range
classical_projection,,,full_solution_vector,sparse_iterative,1000,19544.77832945822,0.025798854434752178,,100000,0.49193927923055497,0.9180504322321831,inside_measured_classical_range
classical_projection,,,full_solution_vector,sparse_iterative,1000,20982.416292307353,0.026715562787021713,,100000,0.49193927923055497,0.9180504322321831,inside_measured_classical_range
classical_projection,,,full_solution_vector,sparse_iterative,1000,22525.801318509457,0.027664844453941538,,100000,0.49193927923055497,0.9180504322321831,inside_measured_classical_range
classical_projection,,,full_solution_vector,sparse_iterative,1000,24182.71175121954,0.0286478568601437,,100000,0.49193927923055497,0.9180504322321831,inside_measured_classical_range
classical_projection,,,full_solution_vector,sparse_iterative,1000,25961.498078296536,0.029665798556924604,,100000,0.49193927923055497,0.9180504322321831,inside_measured_classical_range
classical_projection,,,full_solution_vector,sparse_iterative,1000,27871.12501704466,0.030719910683595066,,100000,0.49193927923055497,0.9180504322321831,inside_measured_classical_range
classical_projection,,,full_solution_vector,sparse_iterative,1000,29921.216694545317,0.0318114784807563,,100000,0.49193927923055497,0.9180504322321831,inside_measured_classical_range
classical_projection,,,full_solution_vector,sparse_iterative,1000,32122.10515127851,0.0329418328573471,,100000,0.49193927923055497,0.9180504322321831,inside_measured_classical_range
classical_projection,,,full_solution_vector,sparse_iterative,1000,34484.882412482155,0.03411235201337284,,100000,0.49193927923055497,0.9180504322321831,inside_measured_classical_range
classical_projection,,,full_solution_vector,sparse_iterative,1000,37021.456389678395,0.03532446312029444,,100000,0.49193927923055497,0.9180504322321831,inside_measured_classical_range
classical_projection,,,full_solution_vector,sparse_iterative,1000,39744.61089409894,0.03657964406112687,,100000,0.49193927923055497,0.9180504322321831,inside_measured_classical_range
classical_projection,,,full_solution_vector,sparse_iterative,1000,42668.07006446487,0.03787942523236801,,100000,0.49193927923055497,0.9180504322321831,inside_measured_classical_range
classical_projection,,,full_solution_vector,sparse_iterative,1000,45806.56753382357,0.039225391409955526,,100000,0.49193927923055497,0.9180504322321831,inside_measured_classical_range
classical_projection,,,full_solution_vector,sparse_iterative,1000,49175.92068402954,0.04061918368152673,,100000,0.49193927923055497,0.9180504322321831,inside_measured_classical_range
classical_projection,,,full_solution_vector,sparse_iterative,1000,52793.110362096275,0.04206250144733677,,100000,0.49193927923055497,0.9180504322321831,inside_measured_classical_range
classical_projection,,,full_solution_vector,sparse_iterative,1000,56676.366460173245,0.04355710449227591,,100000,0.49193927923055497,0.9180504322321831,inside_measured_classical_range
classical_projection,,,full_solution_vector,sparse_iterative,1000,60845.25979045401,0.04510481513151111,,100000,0.49193927923055497,0.9180504322321831,inside_measured_classical_range
classical_projection,,,full_solution_vector,sparse_iterative,1000,65320.800718044535,0.04670752043236866,,100000,0.49193927923055497,0.9180504322321831,inside_measured_classical_range
classical_projection,,,full_solution_vector,sparse_iterative,1000,70125.5450488831,0.04836717451516675,,100000,0.49193927923055497,0.9180504322321831,inside_measured_classical_range
classical_projection,,,full_solution_vector,sparse_iterative,1000,75283.70770636441,0.05008580093580364,,100000,0.49193927923055497,0.9180504322321831,inside_measured_classical_range
classical_projection,,,full_solution_vector,sparse_iterative,1000,80821.28476957318,0.05186549515300549,,100000,0.49193927923055497,0.9180504322321831,inside_measured_classical_range
classical_projection,,,full_solution_vector,sparse_iterative,1000,86766.18448817743,0.053708427083242985,,100000,0.49193927923055497,0.9180504322321831,inside_measured_classical_range
classical_projection,,,full_solution_vector,sparse_iterative,1000,93148.36793426787,0.05561684374643202,,100000,0.49193927923055497,0.9180504322321831,inside_measured_classical_range
classical_projection,,,full_solution_vector,sparse_iterative,1000,100000.0,0.0575930720056428,,100000,0.49193927923055497,0.9180504322321831,inside_measured_classical_range
